timestamp,node,message_id,direction,status,payload
0.0014,ABS_ECU,0x1AF,TX,OK,06 B7 33 02 0A 02 C9 9C
0.0037,STEERING_ECU,0x1C7,TX,OK,24 BA 81 5C 37 E4 D9 13
0.0079,ENGINE_ECU,0x186,RX,OK,16 34 DA FF EA 97 1C D1
0.0119,ENGINE_ECU,0x1BE,TX,OK,75 AC 15 2F 40 81 06 A1
0.0143,STEERING_ECU,0x1D1,TX,TIMEOUT,65 01 A1 F8 DC 08 BD FD
0.0162,ABS_ECU,0x156,TX,TIMEOUT,6E 9D DE 27 3F 92 CA B1
0.0187,DASHBOARD,0x16D,RX,CRC_FAIL,7D 81 7C 3C 33 6E E9 43
0.0226,DASHBOARD,0x166,TX,TIMEOUT,0B E2 D4 2A 23 12 84 1C
0.0249,ENGINE_ECU,0x12A,RX,CRC_FAIL,63 5C E8 9F F7 6D EC FA
0.0281,DASHBOARD,0x1EA,RX,ERROR,09 B2 83 78 1A D8 55 7D
0.0313,AIRBAG_ECU,0x1FD,TX,OK,4A 0C C7 03 F7 97 56 80
0.0357,DASHBOARD,0x1D8,TX,OK,7A 98 4A 94 54 2B 01 D5
0.037,DASHBOARD,0x102,RX,TIMEOUT,0A 41 08 E8 50 99 A5 99
0.0397,AIRBAG_ECU,0x1CC,TX,OK,D2 72 D0 A3 85 95 EC 20
0.0445,AIRBAG_ECU,0x1AE,RX,OK,20 21 85 E8 B6 22 89 F7
0.0461,ENGINE_ECU,0x114,RX,OK,18 A8 41 A9 9F AB 76 48
0.0475,ENGINE_ECU,0x160,RX,OK,76 DD 89 EF CB 9D FF 51
0.0519,ENGINE_ECU,0x18B,TX,TIMEOUT,1E 90 6B 65 48 7F 28 55
0.0561,ABS_ECU,0x1D5,RX,OK,AD 5D A0 68 39 E3 45 60
0.059,DASHBOARD,0x19C,RX,OK,0B 6E 9A D6 D8 55 04 71
0.0629,DASHBOARD,0x17D,RX,OK,7E DA 0F B0 BF 09 00 BD
0.0656,AIRBAG_ECU,0x180,RX,OK,94 DE C3 40 CB 4E 0C 16
0.0701,AIRBAG_ECU,0x118,TX,OK,72 47 8F C4 C4 A2 76 12
0.074,AIRBAG_ECU,0x13C,TX,OK,66 28 C7 E7 C5 10 5A 9E
0.0773,ABS_ECU,0x1F8,RX,ERROR,2A DD 21 5F 51 A5 4D 51
0.0819,ABS_ECU,0x1B3,TX,CRC_FAIL,69 75 5B 3C 83 F9 7F 6A
0.0834,ENGINE_ECU,0x11C,RX,ERROR,4A 21 1F 0D CE 3A 9C 84
0.0877,AIRBAG_ECU,0x197,TX,TIMEOUT,64 22 64 8E 9B 41 00 D2
0.0901,DASHBOARD,0x1CB,RX,OK,11 04 80 3E 9A 0A D0 87
0.0917,ENGINE_ECU,0x127,TX,CRC_FAIL,1B 72 E0 C8 A5 61 1A 24
0.0933,STEERING_ECU,0x177,RX,OK,4B D1 9F 62 7A 9D 29 6F
0.0978,STEERING_ECU,0x164,TX,OK,96 7D C7 13 0A 68 69 C3
0.0998,DASHBOARD,0x1B0,RX,ERROR,84 2A C3 C5 19 30 9D DE
0.1015,DASHBOARD,0x177,RX,OK,48 78 A8 C4 F1 6A 18 F3
0.1061,STEERING_ECU,0x14C,RX,OK,B6 19 46 77 0F 99 51 2D
0.1091,ENGINE_ECU,0x1EC,RX,OK,7A E0 2B 18 8A 86 5D 79
0.1129,DASHBOARD,0x1C0,RX,OK,0F EE 9A 9A F4 85 05 64
0.1158,AIRBAG_ECU,0x169,RX,OK,A6 07 5A 24 D2 1B F5 EE
0.1203,STEERING_ECU,0x167,TX,OK,AE FE A7 F3 4E 96 E0 C4
0.1239,ABS_ECU,0x133,TX,OK,40 9B 71 19 1F 66 93 3F
0.1264,ABS_ECU,0x162,RX,OK,7F C0 92 02 48 FE AC 37
0.1275,STEERING_ECU,0x178,RX,OK,89 12 6C 31 63 70 1F C2
0.1286,DASHBOARD,0x168,RX,OK,7A 51 65 4F 9D C9 AA 5B
0.1332,ENGINE_ECU,0x172,TX,OK,58 66 F2 36 8C 00 B4 AF
0.1344,ENGINE_ECU,0x16F,TX,OK,75 9E 4D 97 05 EA 61 D6
0.137,DASHBOARD,0x157,RX,OK,5B EE 52 65 93 59 FC 4B
0.1384,AIRBAG_ECU,0x1C6,TX,OK,34 4C 07 6D 22 B3 44 C2
0.1406,ABS_ECU,0x152,TX,ERROR,64 FE 38 FC A8 70 9B 6A
0.1434,AIRBAG_ECU,0x1BA,RX,OK,0F F3 01 51 97 21 2C 90
0.1445,STEERING_ECU,0x1D3,TX,OK,7D 5C A3 7C 7F 53 F0 F2
0.1477,ENGINE_ECU,0x1DB,RX,OK,B1 46 D1 B4 9E 03 21 74
0.1506,DASHBOARD,0x170,TX,CRC_FAIL,FE 86 19 07 7F 53 40 38
0.1522,STEERING_ECU,0x1F6,TX,OK,DC 1B 76 90 36 59 61 95
0.1555,AIRBAG_ECU,0x1B1,TX,OK,73 A8 6E 1D A2 82 A7 F9
0.1571,STEERING_ECU,0x11A,RX,OK,7D 64 4F AE 9D 42 A2 17
0.1592,ABS_ECU,0x1C9,TX,OK,C0 77 66 64 8D 0B 57 31
0.1603,AIRBAG_ECU,0x173,TX,OK,13 EF 0F 7C 95 27 59 A8
0.1634,ABS_ECU,0x1BC,TX,ERROR,79 01 0A 50 1D DF 97 CF
0.1676,ABS_ECU,0x14A,RX,ERROR,6B D2 6B 36 E7 D8 4C 56
0.1694,DASHBOARD,0x159,RX,ERROR,1C 55 D5 54 AB F6 58 B4
0.172,STEERING_ECU,0x167,TX,OK,74 47 E7 8E C1 34 7F 82
0.1755,DASHBOARD,0x1E6,TX,TIMEOUT,E4 E0 C4 3A A8 99 31 BC
0.1766,ENGINE_ECU,0x11C,TX,OK,AA 27 3F FC 82 E8 CF 03
0.1778,STEERING_ECU,0x188,RX,OK,02 41 DE 03 2E 0C 8E 20
0.1827,AIRBAG_ECU,0x12A,TX,ERROR,36 A9 53 5E 6B C5 92 00
0.1854,ENGINE_ECU,0x19A,TX,OK,E7 C1 67 F7 AF A5 49 3C
0.1869,STEERING_ECU,0x1D1,RX,OK,54 F0 7D CE 74 6A ED 92
0.191,AIRBAG_ECU,0x13A,TX,OK,43 DD 02 A2 C5 99 8B 39
0.1921,AIRBAG_ECU,0x10F,RX,CRC_FAIL,21 32 31 07 D1 71 24 21
0.1932,STEERING_ECU,0x1A9,RX,ERROR,72 77 0B 09 21 35 5A 6F
0.1974,STEERING_ECU,0x169,TX,OK,4D AD 02 4C 7A 90 CB 2A
0.1985,ENGINE_ECU,0x183,TX,OK,09 88 12 80 E6 75 1C D4
0.202,DASHBOARD,0x114,RX,CRC_FAIL,88 13 BA 0D EA 16 A9 51
0.2052,STEERING_ECU,0x16B,TX,OK,3F 95 D1 91 62 0A 21 38
0.2091,DASHBOARD,0x121,TX,OK,41 43 A5 14 19 A5 20 3A
0.2129,ABS_ECU,0x1C6,TX,OK,97 6C 1B 75 0B 59 D4 48
0.2142,DASHBOARD,0x1D5,TX,OK,AF 2C CC 6A 6B DF 6C CC
0.2157,STEERING_ECU,0x182,TX,OK,87 1D DE E6 C3 E2 E8 DE
0.218,ENGINE_ECU,0x1A4,TX,CRC_FAIL,9A 3E 41 7C 75 67 95 D2
0.2228,DASHBOARD,0x1BB,TX,OK,BE 62 C3 1B 12 CC C3 95
0.224,ABS_ECU,0x197,RX,CRC_FAIL,86 ED 00 EB 8A 81 9D 2A
0.2252,STEERING_ECU,0x1EB,RX,OK,20 B3 A4 A0 FA BA 4F 6E
0.2263,AIRBAG_ECU,0x112,TX,OK,B8 09 85 E3 E2 77 0D D9
0.2283,DASHBOARD,0x1B9,TX,OK,3F 1F 4E 84 ED 04 61 ED
0.2304,AIRBAG_ECU,0x186,TX,ERROR,13 DC 34 DB 0E 77 45 F1
0.2322,ENGINE_ECU,0x175,TX,OK,E4 F8 37 9D 1F B6 4E E2
0.2358,AIRBAG_ECU,0x1C0,RX,ERROR,90 04 4A 21 4E 44 02 BD
0.2396,ENGINE_ECU,0x12F,RX,OK,C2 8F A9 35 1D B9 83 6B
0.2423,DASHBOARD,0x16F,RX,OK,5F 7F 44 93 4C 6D 8A 77
0.2447,STEERING_ECU,0x1C1,TX,OK,3F 26 45 84 BD 83 11 DF
0.247,ABS_ECU,0x191,TX,OK,71 EA 40 BD 75 A2 01 87
0.2498,ENGINE_ECU,0x152,TX,OK,E1 81 E7 DE 34 85 50 DD
0.2516,ABS_ECU,0x192,TX,OK,D0 7A 94 62 74 6A 70 ED
0.2549,AIRBAG_ECU,0x186,RX,OK,6B C1 FD 4C A8 14 A8 45
0.2574,ENGINE_ECU,0x1D9,TX,OK,B2 9E C1 7B 7B F7 EE 48
0.2599,ABS_ECU,0x1FB,TX,OK,A8 EF 5A CC 5B 93 EE A4
0.2629,DASHBOARD,0x166,TX,OK,5F 62 13 19 8B 96 7F 54
0.2663,AIRBAG_ECU,0x1E6,RX,OK,92 9C A5 4A F7 FD 0C 46
0.2706,ENGINE_ECU,0x18B,RX,OK,F0 83 07 86 A1 FC 17 0E
0.2733,ABS_ECU,0x170,RX,OK,AC 59 5E 1E A8 DA 85 FC
0.2762,ABS_ECU,0x1A1,RX,TIMEOUT,01 E2 F4 BA D4 CE F9 53
0.2808,ENGINE_ECU,0x11A,TX,OK,59 DC B2 6E 16 38 EF A6
0.284,AIRBAG_ECU,0x1FA,RX,OK,91 32 42 52 BE 8D F1 CC
0.2862,DASHBOARD,0x19B,TX,ERROR,DB 38 C6 42 C2 FF 78 14
0.2884,AIRBAG_ECU,0x1C6,TX,CRC_FAIL,06 E0 68 73 96 6B 1E 5C
0.2913,ABS_ECU,0x173,RX,ERROR,79 0D 96 E7 73 D4 6C FD
0.2955,AIRBAG_ECU,0x1C7,TX,ERROR,89 6E 83 C9 35 45 F5 B0
0.2982,STEERING_ECU,0x179,TX,OK,3B FD 9C 3C 9C 81 23 3B
0.2994,ABS_ECU,0x1C1,RX,OK,C6 94 5F 62 FF E0 9A 4D
0.3036,DASHBOARD,0x1B6,TX,ERROR,A5 A6 E0 4C 19 0D EE 6C
0.3063,DASHBOARD,0x1FB,TX,OK,0A 09 7E 59 AA 1E DB 6B
0.309,ABS_ECU,0x197,TX,CRC_FAIL,75 68 F0 E3 5C 5D A3 1D
0.3102,ENGINE_ECU,0x166,TX,OK,9F 04 EC 01 26 5D 85 64
0.3136,ABS_ECU,0x1BB,TX,OK,B9 89 F6 C0 A9 3F 1A 4A
0.3171,ENGINE_ECU,0x113,RX,OK,89 87 5D CC 69 0E 33 03
0.3188,ENGINE_ECU,0x10E,TX,OK,29 79 4B E0 4C A1 D9 A0
0.3199,DASHBOARD,0x1CF,TX,OK,D1 AB 12 CE 82 C1 C7 9E
0.324,STEERING_ECU,0x10E,TX,OK,50 CE 20 19 66 45 B2 9D
0.3262,STEERING_ECU,0x1F4,TX,TIMEOUT,75 C9 5A D8 6B BF 45 A7
0.3304,STEERING_ECU,0x168,TX,OK,93 7B 5B EF 8C CE 23 FD
0.3342,STEERING_ECU,0x15E,TX,OK,2D 62 23 08 80 DB AE 01
0.337,ENGINE_ECU,0x10A,TX,OK,30 44 25 75 7D AF 2B 26
0.3404,AIRBAG_ECU,0x1AA,TX,OK,74 B3 E9 F0 0A FE 53 20
0.3427,STEERING_ECU,0x184,RX,OK,E1 FF F4 48 51 B8 D7 65
0.3456,DASHBOARD,0x149,RX,OK,45 AE C7 B2 B2 23 62 AE
0.3478,AIRBAG_ECU,0x1F3,RX,OK,AE 27 D8 53 5E E2 73 A3
0.3517,STEERING_ECU,0x174,RX,OK,3B 3E 0A 52 15 90 ED BE
0.3531,ABS_ECU,0x140,TX,OK,54 77 47 EF CD FA B8 3B
0.3575,DASHBOARD,0x1AA,RX,ERROR,33 F8 44 4A 4C EE 7C 29
0.3622,DASHBOARD,0x135,TX,OK,1F 5D FA 84 CE D3 B1 95
0.3633,ENGINE_ECU,0x186,RX,OK,5F D9 1D CF 8A D9 35 4E
0.3645,STEERING_ECU,0x160,TX,OK,C4 59 76 01 65 9C A1 8B
0.3682,STEERING_ECU,0x144,RX,OK,09 1F 33 C9 4B D1 4A 3F
0.37,AIRBAG_ECU,0x16F,TX,OK,A7 2B 3C 65 B4 33 62 29
0.372,ENGINE_ECU,0x1BB,RX,OK,14 50 51 EF 9A 38 FC 26
0.3759,ABS_ECU,0x1E0,RX,OK,95 BD 62 6B 5F 57 9A 8E
0.3778,ENGINE_ECU,0x101,TX,OK,7D FD 7E D4 EC 67 82 38
0.3796,DASHBOARD,0x1C9,RX,OK,45 E7 4A B4 2E E8 88 5E
0.3816,ABS_ECU,0x1B5,TX,OK,DF 68 E3 43 12 0B 22 FE
0.3841,STEERING_ECU,0x100,TX,OK,37 C2 CE C3 12 04 CB A0
0.3875,ABS_ECU,0x1C1,RX,OK,37 37 BD ED 60 3E 46 75
0.3912,STEERING_ECU,0x17B,TX,TIMEOUT,F2 FF 9F 4C 3B 72 F3 F7
0.3935,DASHBOARD,0x16E,RX,CRC_FAIL,2F C6 6B F6 5F D3 DD 19
0.397,ABS_ECU,0x15B,TX,CRC_FAIL,43 A7 BB 00 5A A1 9E 91
0.3993,ABS_ECU,0x156,RX,OK,2D DE 48 FD 84 73 4E 1A
0.4026,ABS_ECU,0x140,RX,OK,C7 24 EF 78 FE 7C 2C 17
0.4053,DASHBOARD,0x1EB,RX,OK,15 8B 55 64 D1 B9 25 9C
0.4077,AIRBAG_ECU,0x1ED,RX,TIMEOUT,EC 1F CF 15 20 D2 BE 87
0.4088,ENGINE_ECU,0x1CE,TX,TIMEOUT,A2 E9 F3 20 58 44 BA 18
0.412,AIRBAG_ECU,0x12A,RX,OK,29 A9 C3 22 9A C4 02 76
0.4146,ENGINE_ECU,0x1E6,RX,OK,A2 FA 3F 29 FF 53 91 E5
0.419,ABS_ECU,0x17C,TX,CRC_FAIL,40 BA 14 7F E6 94 D3 B1
0.4214,STEERING_ECU,0x1FD,RX,ERROR,31 5A 55 1B 8B 48 8C 02
0.4233,STEERING_ECU,0x12F,TX,OK,C6 99 13 5D 1C B5 42 AC
0.4264,ENGINE_ECU,0x1F1,RX,OK,D0 CC 0A 14 E4 CB 85 38
0.4284,AIRBAG_ECU,0x1D0,RX,OK,AF 67 15 42 31 31 91 DF
0.431,AIRBAG_ECU,0x124,TX,OK,71 2B 31 55 C0 B0 E9 30
0.4355,DASHBOARD,0x159,TX,TIMEOUT,6C 62 CB BB 0A 78 D4 BD
0.4388,AIRBAG_ECU,0x1A3,RX,OK,A3 78 FC 7B 72 88 E9 68
0.4432,ABS_ECU,0x110,TX,OK,4D 8A F6 3B E6 F3 EA 43
0.4467,ABS_ECU,0x168,RX,OK,81 CA 7D 53 46 EA 87 42
0.4489,STEERING_ECU,0x153,TX,OK,98 7A 24 95 0D 76 F3 75
0.4533,DASHBOARD,0x182,TX,OK,29 5D 3D 89 F0 48 9B 45
0.4565,ENGINE_ECU,0x1C6,TX,OK,01 D5 BC 72 16 33 B1 2D
0.4592,DASHBOARD,0x13E,TX,OK,B1 65 0F 08 68 97 CF 2A
0.463,AIRBAG_ECU,0x126,RX,OK,79 8F 2C 1D 32 C6 EC A8
0.4649,AIRBAG_ECU,0x1E7,RX,OK,0E BB E6 BB CE F1 DE 50
0.4683,ABS_ECU,0x151,RX,CRC_FAIL,B3 AA 61 FE 1C 1F 50 A2
0.4729,DASHBOARD,0x191,TX,OK,CA C1 13 DA 70 39 B1 EE
0.4754,AIRBAG_ECU,0x106,RX,TIMEOUT,0F 7B D4 5C F8 03 B4 0A
0.48,AIRBAG_ECU,0x1BC,TX,OK,6B 49 A3 DE 7A C3 A5 A8
0.4839,STEERING_ECU,0x167,TX,OK,BE F3 BF 53 1C 57 D0 00
0.4878,ABS_ECU,0x151,RX,OK,DA 28 5C 7F 4C F7 8B 09
0.4902,ENGINE_ECU,0x160,TX,OK,84 2E 8C AF E3 21 DE 50
0.4945,ENGINE_ECU,0x19A,TX,OK,F5 D9 D2 44 04 9D 21 7B
0.4965,ABS_ECU,0x107,RX,CRC_FAIL,30 7C C3 E3 19 33 77 C0
0.4995,AIRBAG_ECU,0x1D0,RX,OK,B1 A6 54 0B A6 0E 4D 3B
0.5008,ENGINE_ECU,0x136,RX,OK,70 2D 48 77 19 C1 98 51
0.5051,ABS_ECU,0x191,RX,OK,37 37 33 CB B3 87 66 7F
0.51,AIRBAG_ECU,0x1BF,TX,OK,CD 8F A1 6A 73 B0 3A 9F
0.5124,DASHBOARD,0x1D7,RX,OK,39 06 D4 D4 07 22 66 46
0.517,ENGINE_ECU,0x15E,RX,OK,AF B4 62 F3 AB BB AD 2A
0.518,DASHBOARD,0x1EE,TX,OK,57 21 0F 75 83 9E 54 4E
0.5213,ENGINE_ECU,0x1FB,TX,OK,23 B6 DE A3 D1 59 F1 F2
0.5247,AIRBAG_ECU,0x120,RX,OK,6C C9 F5 72 CE 6C 99 14
0.5263,ENGINE_ECU,0x145,RX,OK,CF 10 1B BC 2D 5D 4E D6
0.53,ENGINE_ECU,0x161,TX,OK,17 7E AE E4 F7 2C 63 E8
0.5348,ENGINE_ECU,0x10A,RX,OK,F2 96 84 37 F5 BD BB 57
0.5394,ABS_ECU,0x1BD,TX,CRC_FAIL,CF 9D DC 59 2C 81 94 12
0.541,AIRBAG_ECU,0x13E,TX,TIMEOUT,43 41 F9 19 F3 70 0D FB
0.5457,DASHBOARD,0x128,TX,OK,E2 02 7A 56 7D ED 68 2B
0.5469,ENGINE_ECU,0x11C,RX,OK,6D F4 4A 52 14 4A 84 95
0.5511,ENGINE_ECU,0x1EA,RX,OK,21 B5 0E 41 F1 AD AB 5D
0.5549,DASHBOARD,0x184,RX,OK,72 21 4C B1 B5 94 47 48
0.5587,ENGINE_ECU,0x16D,TX,ERROR,0F 59 79 90 58 BD C3 93
0.5605,ABS_ECU,0x1F9,RX,OK,6B EB 28 7C 03 52 30 AB
0.5637,ABS_ECU,0x1FB,RX,OK,D9 42 4C A8 67 E3 DA 40
0.5663,AIRBAG_ECU,0x142,TX,OK,63 4C 7E 46 13 7F 7D 23
0.5685,STEERING_ECU,0x1AF,RX,OK,D7 BE 48 AB D7 68 15 3F
0.5699,STEERING_ECU,0x1C3,TX,OK,EE CE 37 DD 59 93 32 EF
0.5736,AIRBAG_ECU,0x14F,RX,OK,60 57 8A 6D 10 BA 69 0F
0.5759,DASHBOARD,0x1CC,RX,OK,89 36 13 6C 1F D1 2D 8A
0.5787,DASHBOARD,0x14F,TX,ERROR,FB 44 31 81 8F 11 97 32
0.5816,STEERING_ECU,0x1F1,RX,OK,52 9E 95 D1 80 3A 38 FE
0.5828,ENGINE_ECU,0x1C5,TX,OK,F1 89 F9 9A 74 F2 90 02
0.5858,AIRBAG_ECU,0x18A,TX,OK,59 28 88 73 63 B1 22 A1
0.5906,ABS_ECU,0x170,TX,OK,55 E9 4D 09 03 2B 46 70
0.5941,DASHBOARD,0x1C4,RX,OK,06 08 4D D7 EF 41 05 AA
0.5966,ENGINE_ECU,0x106,TX,OK,E1 9D 6A 77 82 C4 50 05
0.5988,ENGINE_ECU,0x14C,RX,ERROR,A7 A1 0A 73 E8 E5 3B A6
0.6023,ENGINE_ECU,0x190,RX,OK,E4 15 1D 15 4F 85 A0 46
0.6041,ENGINE_ECU,0x135,RX,OK,B3 8A 87 E5 71 58 6D 7C
0.6059,ABS_ECU,0x112,RX,OK,E0 38 B0 D6 CD 1D 19 2B
0.6076,ABS_ECU,0x118,TX,OK,E5 31 A6 62 F1 B7 40 B9
0.6086,AIRBAG_ECU,0x1AC,TX,OK,81 39 CA 32 7A 11 21 C7
0.6127,DASHBOARD,0x1F2,TX,ERROR,A7 01 9B 4E 6A 5B 59 B5
0.6152,AIRBAG_ECU,0x108,TX,OK,CF C5 6B C4 12 37 9A FE
0.6166,STEERING_ECU,0x171,RX,OK,71 7B 3A 67 81 13 C6 9C
0.621,STEERING_ECU,0x130,TX,OK,6F A6 57 96 46 08 AC D0
0.6258,ABS_ECU,0x108,RX,TIMEOUT,E2 7E 22 44 3F F9 77 35
0.6299,AIRBAG_ECU,0x1B4,TX,CRC_FAIL,90 90 B1 4C 43 94 E3 D5
0.631,STEERING_ECU,0x184,TX,OK,59 F1 2D 4C 13 25 D8 93
0.6326,DASHBOARD,0x11F,RX,TIMEOUT,2A BA A6 EF 28 B4 53 74
0.6347,STEERING_ECU,0x135,RX,OK,BC DE 3E A3 BD 71 7F B0
0.6382,STEERING_ECU,0x1A4,RX,OK,72 71 D9 2D 27 C7 10 ED
0.6417,ENGINE_ECU,0x1F2,TX,OK,54 D3 7D 33 15 E7 7C 69
0.6447,DASHBOARD,0x1B9,RX,TIMEOUT,56 FE 10 47 A0 EC 1A E7
0.6493,DASHBOARD,0x1A2,RX,TIMEOUT,33 64 EA 3C F1 5E AC 1A
0.652,ENGINE_ECU,0x1B1,TX,TIMEOUT,8A E6 50 CB 3E D5 50 B4
0.6539,AIRBAG_ECU,0x17A,RX,ERROR,F2 F7 06 37 D6 A5 0A 5E
0.6583,STEERING_ECU,0x1CA,TX,ERROR,06 8A 42 E4 D2 7D 73 75
0.6624,STEERING_ECU,0x131,RX,OK,3A 77 0A F0 74 C7 A1 96
0.6638,AIRBAG_ECU,0x142,RX,OK,E0 50 55 4C 2B 8B A9 D7
0.6661,ENGINE_ECU,0x183,RX,OK,02 09 5B B0 01 B0 75 36
0.6705,STEERING_ECU,0x1F2,TX,ERROR,55 B5 1F AC 24 73 62 85
0.672,AIRBAG_ECU,0x14A,RX,OK,C4 2E 2E FA F5 6D 56 81
0.6767,ABS_ECU,0x164,RX,OK,04 43 6B 4B 81 3C 6B 54
0.6787,ABS_ECU,0x160,RX,OK,56 84 47 66 DB F0 9E 21
0.6826,ABS_ECU,0x1D4,RX,OK,DD 29 64 DC A2 36 06 E7
0.6848,AIRBAG_ECU,0x196,RX,TIMEOUT,BC 4B 66 E2 E2 F8 90 A5
0.686,AIRBAG_ECU,0x1C6,RX,OK,C2 80 48 79 96 01 DA AB
0.6878,DASHBOARD,0x10C,RX,OK,58 2F 43 2B 9D E8 9B 03
0.692,ABS_ECU,0x127,RX,OK,5C 30 C1 93 B8 A4 C4 93
0.6934,AIRBAG_ECU,0x13C,TX,OK,6E 25 75 F8 DC B4 0A 67
0.6954,STEERING_ECU,0x1B9,RX,TIMEOUT,D6 7D 8A 1E 60 22 C2 FD
0.6976,DASHBOARD,0x1FB,TX,OK,39 9B 53 60 D0 E9 8A 9A
0.6987,ABS_ECU,0x13F,RX,OK,50 93 D7 BC 7A 91 E0 57
0.7006,AIRBAG_ECU,0x1F8,RX,ERROR,EC 7D BD 43 F6 28 90 45
0.7016,AIRBAG_ECU,0x1BD,TX,TIMEOUT,A6 88 2E A2 0F CD 7D FF
0.706,ENGINE_ECU,0x155,RX,OK,82 C3 D6 1D 38 48 35 56
0.7077,AIRBAG_ECU,0x12D,RX,OK,C5 AD 21 62 DB D3 E0 80
0.712,DASHBOARD,0x1AD,RX,OK,FA 87 28 1A A9 DD 64 8C
0.7148,AIRBAG_ECU,0x181,TX,OK,A4 DD D2 37 CE 81 CF ED
0.7162,ABS_ECU,0x14C,TX,OK,57 8E 47 81 A3 B6 CA 8B
0.7194,ABS_ECU,0x128,RX,CRC_FAIL,AE A1 06 64 53 3E 37 E4
0.7216,STEERING_ECU,0x1C4,RX,OK,0F 25 39 3B CC 83 A3 20
0.7245,DASHBOARD,0x1AC,RX,OK,6B 3E 36 28 21 1F F2 EE
0.7294,STEERING_ECU,0x1E8,TX,OK,16 AD A3 7B E0 14 8C F6
0.7307,ENGINE_ECU,0x167,RX,CRC_FAIL,B9 8A F6 10 20 85 45 F9
0.734,DASHBOARD,0x12B,RX,CRC_FAIL,AC 63 B6 E4 00 F9 C3 9D
0.7385,DASHBOARD,0x179,TX,OK,21 CB 41 7A 42 37 54 95
0.7414,ABS_ECU,0x185,TX,OK,07 08 C1 B1 3D 69 7A 97
0.7437,DASHBOARD,0x1EF,RX,OK,4F 83 57 00 41 3A 95 BA
0.7484,DASHBOARD,0x111,RX,CRC_FAIL,4C 17 0C CB E4 57 B7 74
0.7522,ENGINE_ECU,0x189,TX,OK,D4 03 EC 94 1D 5B E1 AE
0.7564,ENGINE_ECU,0x1B1,RX,TIMEOUT,5F 47 26 74 8D E8 44 C6
0.7586,DASHBOARD,0x1DA,TX,CRC_FAIL,5A 6A C4 0D AB 4C 28 0D
0.7631,ABS_ECU,0x16F,TX,OK,A2 01 8A 82 8C 93 91 7C
0.7653,AIRBAG_ECU,0x1E8,TX,CRC_FAIL,D1 1B 82 69 2E 1A CE 2F
0.7686,AIRBAG_ECU,0x164,RX,OK,34 79 32 3E 1B 21 FB 2D
0.7725,DASHBOARD,0x135,RX,OK,04 95 C7 63 7B 73 9C 38
0.7748,ENGINE_ECU,0x11E,RX,OK,22 29 7F 0F 16 D7 56 5F
0.7766,DASHBOARD,0x149,RX,OK,14 10 D1 48 FC 57 B6 21
0.779,STEERING_ECU,0x198,RX,CRC_FAIL,93 EB BE DA E7 4A 60 36
0.782,ENGINE_ECU,0x171,TX,OK,65 90 7C F8 56 BA AE 15
0.7844,ENGINE_ECU,0x1FF,RX,OK,FA 25 7A 95 09 69 A6 79
0.7867,STEERING_ECU,0x164,RX,OK,71 07 90 77 8B BC FC 06
0.7884,AIRBAG_ECU,0x16C,TX,CRC_FAIL,37 65 FC A6 B7 85 FF B9
0.7898,AIRBAG_ECU,0x153,TX,OK,2B B7 EF 66 89 4E 35 C0
0.7927,AIRBAG_ECU,0x1A0,RX,OK,C5 B9 89 AC EA 73 0D 49
0.7956,AIRBAG_ECU,0x1BF,RX,CRC_FAIL,96 AE 68 5A 86 79 38 72
0.7969,STEERING_ECU,0x114,TX,TIMEOUT,B9 0D 1F 6F BD D4 03 4E
0.7997,AIRBAG_ECU,0x104,RX,TIMEOUT,68 83 63 46 28 B1 F9 2C
0.8023,ENGINE_ECU,0x1E2,TX,TIMEOUT,02 46 D8 0C EF F1 5E 94
0.8035,STEERING_ECU,0x187,RX,OK,00 46 3A 66 05 E5 9F FC
0.8058,STEERING_ECU,0x1F2,RX,OK,0E 67 20 1A 9D 1A 9D 39
0.8075,ABS_ECU,0x11D,RX,CRC_FAIL,00 4A 1B 17 8A BC CA B9
0.8112,STEERING_ECU,0x16A,RX,OK,EC A7 73 E1 87 8A 7F 4D
0.8141,ABS_ECU,0x108,RX,OK,4D FD 6B 16 69 1E B4 CA
0.8181,ABS_ECU,0x16D,RX,OK,A9 AE 53 33 D2 96 DE 98
0.8207,STEERING_ECU,0x1C5,RX,CRC_FAIL,7F 14 DF AC 72 B7 66 25
0.8232,STEERING_ECU,0x139,RX,OK,6C 60 61 A7 02 0F DA C9
0.8281,ENGINE_ECU,0x16B,TX,OK,F8 08 46 15 D0 79 EA B4
0.8315,ENGINE_ECU,0x147,RX,OK,D5 FE 39 46 E7 F9 D3 66
0.8353,AIRBAG_ECU,0x1D8,RX,ERROR,5A F9 1C 4F 4C 57 D4 9D
0.8372,AIRBAG_ECU,0x15D,TX,OK,D0 DD 87 20 7B 8F DB A1
0.8388,ENGINE_ECU,0x1B7,TX,OK,4E 6F E6 C6 8D 86 DF B4
0.842,STEERING_ECU,0x1F4,RX,CRC_FAIL,45 E3 DB 5B 36 0E B4 A5
0.846,STEERING_ECU,0x1D4,RX,OK,8B 19 D4 90 A7 0B 33 C0
0.8505,DASHBOARD,0x18D,TX,TIMEOUT,2B 0A 53 3D 76 65 86 8E
0.8548,STEERING_ECU,0x1B1,TX,OK,5A 93 0C F6 78 4F 98 C2
0.8558,AIRBAG_ECU,0x1F3,RX,OK,2F 99 63 B1 8B B1 7E 6C
0.8587,STEERING_ECU,0x1AB,RX,OK,BB 47 DE 0C EA 94 37 4A
0.8627,ABS_ECU,0x18E,RX,OK,66 C0 C1 56 42 2C 44 F9
0.8642,ABS_ECU,0x15F,RX,TIMEOUT,74 5F 27 1C 53 68 6E 65
0.8653,ABS_ECU,0x18E,TX,ERROR,CD 47 C1 04 66 57 83 1B
0.8697,AIRBAG_ECU,0x180,RX,OK,43 FC 8A F6 45 AA 5D E8
0.8735,AIRBAG_ECU,0x10E,RX,OK,96 87 DD C5 CA F8 AB F3
0.8754,AIRBAG_ECU,0x139,RX,OK,70 14 8A F8 58 B7 81 76
0.8774,ABS_ECU,0x116,TX,OK,57 54 59 32 BE D3 41 3C
0.8799,DASHBOARD,0x149,RX,OK,6B A7 2F 6D C0 68 8B 36
0.881,ABS_ECU,0x18D,RX,OK,5E 3F 71 75 4E F8 87 2A
0.882,STEERING_ECU,0x18C,RX,OK,5E D5 34 A8 D6 68 23 31
0.8833,DASHBOARD,0x1F9,TX,OK,16 EC 93 CE 3D D0 CC 35
0.8873,DASHBOARD,0x1C1,TX,OK,CF B0 D8 4E 65 9F A6 B7
0.8885,AIRBAG_ECU,0x105,TX,OK,2D 8B 59 E1 B5 6A AB 33
0.892,STEERING_ECU,0x147,TX,TIMEOUT,70 99 7C F7 40 83 8C 6C
0.8948,STEERING_ECU,0x16D,TX,OK,6E 37 D0 5D 1C B3 8F 01
0.8992,ABS_ECU,0x18D,RX,OK,61 D6 48 B8 97 7D 60 35
0.9015,AIRBAG_ECU,0x1D9,RX,OK,3F 12 49 70 1D CB 65 04
0.9056,ABS_ECU,0x144,RX,ERROR,91 B5 AE C0 DF D7 A0 D0
0.9093,STEERING_ECU,0x1A5,RX,OK,6B B6 61 EF B6 44 EE 36
0.9127,ENGINE_ECU,0x1E5,TX,OK,0D 09 E0 1A A5 3D D3 4E
0.9159,AIRBAG_ECU,0x14C,RX,OK,BB 77 3E C0 4D 86 44 87
0.9202,ENGINE_ECU,0x12C,TX,OK,86 97 55 92 B0 76 8D 4F
0.9245,ENGINE_ECU,0x11B,RX,OK,CC EC BE 99 8F 5D F2 F0
0.9269,STEERING_ECU,0x119,TX,OK,2E E6 1B D1 84 9F D2 5C
0.93,STEERING_ECU,0x102,RX,OK,BC 65 E4 C9 F4 6B F3 F3
0.9346,ABS_ECU,0x171,TX,OK,AF 10 15 04 5A 1D E4 E5
0.9373,DASHBOARD,0x1D7,RX,OK,47 B5 16 A4 2B E0 BD F1
0.9385,ABS_ECU,0x124,TX,CRC_FAIL,AF FA F4 E5 CE F6 DD 54
0.9426,DASHBOARD,0x16F,RX,CRC_FAIL,47 3C 21 E6 A1 B4 B3 C7
0.944,AIRBAG_ECU,0x1D8,RX,OK,44 47 E2 1C 8C 8E 14 7E
0.9482,ABS_ECU,0x190,RX,OK,74 97 31 BB 0D 2B 50 F6
0.9494,ENGINE_ECU,0x159,RX,OK,A7 8D 28 36 B1 B2 30 84
0.9514,STEERING_ECU,0x134,TX,OK,7C 69 95 1D D4 C9 6E 2C
0.9562,ENGINE_ECU,0x1BD,TX,OK,A8 94 11 7C 07 BF F0 BA
0.96,ENGINE_ECU,0x19C,RX,OK,8D E9 F4 F4 BB 30 D5 E6
0.9631,DASHBOARD,0x151,TX,ERROR,BF 73 C7 67 29 E1 6F 9E
0.9657,DASHBOARD,0x1D8,RX,CRC_FAIL,43 61 20 3A CE 98 F2 A3
0.9705,AIRBAG_ECU,0x12E,TX,OK,4A 81 C3 E4 E9 03 A3 BC
0.972,ABS_ECU,0x1FE,TX,TIMEOUT,4F 9C 11 11 81 78 FA 7B
0.9744,ABS_ECU,0x11E,RX,OK,F8 A2 72 D4 29 FF 5E 4A
0.9786,AIRBAG_ECU,0x100,TX,TIMEOUT,C3 D2 76 1B 07 CD CE F8
0.9819,ABS_ECU,0x1BA,TX,OK,7A F8 AD 8E 3E 2D EF 86
0.985,AIRBAG_ECU,0x19B,RX,OK,72 36 B3 9A D7 31 07 60
0.9889,ABS_ECU,0x198,TX,OK,F8 C5 F7 A4 C4 76 23 86
0.9907,AIRBAG_ECU,0x1CE,RX,ERROR,26 48 EC 40 8B 58 DD 97
0.9933,ENGINE_ECU,0x1CA,TX,OK,C6 CC E8 F1 45 0E E9 C7
0.9962,ABS_ECU,0x12B,TX,OK,60 9B C0 64 85 02 C1 BE
0.9994,ABS_ECU,0x115,RX,OK,A3 E6 0C E1 52 4E 28 9C
1.0027,AIRBAG_ECU,0x1B0,TX,OK,E4 97 CD F5 77 38 D8 3F
1.0063,STEERING_ECU,0x159,RX,OK,0C D6 EE 18 B8 45 E6 E6
1.0096,ABS_ECU,0x1A9,TX,OK,1B 2C 1F 29 70 A6 FB 1A
1.0109,ABS_ECU,0x17C,RX,OK,C4 F1 1D 08 67 D2 98 0F
1.0121,AIRBAG_ECU,0x18D,TX,OK,36 5E 41 60 9E 1C E8 46
1.0168,ABS_ECU,0x168,TX,ERROR,F8 F9 3B 3D 14 1A 10 E7
1.018,DASHBOARD,0x102,RX,OK,31 83 6B 44 7A 0A 3E D1
1.0216,STEERING_ECU,0x1D6,RX,OK,D0 EA AB 65 6B A0 20 2B
1.0252,ENGINE_ECU,0x1F8,RX,OK,65 29 3A 91 92 55 C8 B6
1.0265,AIRBAG_ECU,0x1F5,TX,OK,BB 4B 19 E2 49 3A 98 E8
1.0294,ABS_ECU,0x1C2,RX,ERROR,9A 70 88 3B 7D F2 6E DE
1.0314,DASHBOARD,0x1C0,TX,OK,68 BF 66 FD F0 C1 AC E7
1.0332,AIRBAG_ECU,0x1C5,RX,OK,D7 27 A3 F4 0A 70 44 03
1.0347,DASHBOARD,0x102,RX,OK,DD 91 F3 7D A2 AD EA 2B
1.0384,STEERING_ECU,0x183,TX,OK,6B 71 75 46 49 28 D3 D2
1.042,ABS_ECU,0x1F7,TX,OK,49 FA 22 CB AC DD E3 67
1.0447,STEERING_ECU,0x1C4,RX,OK,A7 B8 EE 8E 7F 3E 40 9E
1.0474,DASHBOARD,0x16D,TX,ERROR,4A 23 47 05 83 C0 54 CD
1.0498,ABS_ECU,0x170,RX,OK,E4 7B 87 E3 26 80 08 EE
1.0531,DASHBOARD,0x1C1,TX,OK,16 F5 10 CE 7A BF 35 D2
1.0558,ENGINE_ECU,0x125,RX,OK,4F 81 FB 81 90 AA 01 76
1.0582,ABS_ECU,0x1FE,RX,TIMEOUT,66 F9 23 3C 6C DE AD BF
1.0594,STEERING_ECU,0x103,RX,ERROR,DA B1 F9 9B F4 78 29 ED
1.0636,AIRBAG_ECU,0x101,RX,ERROR,C9 AC B7 64 B0 9E 9D 5B
1.0679,ENGINE_ECU,0x105,TX,ERROR,79 F4 2D AB 68 81 5E 6C
1.0726,DASHBOARD,0x190,RX,OK,94 12 FE 18 96 A7 0E 78
1.0741,ENGINE_ECU,0x1E3,RX,OK,A6 EE F2 7E 6E C3 CD 18
1.0772,DASHBOARD,0x10D,RX,OK,FC 3C DB C7 9B E1 84 DE
1.0791,ENGINE_ECU,0x17A,RX,OK,A2 EC C7 8A 02 0A D2 AE
1.0814,DASHBOARD,0x107,TX,OK,A9 46 B2 B1 59 1E BC CB
1.0864,DASHBOARD,0x1F4,RX,CRC_FAIL,CF E9 82 2B 29 79 CC 5C
1.0895,DASHBOARD,0x158,RX,OK,7E 5A 0A 43 B1 C3 8A E3
1.0917,ENGINE_ECU,0x14A,TX,OK,79 7A 78 2F A2 C0 23 E4
1.0962,STEERING_ECU,0x1A7,TX,OK,87 54 E4 84 E4 8D 13 16
1.101,DASHBOARD,0x12A,TX,CRC_FAIL,B4 03 29 C6 6B 41 EB 25
1.1031,ABS_ECU,0x1E3,RX,OK,CA EA 14 BD 07 34 D7 83
1.1074,STEERING_ECU,0x16E,RX,OK,76 63 33 58 5B 24 BC 19
1.1094,ABS_ECU,0x1F4,RX,OK,32 B9 7C 38 60 EC 94 AF
1.1124,ENGINE_ECU,0x1B7,RX,OK,6B D4 0D 72 48 DB 45 9C
1.1152,ENGINE_ECU,0x1B0,TX,OK,87 89 84 DB 82 BC 97 BD
1.1175,DASHBOARD,0x1CB,RX,OK,F0 C8 7E 1D 74 C7 26 61
1.1218,DASHBOARD,0x1A8,TX,OK,F9 08 44 6D F0 B8 1A E4
1.123,ENGINE_ECU,0x15E,TX,OK,DF 8F 63 3C 30 D8 5F 96
1.1242,ABS_ECU,0x1D0,RX,OK,83 BF 75 CD 37 47 B7 BB
1.1261,ABS_ECU,0x13A,RX,TIMEOUT,65 DE F2 E7 B3 3E 2E 71
1.1298,DASHBOARD,0x1D8,RX,OK,DE E9 D8 BD A2 64 72 4F
1.1324,AIRBAG_ECU,0x133,RX,OK,CF F1 87 C3 3E A0 99 4A
1.1372,DASHBOARD,0x17B,TX,OK,31 CD E9 FC BC 78 AD 32
1.1398,ENGINE_ECU,0x15A,TX,OK,49 62 3A BF 3D 90 7C F5
1.1424,STEERING_ECU,0x154,TX,OK,07 74 C7 77 BD 82 6B 56
1.1438,DASHBOARD,0x13F,RX,OK,A0 63 F2 E6 9F 60 5F 94
1.1468,ABS_ECU,0x1FE,TX,OK,96 FF AE 01 A3 83 22 D8
1.1491,ABS_ECU,0x1AD,TX,CRC_FAIL,0A 03 53 9D B1 B4 86 D5
1.1529,DASHBOARD,0x13E,TX,OK,C7 00 9A C8 0C 43 23 A5
1.1559,ABS_ECU,0x1F8,TX,ERROR,65 65 1D 78 17 24 6D D3
1.1571,STEERING_ECU,0x165,TX,OK,4C 45 F3 93 01 69 84 B0
1.1619,AIRBAG_ECU,0x13C,TX,TIMEOUT,EB 52 BA BF C4 CC 04 43
1.1665,STEERING_ECU,0x124,TX,OK,F1 0A 0A 5D 50 78 07 AF
1.1705,ENGINE_ECU,0x1ED,RX,OK,7D 75 BD 35 66 42 A7 F9
1.1739,AIRBAG_ECU,0x15F,RX,OK,0B D5 C2 E6 F8 A5 93 71
1.1774,DASHBOARD,0x1D7,RX,OK,A4 93 D8 C3 CA BE 48 38
1.1822,AIRBAG_ECU,0x1A7,TX,OK,4E 5F 8B A0 14 E8 FB C8
1.1834,AIRBAG_ECU,0x160,RX,OK,52 46 92 FC C3 B7 4E 8B
1.1857,STEERING_ECU,0x1AD,TX,OK,29 90 D7 1D 85 2F 68 F4
1.1902,DASHBOARD,0x171,RX,OK,49 0C 04 CC D0 AC 47 10
1.1921,DASHBOARD,0x1EC,RX,OK,67 C6 51 40 C2 BF 6B 3F
1.1951,STEERING_ECU,0x1B6,RX,OK,39 E0 AC FD 3C CF 69 54
1.1993,STEERING_ECU,0x1B1,RX,OK,0F E0 90 BE B7 BA AC 60
1.2009,STEERING_ECU,0x112,RX,OK,F4 7A 51 1B 53 60 D5 46
1.2053,STEERING_ECU,0x1A2,RX,TIMEOUT,A4 36 C2 B3 77 FB E3 3D
1.2102,ABS_ECU,0x132,RX,OK,2B DA 2A 4B 62 5D D4 3F
1.2127,STEERING_ECU,0x144,RX,OK,3C E6 77 46 B8 4D 83 50
1.2165,DASHBOARD,0x112,TX,ERROR,58 ED 7D 95 77 65 3A ED
1.221,ABS_ECU,0x1CC,RX,OK,0A 6E 3A C0 3E 49 CE 03
1.2229,DASHBOARD,0x169,RX,OK,14 F0 8A 77 27 75 40 E1
1.2267,DASHBOARD,0x1AC,RX,OK,67 C7 F7 89 C2 73 05 92
1.2303,AIRBAG_ECU,0x1C6,TX,ERROR,51 10 B6 D4 7F 7B F1 BC
1.2315,AIRBAG_ECU,0x138,RX,OK,85 2F F8 87 A5 96 3B 2C
1.2331,AIRBAG_ECU,0x124,RX,OK,DB 28 1F D8 BD 56 8B B2
1.2379,AIRBAG_ECU,0x145,RX,OK,77 FF 37 B1 3D 2A AC 1F
1.2403,AIRBAG_ECU,0x148,RX,OK,3C E1 15 7F C9 49 23 9F
1.2413,AIRBAG_ECU,0x1B9,TX,OK,59 EA B5 E2 40 84 64 D3
1.2454,AIRBAG_ECU,0x176,TX,ERROR,71 CA 9F 2E 1A BC FB B8
1.2468,ABS_ECU,0x1A8,RX,OK,D7 D2 5E 03 85 33 70 E8
1.2504,AIRBAG_ECU,0x1ED,TX,OK,E7 09 AE D0 C0 E2 BA 1A
1.2541,ENGINE_ECU,0x19E,TX,OK,DF 53 AC 91 B1 CD D2 7F
1.2591,AIRBAG_ECU,0x144,RX,TIMEOUT,4A 41 F7 0B FB 4D 88 F1
1.263,ENGINE_ECU,0x152,RX,OK,E8 72 65 E0 E9 A1 97 F1
1.2652,ABS_ECU,0x177,RX,OK,E9 55 D2 47 31 41 C7 80
1.2668,STEERING_ECU,0x111,RX,OK,F5 0E 6D E5 6E 2D 94 1C
1.2689,AIRBAG_ECU,0x1EF,TX,TIMEOUT,85 AB 36 13 B8 E3 3D D4
1.2731,STEERING_ECU,0x143,TX,OK,60 AB 6A 62 ED D8 07 4A
1.2755,ABS_ECU,0x1BD,RX,TIMEOUT,59 22 8B B2 77 12 91 22
1.2784,ABS_ECU,0x156,RX,OK,CC E2 D8 D2 EB BB 4E CB
1.2794,ENGINE_ECU,0x1F4,TX,OK,A3 CE 3A 7A 71 D7 EF 39
1.2832,ABS_ECU,0x1FE,TX,OK,E6 BA F1 1B CF 80 E8 5D
1.2843,ENGINE_ECU,0x194,RX,OK,99 12 11 4F F4 42 89 8F
1.2892,STEERING_ECU,0x168,TX,OK,FC D1 65 78 8B A6 C4 A1
1.2918,ABS_ECU,0x159,TX,OK,C8 7F 1E 28 05 85 CA 79
1.2933,AIRBAG_ECU,0x166,TX,OK,CD 39 D9 25 64 F2 05 CD
1.2979,AIRBAG_ECU,0x10D,TX,OK,FC F9 4A 72 5B 0C A9 73
1.2992,STEERING_ECU,0x11C,RX,OK,80 85 2F D8 32 02 86 5F
1.3039,ABS_ECU,0x1CF,TX,OK,2E A1 82 01 ED 20 EF 2B
1.3085,STEERING_ECU,0x12B,TX,TIMEOUT,D7 A1 F7 54 CD 64 F9 26
1.3112,ENGINE_ECU,0x1F7,RX,TIMEOUT,CB BC A4 2F 94 31 B7 16
1.3148,ENGINE_ECU,0x1A9,RX,OK,67 C7 2F 3D EB 2D 22 F9
1.3161,ABS_ECU,0x1D6,RX,OK,DD 20 34 A9 E2 ED A3 6D
1.3172,STEERING_ECU,0x164,TX,OK,45 6D F9 E2 70 C9 31 A6
1.3221,ABS_ECU,0x14A,RX,OK,E3 B5 A8 58 30 72 32 E3
1.3269,ENGINE_ECU,0x122,RX,OK,BA 75 F1 95 62 23 5F 72
1.3293,ENGINE_ECU,0x16C,TX,OK,44 E8 58 9B 52 02 77 8A
1.3304,ENGINE_ECU,0x1C5,TX,OK,CA 62 58 E0 FF FA BC 1E
1.3332,ABS_ECU,0x1D4,TX,OK,0B 2F 47 61 CE 42 19 45
1.3369,DASHBOARD,0x113,RX,CRC_FAIL,00 8F B9 19 FF 7F 35 35
1.3384,STEERING_ECU,0x161,TX,OK,CF C9 37 67 AF D6 75 AC
1.3394,STEERING_ECU,0x140,RX,OK,DD 75 12 48 24 35 1A 51
1.343,ABS_ECU,0x1AE,RX,TIMEOUT,9A 03 87 9B B5 0E 05 5E
1.3449,ENGINE_ECU,0x1D8,RX,TIMEOUT,5D BD 80 3D 23 A6 80 40
1.3488,AIRBAG_ECU,0x1BF,RX,TIMEOUT,75 0C 1E 1E D6 3C E6 E4
1.3512,ENGINE_ECU,0x17C,TX,OK,6F 80 44 14 37 20 17 2D
1.3551,AIRBAG_ECU,0x127,RX,TIMEOUT,6B 7A 2A C2 5F 9A 01 F6
1.3563,ENGINE_ECU,0x18C,RX,ERROR,2B F8 B4 48 29 14 68 96
1.3582,DASHBOARD,0x198,TX,OK,AC 1E 4D 9D 88 75 A6 44
1.3607,STEERING_ECU,0x1F7,TX,CRC_FAIL,FA 2A FA 6E A5 D7 C9 E6
1.365,ENGINE_ECU,0x1EC,RX,OK,14 0E 81 F3 92 C7 0E DD
1.3677,STEERING_ECU,0x183,TX,ERROR,E7 C5 3F FD D3 F1 07 E9
1.3712,DASHBOARD,0x1DB,TX,OK,F8 11 EB 29 9C C5 CB 1B
1.3732,STEERING_ECU,0x1E1,RX,OK,D3 F2 6D C9 15 6A 7C 9F
1.3781,DASHBOARD,0x105,TX,OK,51 54 8B 1C 8D 44 DF C5
1.3826,ABS_ECU,0x1D0,RX,TIMEOUT,BB B0 17 9B 0D 83 0A 12
1.3858,ENGINE_ECU,0x113,TX,OK,F5 2E 30 08 6D 3E 65 3E
1.387,ENGINE_ECU,0x1D6,RX,OK,01 96 98 C5 A8 C5 DF 79
1.3912,DASHBOARD,0x1D9,TX,OK,0D C7 F7 FC 90 A2 64 AA
1.3941,DASHBOARD,0x101,TX,OK,DC BA CE 5C C8 7D 97 F5
1.3972,STEERING_ECU,0x15E,TX,OK,79 63 FA 66 1E BA 6A 41
1.3985,STEERING_ECU,0x179,TX,TIMEOUT,B7 92 FB 68 A5 F5 07 46
1.4006,AIRBAG_ECU,0x122,TX,OK,96 23 6F 6E AC E6 00 1A
1.4022,DASHBOARD,0x160,RX,OK,CC 5F E3 7F 71 AF F7 5E
1.4034,DASHBOARD,0x13D,RX,OK,86 6B CD 6C 53 5C 19 20
1.408,STEERING_ECU,0x195,RX,OK,27 B1 61 2C 68 7D 59 88
1.4104,DASHBOARD,0x127,TX,ERROR,4F FC 12 7B 47 13 08 2A
1.4117,STEERING_ECU,0x150,RX,OK,E7 E1 B0 95 C3 C2 73 6C
1.4157,STEERING_ECU,0x166,RX,OK,0F 31 60 9C AD 16 CD 67
1.4172,AIRBAG_ECU,0x166,RX,OK,97 9A F1 75 80 A6 3E E8
1.4198,STEERING_ECU,0x1A8,RX,CRC_FAIL,C3 EA E6 20 17 4E A9 4E
1.4217,ENGINE_ECU,0x17F,RX,OK,7D 94 BA 68 4D 2B 5B EC
1.4239,AIRBAG_ECU,0x150,TX,OK,DA A1 11 B4 2A D7 0E 8C
1.428,STEERING_ECU,0x156,TX,ERROR,33 DD FC FB F2 A5 FD D8
1.4312,STEERING_ECU,0x1A1,TX,TIMEOUT,B0 4E 2A 70 E8 33 59 0F
1.4333,AIRBAG_ECU,0x17F,TX,OK,FE 35 EF 74 BA 7C 4E DE
1.4356,DASHBOARD,0x1EA,RX,OK,03 35 37 08 0E B8 AC 7D
1.4381,STEERING_ECU,0x183,RX,ERROR,AD 36 5D 9E F2 EE 64 E6
1.4404,ABS_ECU,0x144,RX,TIMEOUT,11 23 D6 C9 5A CA 81 C0
1.4451,STEERING_ECU,0x16D,RX,OK,45 6E 48 76 D4 7E 3E B2
1.4475,STEERING_ECU,0x13C,RX,TIMEOUT,70 90 35 28 4E 81 F7 FF
1.4519,STEERING_ECU,0x111,TX,OK,1C 05 49 66 92 F5 AA 78
1.4563,STEERING_ECU,0x168,RX,OK,01 1B 98 39 FF 7F 48 9F
1.4603,STEERING_ECU,0x196,TX,OK,F5 56 BF 72 D2 F4 E1 4A
1.4613,ABS_ECU,0x150,TX,OK,4F 65 13 34 6E A7 19 73
1.4625,DASHBOARD,0x109,TX,OK,29 74 44 CF C3 DF 3B 0D
1.4648,DASHBOARD,0x12C,RX,OK,1B 8E 1C 32 B5 DC 29 55
1.4684,ABS_ECU,0x11F,TX,OK,0B 10 0E D1 7B A4 3C 37
1.4701,DASHBOARD,0x142,TX,OK,E8 66 DD 39 E5 85 7A B6
1.4724,DASHBOARD,0x14C,RX,OK,2C A2 E4 3D D1 AC 40 D0
1.4755,STEERING_ECU,0x1F8,TX,OK,05 24 31 E3 AB 52 1D 4D
1.477,AIRBAG_ECU,0x163,TX,OK,C0 BA 6C C2 D3 F8 B5 FA
1.4816,STEERING_ECU,0x1E2,TX,OK,62 B1 5C 37 D6 E6 AF 0D
1.4828,DASHBOARD,0x117,RX,CRC_FAIL,82 4D 9F F7 04 0C EA 32
1.4848,STEERING_ECU,0x185,TX,OK,A5 23 D1 DA CA 41 AA A6
1.4873,DASHBOARD,0x122,RX,OK,73 5C C2 13 D9 93 8E E2
1.4884,DASHBOARD,0x191,RX,OK,FE A0 21 37 E5 F5 44 B0
1.49,ABS_ECU,0x1F0,TX,OK,FB 00 AF 5A B9 6F 9D 1C
1.4934,STEERING_ECU,0x154,TX,OK,6D 45 27 74 01 BB 00 6C
1.4969,STEERING_ECU,0x195,TX,TIMEOUT,2D EE 06 9C DF 01 85 E6
1.4998,ENGINE_ECU,0x1D8,TX,OK,CF 37 7A 2D 36 63 30 B0
1.5021,DASHBOARD,0x160,RX,OK,66 4E 30 5A 88 01 29 9C
1.504,ENGINE_ECU,0x13B,RX,OK,94 7F 50 EE B9 3C 2D CD
1.506,ENGINE_ECU,0x1B6,RX,OK,39 D3 16 DB 62 E3 02 B9
1.5086,ENGINE_ECU,0x111,RX,ERROR,2A D3 17 A6 75 2F 34 59
1.5104,AIRBAG_ECU,0x19E,TX,OK,16 F7 5B 1C D9 AF AC CC
1.5133,ABS_ECU,0x130,RX,ERROR,C1 00 29 81 5A 31 9F 76
1.5179,STEERING_ECU,0x1AE,RX,OK,78 ED A6 E4 05 A0 D0 89
1.5211,AIRBAG_ECU,0x111,TX,OK,49 36 94 3A 31 A5 1B 79
1.524,DASHBOARD,0x1C3,RX,ERROR,B5 EC C2 BD 49 56 B4 03
1.5263,ABS_ECU,0x160,RX,OK,DC E3 DF A5 DB 35 63 BC
1.5294,STEERING_ECU,0x143,RX,CRC_FAIL,47 00 5B C4 35 7B 91 70
1.5332,ENGINE_ECU,0x1E2,TX,OK,7B 04 CE 65 A2 DA 97 71
1.5373,ENGINE_ECU,0x13B,RX,OK,F7 8D CF 6B C4 06 FC BC
1.5419,AIRBAG_ECU,0x1FF,TX,CRC_FAIL,A3 C8 CA 7F 04 6C 2A 2F
1.5457,DASHBOARD,0x115,TX,OK,EB 1D E6 8F E6 BA 29 4C
1.5483,AIRBAG_ECU,0x12A,TX,OK,D4 26 9D 36 7B EA 43 C9
1.5509,STEERING_ECU,0x107,TX,TIMEOUT,42 4C FD FF 89 D5 D4 F5
1.5543,ENGINE_ECU,0x190,RX,OK,BB 37 A6 C1 32 E7 19 3E
1.5579,STEERING_ECU,0x179,TX,OK,88 49 AD F1 F2 76 87 3D
1.5597,DASHBOARD,0x149,TX,OK,D8 84 C0 20 F9 50 C4 81
1.5626,STEERING_ECU,0x108,RX,OK,B3 B6 C3 44 2C A2 DC 13
1.5643,ABS_ECU,0x1AC,RX,OK,16 27 34 9D BB A8 36 32
1.5677,ABS_ECU,0x15D,TX,TIMEOUT,6B 55 9B 93 26 64 AB E0
1.5693,ENGINE_ECU,0x1D4,RX,OK,E7 74 8D AC 3F DC 1E 4B
1.5733,DASHBOARD,0x167,RX,OK,C4 B2 17 4A D5 AA 2F 7B
1.575,AIRBAG_ECU,0x1DD,RX,OK,E8 13 B4 12 E7 15 01 A9
1.5765,ABS_ECU,0x137,TX,OK,8B C3 EA 1E 69 5B 1B 65
1.5782,ABS_ECU,0x106,TX,OK,A3 87 00 E4 28 16 62 1D
1.5827,STEERING_ECU,0x12C,TX,OK,C2 1F B4 03 90 37 78 1D
1.5852,STEERING_ECU,0x17E,RX,CRC_FAIL,10 55 D3 60 36 38 A5 D3
1.5888,STEERING_ECU,0x164,TX,OK,6B C4 36 FD F3 D6 09 1C
1.593,STEERING_ECU,0x18D,TX,OK,BF E2 2B 92 C6 9E 1D B8
1.5956,DASHBOARD,0x179,RX,OK,28 C2 88 3D 94 FC EB B0
1.6006,STEERING_ECU,0x1C1,TX,OK,6A 11 CB 3A E6 55 8B 3D
1.6036,ABS_ECU,0x17D,TX,OK,8F 38 8B 14 89 77 E9 72
1.6053,AIRBAG_ECU,0x1B1,RX,ERROR,9E 09 61 52 E1 C9 6F 55
1.6083,STEERING_ECU,0x1F0,TX,OK,53 DB 77 B0 69 1C 49 95
1.6126,DASHBOARD,0x1CE,TX,OK,66 33 2F D5 3E 41 82 37
1.6162,DASHBOARD,0x174,RX,TIMEOUT,E9 E7 F3 5E CC CA DA 34
1.6174,AIRBAG_ECU,0x19E,TX,OK,E3 95 51 F0 EC 46 B5 ED
1.6222,DASHBOARD,0x11D,TX,OK,A3 9F FB C9 FE 56 62 31
1.6269,ENGINE_ECU,0x19C,TX,ERROR,F6 69 2A F7 4A 92 36 37
1.6295,STEERING_ECU,0x1B7,RX,OK,31 68 FD 7A 73 04 11 04
1.634,ABS_ECU,0x13F,RX,OK,96 FB 86 84 E7 FF 7D 2C
1.6386,ABS_ECU,0x130,RX,OK,2E 26 49 83 BC C4 FA 21
1.6404,ENGINE_ECU,0x161,RX,CRC_FAIL,B8 2E 36 7C 98 17 C1 53
1.6437,ENGINE_ECU,0x1D9,TX,TIMEOUT,A7 06 8A 80 65 6E 73 D0
1.6482,DASHBOARD,0x16D,RX,OK,C4 57 1A E2 39 B9 78 AF
1.6524,DASHBOARD,0x1C7,RX,OK,01 30 16 13 4E 7C FB 53
1.6555,ABS_ECU,0x112,RX,TIMEOUT,D4 7F 46 58 C1 09 A7 6F
1.6566,DASHBOARD,0x1C9,TX,TIMEOUT,03 B5 E8 8B D6 67 EF 60
1.661,DASHBOARD,0x1AC,RX,OK,70 A8 4F B8 52 A3 3E 9A
1.6655,AIRBAG_ECU,0x154,RX,OK,DF 72 55 4A 6C 44 1E 29
1.6689,AIRBAG_ECU,0x1AB,TX,OK,BC C2 DF 4C FE 77 C0 2B
1.6716,ABS_ECU,0x1E1,RX,ERROR,E1 20 25 E4 2B 87 42 D9
1.6757,AIRBAG_ECU,0x130,TX,CRC_FAIL,A9 00 5A D1 ED 00 0C 54
1.6804,STEERING_ECU,0x134,RX,CRC_FAIL,B6 10 CF B5 3D 9A 65 01
1.6833,DASHBOARD,0x178,TX,CRC_FAIL,23 34 04 AE 36 34 A6 AA
1.6875,DASHBOARD,0x177,RX,OK,A5 15 A4 EA 50 77 EB 78
1.6893,DASHBOARD,0x1AC,TX,OK,D9 46 D9 9B 2C 6C 82 0B
1.6932,ABS_ECU,0x195,TX,OK,5D BB D2 18 7D 96 38 A2
1.6944,AIRBAG_ECU,0x139,TX,TIMEOUT,5D EE 6F F5 19 A4 5B 2F
1.6966,STEERING_ECU,0x188,RX,OK,8F FE EF 55 34 43 82 67
1.7014,DASHBOARD,0x1C1,RX,CRC_FAIL,FA F0 B2 99 D1 9D 62 1E
1.7057,AIRBAG_ECU,0x172,RX,TIMEOUT,88 2D DB 4E 79 1C DA 6D
1.708,ENGINE_ECU,0x1A7,RX,OK,2C 29 93 39 02 A0 EF EE
1.7091,AIRBAG_ECU,0x11C,RX,OK,BA 90 DB 5B 4A 47 C7 60
1.7122,ABS_ECU,0x1D7,RX,OK,6B 8C A9 AB 1A 26 35 F1
1.7149,STEERING_ECU,0x126,RX,OK,D6 97 52 D2 27 0B E2 53
1.7166,AIRBAG_ECU,0x106,RX,CRC_FAIL,F0 66 24 A5 A3 A9 1F 5E
1.7184,AIRBAG_ECU,0x13A,TX,CRC_FAIL,0D 05 36 BB E7 62 0A C6
1.7199,ENGINE_ECU,0x113,TX,CRC_FAIL,97 73 BB B0 DA 7A 82 B6
1.7223,STEERING_ECU,0x17B,TX,OK,AB 95 98 FD B9 04 1F 15
1.7264,ENGINE_ECU,0x10E,RX,CRC_FAIL,43 B2 81 66 3B B2 F1 31
1.7302,ENGINE_ECU,0x1BA,RX,ERROR,3D 89 39 05 6A 12 0D 6F
1.7317,ENGINE_ECU,0x1AE,RX,OK,F6 D9 AA D8 52 C3 8A 90
1.7356,ABS_ECU,0x18C,TX,OK,A4 8A E4 57 05 75 F1 7D
1.7396,ABS_ECU,0x13C,TX,OK,D7 2C 37 83 70 B2 0E 1E
1.7436,ABS_ECU,0x1EA,TX,OK,C6 59 D2 2A 6C 16 9C AE
1.7453,STEERING_ECU,0x12C,RX,OK,E8 B8 38 88 E7 A9 BF 55
1.7471,DASHBOARD,0x198,TX,OK,77 1B C8 E0 93 51 4F DD
1.751,ENGINE_ECU,0x11A,TX,OK,CA E7 CD D1 58 FF 59 34
1.7544,AIRBAG_ECU,0x1B4,TX,ERROR,8A 4D 49 5C BE DE 8D 3E
1.759,ENGINE_ECU,0x1AB,TX,ERROR,F0 58 AE D3 54 40 61 54
1.761,ENGINE_ECU,0x1CA,TX,OK,B6 2D 74 14 00 97 1E 9D
1.7652,AIRBAG_ECU,0x141,TX,TIMEOUT,91 7E C9 48 7E 5B 39 BC
1.767,STEERING_ECU,0x146,RX,OK,48 B8 13 3C 2A 30 A3 2E
1.7707,DASHBOARD,0x1DD,TX,OK,8F 9F 0D 69 EF 9C B6 44
1.7721,AIRBAG_ECU,0x18A,TX,OK,C1 A3 FC D6 36 75 1B 59
1.7739,AIRBAG_ECU,0x154,RX,OK,BC BF F9 B8 6A 80 1C CC
1.7749,DASHBOARD,0x10F,TX,OK,B8 D2 FB 8E 38 23 DB 89
1.7764,STEERING_ECU,0x173,RX,OK,81 9E 98 99 C7 87 D9 D4
1.7777,ENGINE_ECU,0x123,TX,OK,42 F1 B9 36 1E 0F C9 F3
1.7812,ABS_ECU,0x136,TX,CRC_FAIL,3D A7 58 03 B3 7B E9 E2
1.7841,ABS_ECU,0x1F9,TX,ERROR,BF 72 C6 B7 90 18 09 19
1.7875,AIRBAG_ECU,0x197,TX,ERROR,8A C1 88 58 8D 6F 34 81
1.7896,DASHBOARD,0x14E,TX,OK,B5 46 59 74 41 A6 E2 B6
1.7911,STEERING_ECU,0x16F,RX,OK,1B 92 0B 7D 79 F7 93 FC
1.7945,DASHBOARD,0x1A6,RX,CRC_FAIL,F0 C6 E0 BD 36 96 7A 5E
1.7991,ENGINE_ECU,0x1EE,TX,OK,AB 46 7A 4F 1B 48 BC 7E
1.8003,AIRBAG_ECU,0x1E3,RX,OK,53 D8 26 79 F5 29 AA 85
1.8028,STEERING_ECU,0x153,RX,OK,88 EB 2A 5B 2D 11 A0 3C
1.8061,DASHBOARD,0x1C4,TX,OK,00 DB C5 A0 99 F9 67 E2
1.8091,ABS_ECU,0x1C2,TX,TIMEOUT,A3 7A F7 00 85 74 6F 12
1.8115,DASHBOARD,0x196,RX,OK,21 F6 DA 47 2D 1E 6B DB
1.8145,STEERING_ECU,0x102,TX,OK,A7 06 62 50 0D 2A 90 28
1.8157,ENGINE_ECU,0x159,RX,OK,81 6D 12 EC 42 B1 66 F0
1.8202,AIRBAG_ECU,0x171,RX,OK,4B 2E BA 13 99 AA A6 07
1.8245,ENGINE_ECU,0x144,TX,CRC_FAIL,62 0F 2A 85 E5 7A 7D B6
1.8282,STEERING_ECU,0x15A,TX,OK,50 F1 51 B0 28 38 77 1D
1.8332,AIRBAG_ECU,0x181,RX,OK,9D 3A 28 FB 6E 90 AC CD
1.8373,ENGINE_ECU,0x1ED,RX,OK,BC C4 74 44 B4 38 80 BF
1.8406,AIRBAG_ECU,0x1E7,TX,OK,19 72 1A 81 A0 11 82 DC
1.8418,AIRBAG_ECU,0x17E,RX,TIMEOUT,FE DC 9F D7 59 63 4A E0
1.8446,ENGINE_ECU,0x121,TX,OK,BB 2B 22 DE C0 ED A3 66
1.8496,STEERING_ECU,0x1C1,TX,OK,D0 7B 34 25 81 CD 11 01
1.8544,ABS_ECU,0x127,RX,OK,01 43 4B 99 AA 6D 1A 99
1.8582,DASHBOARD,0x133,RX,OK,7D 02 44 96 73 6A FA C9
1.8614,DASHBOARD,0x152,TX,OK,F6 05 B6 96 23 BB 5E A7
1.865,AIRBAG_ECU,0x1D2,RX,OK,02 85 8D AF CB 0C AA ED
1.8672,STEERING_ECU,0x185,TX,OK,B7 B3 0C F4 C2 AA 69 D0
1.869,DASHBOARD,0x141,TX,TIMEOUT,BD 0A 0D 71 68 19 1A 55
1.8701,STEERING_ECU,0x1D0,TX,OK,10 E7 C3 18 60 66 CE B7
1.8725,STEERING_ECU,0x1CD,RX,OK,1B 46 53 BC C9 96 90 2E
1.8752,ENGINE_ECU,0x148,TX,OK,24 7A 19 06 60 47 D2 83
1.8795,ABS_ECU,0x156,RX,TIMEOUT,F6 10 4E B6 79 1C 6E 66
1.8824,STEERING_ECU,0x170,TX,OK,98 DC 26 7E 6E 47 3C 2A
1.8861,AIRBAG_ECU,0x1FC,TX,OK,E5 7E F2 C0 78 0B 13 6B
1.8904,STEERING_ECU,0x14B,RX,OK,4A 2A 86 87 52 15 8A AF
1.8944,ABS_ECU,0x168,RX,OK,7C 07 06 E5 84 D5 79 DF
1.8974,ABS_ECU,0x1A1,TX,OK,C2 C6 58 96 5E 07 1A 41
1.9,AIRBAG_ECU,0x1BE,RX,OK,AF 33 5B 32 1E E5 EE 3C
1.9042,STEERING_ECU,0x122,TX,CRC_FAIL,B9 72 2D A6 76 A0 F7 34
1.906,ABS_ECU,0x178,TX,OK,0C 15 D8 E8 73 C6 15 FE
1.9083,AIRBAG_ECU,0x1EB,TX,OK,FC 5A BF 61 B8 3B DD B9
1.9121,AIRBAG_ECU,0x144,RX,OK,0C 78 ED 45 D9 01 92 41
1.9158,STEERING_ECU,0x121,RX,OK,CF 5A B2 1E B5 B6 DF A4
1.9197,AIRBAG_ECU,0x118,RX,CRC_FAIL,F8 64 52 8D 4A 54 C1 08
1.9216,STEERING_ECU,0x1F0,TX,OK,AF 9E 04 D3 9A 06 6A 5D
1.9258,ENGINE_ECU,0x13A,RX,OK,E8 13 8F 2B 8E 85 A1 E1
1.9288,DASHBOARD,0x162,RX,OK,02 F6 AA AD BC DA AB FB
1.9302,DASHBOARD,0x1BE,RX,OK,F5 66 FF D7 51 01 6D D1
1.9335,AIRBAG_ECU,0x16F,TX,OK,C5 3F C1 BE 5F 0C 66 47
1.937,STEERING_ECU,0x177,TX,OK,25 BE 06 80 AD E8 A5 07
1.9417,STEERING_ECU,0x19E,RX,OK,B8 41 AC E8 81 F6 1B 11
1.9456,DASHBOARD,0x144,RX,TIMEOUT,7E 53 49 C7 AE 93 6A AF
1.9499,ABS_ECU,0x19B,RX,OK,21 2E 38 34 56 23 27 12
1.952,DASHBOARD,0x179,RX,OK,23 A3 AB 96 BD 6C DB E7
1.9546,DASHBOARD,0x12E,RX,CRC_FAIL,8F 6D 66 96 7D C8 FE 6D
1.9592,STEERING_ECU,0x1F6,RX,OK,D0 B5 ED F7 47 0C EB 91
1.9615,DASHBOARD,0x1C6,TX,OK,55 A5 5D CF 7E E5 23 DC
1.9632,AIRBAG_ECU,0x19C,TX,OK,E4 58 86 0A F9 3A 32 A6
1.9651,ENGINE_ECU,0x123,RX,OK,C8 05 46 7F 95 88 52 CC
1.9675,AIRBAG_ECU,0x19F,RX,OK,EB 1E 28 ED 7F 5D 72 36
1.9712,ABS_ECU,0x18C,RX,OK,A3 4A B2 81 D3 A1 B2 96
1.9724,STEERING_ECU,0x118,RX,OK,7D 48 7F 2F 5C E4 4B 19
1.975,STEERING_ECU,0x1FD,RX,OK,90 13 FB 28 62 6F FD 79
1.9776,STEERING_ECU,0x1AD,TX,OK,A9 F3 F7 66 E9 D7 DF E8
1.9793,DASHBOARD,0x1C1,RX,OK,52 E2 1C D4 B5 12 7C 2B
1.9837,DASHBOARD,0x1EA,RX,OK,B2 2C 8A B7 F6 F6 30 C1
1.9853,ABS_ECU,0x1B6,RX,OK,09 6F DB A2 07 96 0B E2
1.9868,DASHBOARD,0x1CC,RX,OK,86 3C 3C C2 4C B5 D9 58
1.9891,DASHBOARD,0x16F,TX,OK,7D B8 7F CC 0F A6 66 F9
1.9906,ENGINE_ECU,0x1BD,RX,OK,7C 22 C8 08 D2 5F 4D 94
1.992,ENGINE_ECU,0x18F,TX,ERROR,99 D3 DF 09 C7 AF 40 F7
1.9944,DASHBOARD,0x192,TX,OK,23 D3 95 DF 67 6E 02 81
1.9976,ABS_ECU,0x19B,RX,OK,4D FB 23 90 5F FF B1 87
2.0026,STEERING_ECU,0x173,TX,OK,23 F9 2B 61 87 72 D1 54
2.0041,ENGINE_ECU,0x1B5,RX,OK,5B E6 53 62 72 A0 35 B0
2.0081,ABS_ECU,0x1CB,RX,CRC_FAIL,20 4F EA C8 0B 24 D1 64
2.0106,STEERING_ECU,0x187,TX,OK,94 09 13 A5 D0 D4 C2 73
2.0148,DASHBOARD,0x183,TX,OK,9E F5 DF 99 8E D7 43 46
2.0161,DASHBOARD,0x1CD,TX,OK,5D FA 72 04 CC 75 76 A7
2.0205,AIRBAG_ECU,0x133,TX,OK,AC 0F 1E BF 76 D2 A6 D6
2.0223,STEERING_ECU,0x1FF,RX,OK,24 39 7A 3F D0 40 CA 63
2.0248,ABS_ECU,0x12A,RX,OK,8C B1 C2 BE 1A FA 2D C9
2.0278,STEERING_ECU,0x170,RX,OK,98 46 52 FB FC 6E 41 FD
2.0323,STEERING_ECU,0x1C2,RX,ERROR,7B D5 22 4A EF 04 31 AC
2.0356,ABS_ECU,0x193,RX,OK,A1 AD 72 7D EC 12 D4 57
2.0399,STEERING_ECU,0x126,RX,OK,3C 10 2B 5C 36 67 32 AA
2.0431,DASHBOARD,0x145,TX,OK,86 58 7F 75 13 36 A1 C8
2.0475,ABS_ECU,0x16C,RX,OK,4C 31 F1 E2 6A 25 19 5B
2.0523,ABS_ECU,0x10B,RX,OK,08 10 55 F7 77 81 6E B8
2.0555,ENGINE_ECU,0x121,RX,OK,62 B7 EA BC F2 C5 6E AC
2.0585,STEERING_ECU,0x12B,TX,OK,E4 D0 85 D0 48 72 29 0E
2.0631,ABS_ECU,0x1F3,TX,OK,75 A2 50 96 40 EF 8B 6A
2.0665,ABS_ECU,0x1DE,TX,OK,95 FF 78 AB 01 F2 1E DD
2.0692,AIRBAG_ECU,0x1F7,RX,ERROR,E7 E6 41 D0 C8 8A FB 96
2.0733,STEERING_ECU,0x186,TX,OK,7F D8 DA A9 00 E1 72 2C
2.0767,DASHBOARD,0x15C,RX,CRC_FAIL,DB 93 73 4D 65 0B 55 2D
2.0801,ENGINE_ECU,0x122,TX,CRC_FAIL,0C FB 93 84 14 14 71 4D
2.0842,STEERING_ECU,0x173,TX,CRC_FAIL,82 9E FF 83 84 B9 EA 76
2.0878,ENGINE_ECU,0x121,TX,OK,4D 9A 54 73 DC 16 AA 18
2.089,AIRBAG_ECU,0x165,TX,ERROR,EE 4E 7A C7 8C 48 7B C2
2.0934,ENGINE_ECU,0x15B,RX,OK,7B E3 F4 4C 6F 07 84 A4
2.0949,AIRBAG_ECU,0x144,TX,ERROR,72 94 5F 76 F3 5E C9 05
2.0991,ENGINE_ECU,0x157,RX,OK,3A BB 2D 1E 47 3F D0 5A
2.1021,DASHBOARD,0x150,TX,CRC_FAIL,D8 C2 01 E8 55 69 97 EE
2.1044,ENGINE_ECU,0x159,TX,OK,BE E7 D4 73 69 74 CB 0C
2.1084,ABS_ECU,0x11D,RX,OK,17 4B 08 46 56 E4 F8 77
2.1125,ENGINE_ECU,0x1C3,TX,OK,3D 60 0A C1 2A 9E 45 C6
2.1142,ABS_ECU,0x184,RX,OK,93 9F 77 EF FB EA E7 0B
2.1161,DASHBOARD,0x1C1,RX,OK,3F 60 B5 E5 1A 42 11 A4
2.1183,ABS_ECU,0x1A5,TX,TIMEOUT,1A B6 09 F2 BC 3F 62 69
2.1225,ABS_ECU,0x15A,RX,CRC_FAIL,EF D2 69 3C BC C3 BC CC
2.1258,AIRBAG_ECU,0x148,RX,OK,EF FC F4 90 A6 E6 DE 55
2.1283,ENGINE_ECU,0x1A3,RX,OK,23 5F 43 8B E0 D2 DE AC
2.1331,DASHBOARD,0x1B2,TX,OK,44 65 51 F9 7B 01 AB 5C
2.1379,STEERING_ECU,0x1D0,TX,TIMEOUT,E0 E9 95 F5 83 11 F9 72
2.1409,AIRBAG_ECU,0x1ED,RX,TIMEOUT,31 BD 39 5C 28 08 96 69
2.1456,ENGINE_ECU,0x136,TX,OK,AE 17 24 B2 B6 CC D8 3D
2.1468,ABS_ECU,0x19B,RX,TIMEOUT,2F 75 A0 7A 0A EC 62 60
2.1509,ABS_ECU,0x194,TX,TIMEOUT,85 88 46 0A BF 5F 09 C3
2.1543,ABS_ECU,0x14A,RX,TIMEOUT,D8 30 35 1D B7 2F F6 59
2.1559,AIRBAG_ECU,0x1EB,TX,OK,88 B0 98 0E C1 6F 01 17
2.1605,ABS_ECU,0x104,RX,CRC_FAIL,61 6E 61 14 B2 AB 46 21
2.1648,DASHBOARD,0x157,RX,CRC_FAIL,BA A4 68 AA EF 59 4E 18
2.1664,ABS_ECU,0x1DC,TX,OK,7E D3 D7 80 8B BE EF 49
2.1692,AIRBAG_ECU,0x180,TX,CRC_FAIL,BB 8A 86 36 84 F1 5F B2
2.1737,STEERING_ECU,0x1C2,TX,ERROR,1B A5 1F 33 EF 35 CA 1B
2.1754,AIRBAG_ECU,0x1C7,RX,OK,36 61 82 50 AF 56 0B CE
2.1802,AIRBAG_ECU,0x151,RX,TIMEOUT,0C 3C D6 FA F0 37 14 03
2.1849,ENGINE_ECU,0x161,RX,CRC_FAIL,E6 43 8A 4C 8A D0 86 38
2.186,STEERING_ECU,0x1B9,TX,OK,07 D6 D6 15 CB 26 B0 8F
2.1905,STEERING_ECU,0x17F,TX,ERROR,C6 92 10 F6 FB FF 1D C8
2.192,STEERING_ECU,0x1F3,TX,OK,05 F6 28 5A 3B A8 7D 55
2.1969,STEERING_ECU,0x188,TX,OK,07 EA 48 62 A0 ED C3 D6
2.1996,AIRBAG_ECU,0x115,RX,OK,36 2F 61 7D C6 E5 0B DD
2.2029,STEERING_ECU,0x1E8,TX,OK,5F F7 85 0F 40 9B E8 83
2.2074,ENGINE_ECU,0x1DA,RX,OK,9B D1 E7 E0 99 72 E3 C5
2.2115,DASHBOARD,0x1A5,TX,TIMEOUT,8A 34 65 71 30 42 4D CA
2.215,ABS_ECU,0x15D,TX,OK,21 2C 9E F1 5B E6 A7 0A
2.2162,STEERING_ECU,0x151,TX,OK,70 17 D1 5F 72 E4 97 72
2.2195,AIRBAG_ECU,0x135,TX,OK,FF FF 58 BD CF 39 4B 79
2.2207,DASHBOARD,0x105,RX,OK,A0 49 44 25 06 A6 7C 57
2.2231,ABS_ECU,0x119,RX,OK,B2 C9 FF 2B E9 80 84 6C
2.2271,ABS_ECU,0x133,TX,ERROR,9B 84 8D 89 7B 44 9C 2E
2.2311,STEERING_ECU,0x164,RX,TIMEOUT,BA 69 40 B1 51 22 11 3A
2.2356,DASHBOARD,0x11F,RX,OK,40 E3 7B 58 75 53 EC 10
2.2368,DASHBOARD,0x1B6,RX,ERROR,9F 87 DB 1B A7 85 BA 39
2.2397,DASHBOARD,0x1AE,RX,OK,11 23 3A 9D 13 D7 24 57
2.2423,STEERING_ECU,0x13A,TX,OK,39 63 FC BD D2 23 FB 30
2.2437,ENGINE_ECU,0x168,TX,OK,C5 4F 55 B8 49 27 B1 2A
2.2461,ENGINE_ECU,0x1FE,RX,OK,07 4F D3 C0 25 35 98 1F
2.2501,AIRBAG_ECU,0x17A,RX,OK,D8 CE 3E 57 AD CF B1 69
2.253,DASHBOARD,0x1EE,TX,OK,3D 62 50 09 55 60 52 24
2.2571,ENGINE_ECU,0x10A,TX,OK,44 60 0C C4 19 AA A0 69
2.2583,ABS_ECU,0x10E,RX,OK,07 0E 4A 04 14 25 01 55
2.2596,ABS_ECU,0x157,RX,OK,AF 6A AF EE 28 B6 CE EF
2.2609,DASHBOARD,0x130,RX,OK,E3 82 CB 75 21 F7 58 EC
2.2654,AIRBAG_ECU,0x115,TX,CRC_FAIL,BE 4F 0B 05 43 4C E7 C8
2.2686,DASHBOARD,0x15C,RX,OK,38 99 86 1F F2 56 11 12
2.2698,ENGINE_ECU,0x1EA,TX,TIMEOUT,FA 9B D8 35 6F DA A8 9F
2.273,ENGINE_ECU,0x1BD,RX,OK,36 83 D0 08 9C C5 45 07
2.2744,ENGINE_ECU,0x170,RX,OK,2F 91 0F AD C2 99 BA 83
2.2783,AIRBAG_ECU,0x1F5,RX,CRC_FAIL,B5 0A 34 31 78 72 64 B2
2.2819,STEERING_ECU,0x1CE,RX,OK,CC EC 17 71 4D 7D 39 2B
2.2866,STEERING_ECU,0x16A,RX,OK,76 A3 87 39 2F 3A 54 5F
2.2897,AIRBAG_ECU,0x11C,TX,OK,5B 61 47 77 F3 9B E3 92
2.2921,AIRBAG_ECU,0x194,TX,OK,7A FA 36 E1 83 21 B1 56
2.2936,STEERING_ECU,0x1D6,RX,OK,36 1D 55 B8 F1 E3 AA 1F
2.2959,STEERING_ECU,0x127,TX,ERROR,E3 89 04 44 85 56 79 00
2.2989,ABS_ECU,0x15F,TX,OK,9A 5B 44 1F C9 55 16 41
2.3022,STEERING_ECU,0x1F4,TX,CRC_FAIL,9A B5 1F 58 E7 70 CE 89
2.304,AIRBAG_ECU,0x197,RX,OK,7B 41 6A 9D CA 29 B7 91
2.3079,AIRBAG_ECU,0x195,TX,TIMEOUT,84 0C B5 E0 B3 B8 EE 3A
2.311,AIRBAG_ECU,0x181,TX,OK,7A 4C 50 35 B1 27 26 E0
2.313,STEERING_ECU,0x159,RX,OK,43 81 DF 01 2D F2 41 38
2.3149,ENGINE_ECU,0x1FE,TX,OK,F5 1C AA F6 D7 E6 92 B8
2.3191,ENGINE_ECU,0x134,RX,TIMEOUT,FC EC 99 76 9D AB 1C 1B
2.3224,STEERING_ECU,0x1A5,TX,ERROR,74 8D 8F 91 61 65 3D 26
2.3241,ENGINE_ECU,0x1E7,TX,OK,9C BA 5C 9E 11 DD 04 81
2.3254,AIRBAG_ECU,0x1E7,TX,CRC_FAIL,81 36 F4 2D E1 D4 52 E3
2.3279,ABS_ECU,0x188,RX,OK,CD 6A F0 E4 3E 02 60 5B
2.3314,STEERING_ECU,0x1F9,RX,OK,FB B5 11 D0 03 3D 7E 99
2.3325,ENGINE_ECU,0x141,RX,OK,2A BD A3 98 6C 01 8E 5A
2.3363,ENGINE_ECU,0x113,RX,OK,55 4D 9C 1F C4 0F D4 2A
2.3384,DASHBOARD,0x1CA,RX,OK,45 D8 32 D8 C7 12 EF B9
2.343,DASHBOARD,0x121,TX,OK,6A 82 AB 8B 10 70 0E 92
2.3458,ABS_ECU,0x10E,RX,TIMEOUT,F4 65 F6 39 23 7F D9 44
2.3483,STEERING_ECU,0x10E,TX,OK,FE 09 EC BF 32 AF 93 4A
2.3518,ABS_ECU,0x14E,RX,OK,C2 B4 3D 3B 74 64 9C C2
2.3545,ENGINE_ECU,0x1F7,TX,CRC_FAIL,76 69 A1 85 56 DE E4 69
2.3585,AIRBAG_ECU,0x172,RX,OK,B5 79 A4 20 39 C0 14 BD
2.3603,STEERING_ECU,0x1B5,TX,OK,AC D7 2C DA 4E 8B 9F C5
2.3639,ENGINE_ECU,0x10A,RX,OK,B0 FE F0 40 9D AE EF FE
2.3682,STEERING_ECU,0x1AB,RX,OK,77 BF AD 9C 6D 1D 27 30
2.3722,ENGINE_ECU,0x146,TX,CRC_FAIL,15 D1 D6 DD 24 3C 11 AE
2.3754,AIRBAG_ECU,0x1D3,TX,TIMEOUT,C2 C8 3E 79 1C 41 AB 10
2.3803,DASHBOARD,0x151,RX,OK,1B 51 42 EB F7 F7 9F 01
2.3847,DASHBOARD,0x1C6,TX,OK,85 BD 8B EB A3 8A 1C 89
2.3858,STEERING_ECU,0x1A4,RX,OK,CB 1D E1 82 A1 58 F1 BC
2.3904,ENGINE_ECU,0x1BC,RX,OK,F6 BF 83 A2 5C DE 4F 56
2.3914,AIRBAG_ECU,0x1C2,RX,OK,E7 10 B9 96 96 5C 53 8B
2.3948,AIRBAG_ECU,0x168,TX,OK,4D F4 FC B2 EB AA 01 7B
2.3989,AIRBAG_ECU,0x1CA,RX,OK,9C EF 0E 86 B7 5C 44 2D
2.4001,DASHBOARD,0x103,RX,OK,90 D2 B9 67 57 AE 8B B8
2.4017,STEERING_ECU,0x1A8,TX,OK,F9 BF 46 2E FE 96 AC B7
2.4054,STEERING_ECU,0x146,TX,OK,56 58 C0 10 B9 04 92 CE
2.4071,AIRBAG_ECU,0x129,RX,CRC_FAIL,03 C6 31 89 DC 82 E5 33
2.4092,ENGINE_ECU,0x165,RX,TIMEOUT,D7 AA A0 A9 AC 88 16 93
2.4124,ABS_ECU,0x177,RX,OK,47 1B 27 0E 44 48 BE 87
2.4167,AIRBAG_ECU,0x19C,RX,OK,44 8E 7D C7 F6 4D 25 99
2.4202,STEERING_ECU,0x181,RX,ERROR,A7 BC 3B 7B 83 C5 A4 EB
2.4235,AIRBAG_ECU,0x182,RX,OK,C0 A6 DC 05 C8 70 D7 75
2.4275,ABS_ECU,0x148,TX,OK,EB 17 24 C4 1B 2B 84 9C
2.4306,AIRBAG_ECU,0x1B9,RX,OK,48 B6 F3 FC 9E 96 5D B6
2.4354,ABS_ECU,0x1D0,TX,CRC_FAIL,91 B3 B7 5F 32 B0 63 7E
2.4401,ENGINE_ECU,0x1E3,RX,TIMEOUT,C2 9A 2B 04 6A CD 07 09
2.4426,AIRBAG_ECU,0x1DD,TX,OK,87 6E FD 24 66 8B 1F 28
2.4454,STEERING_ECU,0x1AD,RX,OK,B8 DC 19 26 5A B9 05 80
2.4483,ABS_ECU,0x156,RX,TIMEOUT,9E 9C B3 D6 C0 50 FF 6D
2.4502,DASHBOARD,0x19B,TX,OK,97 63 04 06 DD 35 CB 1A
2.4546,DASHBOARD,0x1B7,TX,TIMEOUT,B3 FC 2E 74 F3 51 18 0F
2.4573,AIRBAG_ECU,0x164,RX,OK,76 93 B3 80 07 72 4F 56
2.4607,STEERING_ECU,0x136,RX,OK,B0 E3 DF AD 6A A7 9D 23
2.4632,STEERING_ECU,0x131,RX,OK,A2 F2 5A 35 C1 EC 4D 4D
2.4648,ENGINE_ECU,0x18A,TX,OK,D5 3A DC FF 06 5E 8B 8A
2.4693,ENGINE_ECU,0x14B,TX,OK,65 FA 14 53 1F E2 62 DC
2.4735,ENGINE_ECU,0x1DD,RX,OK,50 20 54 57 EE 1B 03 3D
2.4764,STEERING_ECU,0x1BD,TX,OK,A8 AD 5F 79 45 3B 5C 68
2.4795,ENGINE_ECU,0x1E3,RX,OK,52 90 B5 34 17 DB DC 2E
2.4843,AIRBAG_ECU,0x187,RX,ERROR,8A C9 28 DB C2 37 1C C4
2.4888,ENGINE_ECU,0x1DC,TX,OK,7F EE A3 EA 6A 87 6C 5A
2.4929,ABS_ECU,0x1F1,TX,OK,79 8E 67 16 33 C4 55 BB
2.4968,ABS_ECU,0x16F,TX,OK,0C BC D2 83 00 06 E2 BB
2.4985,AIRBAG_ECU,0x14C,RX,OK,46 23 49 67 1B F1 E5 B9
2.5018,STEERING_ECU,0x1E2,TX,OK,C7 E2 16 D8 2F A1 50 5E
2.5038,AIRBAG_ECU,0x1BB,RX,OK,3D 9E 20 64 B4 1F 88 6F
2.5069,STEERING_ECU,0x1C0,RX,OK,D1 6A 79 F2 EA 9A D4 64
2.5092,STEERING_ECU,0x130,RX,ERROR,03 49 6A FA 81 19 54 77
2.5113,ENGINE_ECU,0x1B1,RX,TIMEOUT,06 6A 69 A7 DC 21 06 22
2.5142,AIRBAG_ECU,0x135,RX,OK,E9 4B 29 DE 0C D6 21 CC
2.5181,ENGINE_ECU,0x10A,RX,OK,56 75 E6 0B 06 8F 43 E9
2.5208,ENGINE_ECU,0x144,RX,OK,8E EC 9F 4D 79 50 65 B8
2.5219,ABS_ECU,0x101,RX,OK,C4 9E 9B C9 06 2D 65 6F
2.5249,AIRBAG_ECU,0x17C,TX,OK,34 13 99 21 EB 53 E7 BE
2.5294,ENGINE_ECU,0x194,TX,OK,9C D2 6F 75 C1 C9 15 E7
2.5314,STEERING_ECU,0x1C9,TX,OK,A0 1E 85 1D ED C3 2C 02
2.5344,STEERING_ECU,0x1B3,TX,ERROR,0E EE 3E 3D C1 B3 5D AE
2.5383,ABS_ECU,0x17E,TX,OK,6A CF 53 88 C2 75 0D B8
2.5407,DASHBOARD,0x14E,TX,ERROR,4B E2 1D C2 87 DF 91 B9
2.5423,ABS_ECU,0x11D,TX,OK,0E A8 DC 76 B1 6A 5D D2
2.5446,DASHBOARD,0x1DC,RX,ERROR,35 C7 E3 B3 A4 C8 61 2D
2.5471,STEERING_ECU,0x17F,RX,OK,2A E8 1F D5 C5 8A 35 9E
2.549,STEERING_ECU,0x1AE,RX,OK,0E B3 35 FD 29 8A 02 DE
2.5511,DASHBOARD,0x186,RX,OK,A7 A8 99 BF 03 0F 6A 7B
2.553,STEERING_ECU,0x18F,TX,OK,92 E7 FA 0D 0B 78 A7 4D
2.5573,AIRBAG_ECU,0x182,TX,OK,6C 59 B4 DC 4A 48 64 0C
2.5606,ABS_ECU,0x12B,TX,OK,42 08 B7 CC 83 70 63 89
2.5618,DASHBOARD,0x1F1,RX,OK,B6 23 FE AC 14 8C B8 F0
2.5667,STEERING_ECU,0x182,TX,TIMEOUT,C1 F2 40 AF 65 2A 51 AB
2.5682,ABS_ECU,0x14C,TX,OK,97 A7 3B 00 30 F1 94 6E
2.5724,DASHBOARD,0x14A,RX,OK,C0 0E EA 60 EA CF DE 76
2.5766,DASHBOARD,0x154,RX,OK,EF A8 F9 28 7F FC B2 5F
2.5782,AIRBAG_ECU,0x1AF,RX,OK,67 37 1C 39 D3 46 44 AC
2.58,ENGINE_ECU,0x1F3,TX,TIMEOUT,A2 9D 47 54 D4 85 BF E9
2.5837,ABS_ECU,0x14C,RX,OK,8A 6D 44 02 3C 1D 13 3F
2.5866,ENGINE_ECU,0x179,RX,OK,FD C6 0F 53 CF FF C0 98
2.5883,ENGINE_ECU,0x139,RX,OK,63 D9 CF B5 D7 B1 B2 AC
2.5914,AIRBAG_ECU,0x1FB,RX,OK,9A FD FD D7 43 07 49 F9
2.5944,AIRBAG_ECU,0x120,RX,CRC_FAIL,5A 03 79 D1 35 34 AE 50
2.5991,DASHBOARD,0x1FD,TX,ERROR,31 55 4E 5D E4 FA 23 59
2.6015,STEERING_ECU,0x193,TX,ERROR,D1 73 6F 7E 74 E0 9B B9
2.6051,ABS_ECU,0x1ED,TX,OK,6F 1A 31 63 B1 16 37 A5
2.6089,AIRBAG_ECU,0x111,RX,OK,4F 86 90 8C DD 80 DA 91
2.6115,STEERING_ECU,0x1A8,TX,OK,D7 17 D4 5C C9 F4 DC 1D
2.6141,ABS_ECU,0x117,RX,OK,B1 C9 77 02 8F E4 C9 30
2.6155,ABS_ECU,0x1D1,RX,ERROR,E9 4E 92 B3 0D CB E8 05
2.6184,DASHBOARD,0x1E6,RX,ERROR,E3 78 55 BA 4E B5 A1 F3
2.6206,STEERING_ECU,0x153,RX,OK,39 9B 28 91 05 20 F6 C5
2.6249,AIRBAG_ECU,0x1E0,RX,OK,D1 1C B9 FA 03 95 A1 C8
2.6295,ENGINE_ECU,0x105,RX,OK,FC 28 D0 23 40 EE B9 54
2.6333,ABS_ECU,0x194,TX,OK,70 DD 0E 9D 4A 95 D6 D9
2.6364,DASHBOARD,0x122,RX,OK,39 C9 48 9A FF C6 08 7D
2.6396,DASHBOARD,0x1A7,RX,OK,CC 91 19 E6 A9 38 55 60
2.642,DASHBOARD,0x115,TX,CRC_FAIL,DA ED D1 F3 EB 00 84 02
2.6452,ENGINE_ECU,0x188,RX,OK,E7 CD 1B 7D 3D 67 98 DC
2.647,AIRBAG_ECU,0x1C1,RX,CRC_FAIL,3A ED 01 B5 76 A6 B1 E8
2.6496,ABS_ECU,0x175,TX,OK,53 B2 CB 7B 4D F2 E6 82
2.6525,STEERING_ECU,0x197,RX,OK,C6 71 38 A1 F4 23 F7 E6
2.6553,STEERING_ECU,0x1A7,TX,OK,BF AD 9E 00 04 E0 4A 66
2.6603,AIRBAG_ECU,0x1A3,TX,OK,10 B2 D2 38 42 26 4B 17
2.6628,STEERING_ECU,0x168,TX,OK,35 24 9E 4B FC B3 80 B3
2.664,ENGINE_ECU,0x13B,TX,OK,32 92 8A B9 77 18 52 A8
2.6682,DASHBOARD,0x1CF,RX,ERROR,F5 5B C4 3D 84 60 FE A5
2.6716,STEERING_ECU,0x162,RX,OK,56 6C 4F 58 D5 A7 DE B9
2.6751,ENGINE_ECU,0x11D,TX,OK,A3 A5 8B 60 B3 90 43 BE
2.6774,AIRBAG_ECU,0x128,TX,CRC_FAIL,2C C9 D6 8C 29 BB 69 9B
2.6798,DASHBOARD,0x108,RX,CRC_FAIL,51 6C E1 E6 83 14 39 5E
2.681,DASHBOARD,0x142,RX,TIMEOUT,21 24 2B 67 64 5B 6C 22
2.6858,DASHBOARD,0x133,TX,OK,D7 FA 02 BA 8E 8F 49 BE
2.6894,AIRBAG_ECU,0x1F5,RX,OK,AB 07 47 F0 5B 06 8F C0
2.6913,ENGINE_ECU,0x123,RX,OK,42 BC 5B 17 C1 53 61 32
2.6939,AIRBAG_ECU,0x108,TX,TIMEOUT,2C B8 A2 CC 54 72 5A BC
2.6975,ENGINE_ECU,0x1E0,RX,ERROR,15 6B 9B 41 D8 BB 56 16
2.7009,DASHBOARD,0x108,RX,OK,4E 08 EE 69 A1 E9 54 49
2.7044,DASHBOARD,0x1A7,TX,ERROR,FD 84 E4 13 97 FC 95 64
2.7073,STEERING_ECU,0x159,TX,OK,86 6F 9A CF 00 8B A8 70
2.7107,ENGINE_ECU,0x1D2,RX,ERROR,78 1A 18 1F F9 9E E8 25
2.7144,DASHBOARD,0x122,RX,OK,89 C1 16 80 82 25 E0 74
2.7183,STEERING_ECU,0x1F9,RX,OK,EE 50 82 F1 58 88 81 34
2.7199,ENGINE_ECU,0x1C6,TX,TIMEOUT,E7 4E AA 52 1D E7 D2 48
2.7221,AIRBAG_ECU,0x17F,RX,TIMEOUT,3B 12 66 A6 A0 21 8D 29
2.7245,STEERING_ECU,0x16D,TX,OK,C8 AD 98 46 90 F2 F2 9F
2.7267,DASHBOARD,0x12E,RX,TIMEOUT,A3 77 46 27 FA 0D 93 79
2.7289,DASHBOARD,0x1ED,RX,OK,CE E2 55 BB 73 E8 66 3F
2.7328,ABS_ECU,0x13E,RX,ERROR,A3 2C 51 ED 8E 70 79 56
2.7351,AIRBAG_ECU,0x128,TX,OK,9E 6B 35 74 FE CD 52 61
2.7364,AIRBAG_ECU,0x15E,TX,OK,07 1E 32 6F 67 79 D9 02
2.7402,DASHBOARD,0x1EA,TX,OK,2B 17 AF BE 67 86 23 10
2.7414,STEERING_ECU,0x1EE,RX,CRC_FAIL,92 D1 E8 FD 3D 8F 4D FD
2.7453,STEERING_ECU,0x13C,TX,OK,22 27 60 82 3E 53 EA C0
2.7487,ABS_ECU,0x17A,TX,OK,95 EA 04 A2 EE 98 69 5E
2.7508,ABS_ECU,0x130,RX,OK,40 4D 9C E9 1A 9E 58 2F
2.7558,ENGINE_ECU,0x157,TX,OK,89 90 97 4A 9D F0 D5 D3
2.7569,ABS_ECU,0x19B,TX,ERROR,CA B5 30 60 94 85 2D C7
2.7584,DASHBOARD,0x177,RX,OK,20 BF BE DE DD D8 B5 54
2.7631,AIRBAG_ECU,0x129,TX,TIMEOUT,A5 8E C3 F1 3A 5A CC 56
2.7676,ENGINE_ECU,0x183,RX,CRC_FAIL,A3 46 CB B8 FD E4 65 B2
2.7693,ABS_ECU,0x1D8,TX,OK,E0 64 18 99 ED 7B 87 B0
2.7721,ABS_ECU,0x1F3,RX,OK,4E 32 EB DA 55 FA 54 63
2.775,STEERING_ECU,0x12D,RX,OK,4E 6B C1 A7 67 F4 FA 1A
2.7771,ENGINE_ECU,0x162,RX,OK,A2 C9 2F 5F 6B 23 AA FD
2.7799,AIRBAG_ECU,0x120,RX,TIMEOUT,6D 6C 6C 5F FF C8 BB 13
2.7816,STEERING_ECU,0x15F,RX,OK,30 75 E8 33 C4 7C 12 26
2.785,STEERING_ECU,0x1AE,TX,OK,14 E4 FA BB 7B 26 A4 FE
2.786,STEERING_ECU,0x156,RX,OK,06 85 7F C2 A1 76 4C 05
2.7892,DASHBOARD,0x1F2,TX,OK,AA F4 E4 D1 88 C0 F9 F1
2.7916,ABS_ECU,0x17A,RX,TIMEOUT,D6 19 4E 90 5B 63 AB B4
2.7966,STEERING_ECU,0x1DE,RX,OK,18 37 CA C6 B3 F2 0E 47
2.8005,ENGINE_ECU,0x177,TX,OK,E3 94 74 5F B5 46 1F 37
2.8033,ENGINE_ECU,0x1E1,RX,ERROR,0A C4 1F 85 D0 A5 9A 18
2.8052,ABS_ECU,0x181,TX,OK,81 8E AD CC 63 EA 9F 00
2.8092,ENGINE_ECU,0x1F3,RX,OK,7C 19 7A 5B 37 C5 12 74
2.8114,DASHBOARD,0x169,RX,OK,E4 A0 CE FE 7D 98 7E 05
2.8124,DASHBOARD,0x194,RX,OK,64 C7 55 65 19 06 A8 59
2.8169,ABS_ECU,0x1F8,TX,ERROR,AE EB 8D 6A B7 6F BF BE
2.8201,ABS_ECU,0x1E0,RX,OK,A1 C9 C1 21 01 68 A6 3F
2.8223,DASHBOARD,0x18D,RX,CRC_FAIL,E9 71 FE AB 78 FC 90 42
2.8237,DASHBOARD,0x12B,RX,OK,54 DF DB AA 83 A8 0C A8
2.8256,STEERING_ECU,0x1F9,RX,OK,78 68 73 C3 46 C3 E1 DE
2.8269,ABS_ECU,0x1AB,RX,OK,53 D6 D9 2B 51 9E 54 26
2.8312,DASHBOARD,0x14C,RX,OK,2C DF B1 7E D6 64 BA 31
2.8353,STEERING_ECU,0x1EF,TX,OK,F7 C6 8C 63 AE 33 E8 72
2.8377,ABS_ECU,0x17E,TX,OK,D2 01 B9 24 8C 64 CD CF
2.8423,ENGINE_ECU,0x127,TX,OK,55 90 53 9E 38 C5 F5 36
2.8467,ABS_ECU,0x16E,TX,OK,6D 51 8A 7F 4F E9 11 53
2.8515,STEERING_ECU,0x180,RX,OK,F7 A8 3C C1 04 AE 39 7C
2.8532,ENGINE_ECU,0x16C,RX,OK,56 C9 A7 AF A9 3C 21 47
2.8554,AIRBAG_ECU,0x15F,RX,OK,37 C1 BA 6A 64 5D AE 5C
2.8596,AIRBAG_ECU,0x177,RX,OK,45 12 99 5B 42 C2 0C B4
2.8643,ENGINE_ECU,0x180,RX,OK,F7 DA 24 2B 0E E3 06 9B
2.8661,AIRBAG_ECU,0x1E8,TX,OK,14 B7 4C 70 C4 FF 28 3B
2.8677,ABS_ECU,0x1A2,TX,OK,97 F2 99 44 21 60 C3 F9
2.8702,DASHBOARD,0x18C,TX,TIMEOUT,E6 27 96 43 86 D7 1E A4
2.8727,AIRBAG_ECU,0x189,TX,OK,15 D4 1B B6 9A AF C7 E1
2.8762,AIRBAG_ECU,0x1A3,RX,OK,D9 52 21 64 AA FB 89 14
2.8801,STEERING_ECU,0x1E2,RX,ERROR,8E 0C CB F1 29 E3 08 FF
2.8819,ABS_ECU,0x166,TX,OK,DA 7B E1 F9 5B D6 23 C8
2.8848,ABS_ECU,0x14D,RX,OK,9E 4D C2 E3 F2 12 15 D3
2.888,ABS_ECU,0x1D5,RX,CRC_FAIL,DD 9B BA 36 D1 F7 26 AB
2.8892,ENGINE_ECU,0x1AA,RX,CRC_FAIL,70 01 E0 1C 31 55 03 8C
2.8925,STEERING_ECU,0x193,RX,OK,AF E4 DF 65 82 D3 1D 3C
2.8964,ABS_ECU,0x12D,RX,ERROR,86 EA A4 A5 E8 39 2E D1
2.8981,ABS_ECU,0x1C7,TX,OK,42 82 21 32 05 85 0A C4
2.9025,ENGINE_ECU,0x174,TX,OK,15 D7 8D EA 90 70 0F 4E
2.9041,ABS_ECU,0x13A,RX,OK,67 54 41 3E 30 9F F8 55
2.9061,DASHBOARD,0x149,TX,ERROR,23 B5 47 EE D2 82 9E 0E
2.9071,ABS_ECU,0x1D6,TX,OK,70 F3 E3 51 14 B7 74 47
2.9116,ENGINE_ECU,0x170,TX,TIMEOUT,F2 FC 59 1F 69 DF 9C 68
2.9165,DASHBOARD,0x112,TX,OK,F8 54 CA B6 AF 52 93 7D
2.9184,STEERING_ECU,0x1B2,RX,OK,EF 61 FD F4 6B 4F EB 97
2.9206,ABS_ECU,0x185,RX,TIMEOUT,95 7B 8D 60 CB 55 DB 37
2.9233,STEERING_ECU,0x128,TX,OK,9F C5 68 83 9C FB 69 CC
2.9243,STEERING_ECU,0x137,TX,OK,DF 35 E3 5E 0C 49 04 A7
2.9268,AIRBAG_ECU,0x16B,TX,OK,03 CA DE 02 30 8C BD 36
2.93,STEERING_ECU,0x121,TX,OK,70 4F C1 3F A7 B1 77 BC
2.9327,ENGINE_ECU,0x180,RX,OK,C2 D6 83 48 0E 84 7C 67
2.9369,DASHBOARD,0x1FA,TX,OK,52 7E 01 35 9D 46 85 8C
2.9394,STEERING_ECU,0x15D,TX,OK,FC EF C1 93 8C 8E 30 9A
2.9423,ENGINE_ECU,0x1AA,TX,OK,5A E5 AB 2D 21 0D 5C 80
2.9442,AIRBAG_ECU,0x11D,RX,OK,56 F9 2D 91 BC B2 A4 98
2.9473,DASHBOARD,0x12A,TX,OK,02 C7 AF 7B 4E 47 70 84
2.9501,STEERING_ECU,0x127,RX,OK,30 C4 BA EA 0A 0B 1C D5
2.955,AIRBAG_ECU,0x1C0,RX,OK,21 9A 22 E8 E2 9C 26 C7
2.9568,AIRBAG_ECU,0x1A2,TX,OK,EC 10 C0 94 5B 1A 4F 03
2.9606,DASHBOARD,0x199,TX,OK,1E 28 E3 08 18 30 05 0B
2.963,STEERING_ECU,0x124,TX,OK,2B F6 4F 2A 7C E4 02 55
2.9671,DASHBOARD,0x163,RX,OK,C9 C3 93 AE 27 AA 1D BB
2.9708,AIRBAG_ECU,0x16C,RX,OK,A6 BF F0 FE 07 11 4D 73
2.9725,DASHBOARD,0x19E,RX,OK,09 D8 7A 7E 3D 3F 15 FD
2.9751,DASHBOARD,0x1C0,RX,OK,1B D8 B6 29 FE 01 94 B4
2.9763,AIRBAG_ECU,0x11F,RX,OK,C7 87 70 4A 44 21 02 11
2.9779,AIRBAG_ECU,0x15B,RX,OK,5A 48 8E 34 50 F0 87 FF
2.9818,DASHBOARD,0x160,RX,OK,0F 76 70 1A EF 98 DE 6A
2.9854,AIRBAG_ECU,0x144,TX,OK,08 BD 51 D7 9C 67 25 3F
2.9868,STEERING_ECU,0x1B0,TX,ERROR,7E 01 2F 49 09 E4 3B EF
2.9918,ABS_ECU,0x1BA,TX,OK,57 FC 21 CC A8 2D 6F 0A
2.9962,DASHBOARD,0x1F8,TX,CRC_FAIL,2F D0 81 95 DB E1 3F E1
2.9984,ABS_ECU,0x1A1,TX,OK,D9 D9 99 93 AC 1B 3F C5
2.9997,AIRBAG_ECU,0x1E1,TX,TIMEOUT,36 A5 2E EA 13 31 BD D6
3.0034,ABS_ECU,0x161,RX,OK,83 44 40 43 10 F4 45 5B
3.0068,ABS_ECU,0x10D,TX,TIMEOUT,19 86 3F 3B AC 50 F1 B9
3.0114,STEERING_ECU,0x13A,TX,CRC_FAIL,75 07 59 08 A0 8C 3C 4E
3.0148,ENGINE_ECU,0x135,RX,OK,38 AA 8D 00 3D 66 26 DF
3.0185,ABS_ECU,0x10E,TX,OK,57 1A CA 1D FD EB 65 88
3.0201,ENGINE_ECU,0x18E,RX,TIMEOUT,54 1B 57 7A 8B AE D8 2C
3.0234,STEERING_ECU,0x1C6,RX,OK,11 D8 D6 E7 EF 82 A5 92
3.0277,AIRBAG_ECU,0x1A9,RX,TIMEOUT,55 75 60 E2 C9 DC B4 6C
3.0287,DASHBOARD,0x189,TX,OK,63 E8 7B F3 2D D8 A5 BD
3.0315,ENGINE_ECU,0x1E7,RX,TIMEOUT,8F 2E 8B 8F CB 4C EF 1C
3.0333,DASHBOARD,0x17A,TX,OK,AF 5F 71 66 D2 A5 78 18
3.0359,DASHBOARD,0x1B3,TX,OK,01 DA 66 60 81 72 07 33
3.0402,ENGINE_ECU,0x1BC,TX,OK,C1 21 9A 38 A4 C6 24 B7
3.0435,ABS_ECU,0x151,RX,OK,A5 C4 79 2E 3E B6 14 B1
3.0476,STEERING_ECU,0x18F,TX,OK,ED 39 65 DC 82 A2 19 CB
3.0493,AIRBAG_ECU,0x11B,RX,OK,A5 4D 1C ED D5 8B 7D 40
3.052,ABS_ECU,0x193,RX,OK,E5 AB CD 5E 2E 1D C7 C7
3.0539,DASHBOARD,0x1E7,TX,TIMEOUT,40 34 33 A5 39 B1 ED D3
3.0569,DASHBOARD,0x1E9,RX,OK,21 8F 05 03 57 DA 3E 67
3.0587,ENGINE_ECU,0x190,RX,OK,05 56 E9 26 C5 10 AF E1
3.062,STEERING_ECU,0x186,TX,OK,5C 0D 91 60 4E 88 03 D7
3.0638,ENGINE_ECU,0x1D9,TX,OK,DF D8 A0 BF 67 EF CB 09
3.0686,AIRBAG_ECU,0x148,RX,OK,5A 4C C8 66 2D DC 5B FF
3.0709,AIRBAG_ECU,0x165,RX,OK,DF 64 EA 04 1A 3A D1 CB
3.075,STEERING_ECU,0x1C6,RX,ERROR,BE F9 97 30 11 46 8B 4A
3.0765,ENGINE_ECU,0x129,TX,OK,81 B7 15 C2 F7 43 29 EE
3.08,ENGINE_ECU,0x179,RX,OK,E9 7C 16 21 19 65 9D 5F
3.0844,STEERING_ECU,0x1C9,TX,OK,D4 8F D5 A3 EC 6A 6C 03
3.0872,DASHBOARD,0x17D,RX,CRC_FAIL,C8 47 3F D5 97 37 39 37
3.091,ABS_ECU,0x129,RX,OK,4B 66 13 9B 97 DE AE 25
3.0923,AIRBAG_ECU,0x17F,RX,OK,2B 74 21 72 80 88 34 2F
3.0966,DASHBOARD,0x185,RX,CRC_FAIL,F3 1C 06 D7 03 C0 BE 12
3.099,DASHBOARD,0x122,TX,CRC_FAIL,B2 F6 DB A5 3A 59 3B 39
3.1016,DASHBOARD,0x1D5,RX,OK,81 1D 2F 99 05 4E 63 50
3.106,ABS_ECU,0x157,TX,OK,C4 42 D4 CA 2B 7F C1 8B
3.1072,ENGINE_ECU,0x12A,RX,OK,57 16 7F DC 9B 26 DA AB
3.1084,AIRBAG_ECU,0x1DA,TX,OK,14 28 99 DB 57 17 7D FA
3.1118,ENGINE_ECU,0x151,TX,ERROR,3C FF FB 5E 2E 41 FC F1
3.1158,DASHBOARD,0x1A3,RX,OK,75 1D 05 EA 64 9B E6 55
3.1179,ENGINE_ECU,0x182,RX,TIMEOUT,07 C2 EE 6B 83 18 FF 99
3.1212,ENGINE_ECU,0x1C8,TX,OK,4E 55 D3 BA 6B 32 05 70
3.1225,ENGINE_ECU,0x16A,TX,OK,C1 D8 C0 BB 60 34 9B 76
3.1255,STEERING_ECU,0x1D2,RX,OK,83 4B 31 56 FD 41 95 80
3.1289,ENGINE_ECU,0x132,TX,ERROR,0A B4 58 B2 CE 15 E8 C7
3.1302,ENGINE_ECU,0x1EE,TX,OK,0D 46 79 83 6F 65 17 42
3.1325,ABS_ECU,0x15E,RX,TIMEOUT,4C 06 6B 8F 58 BC 98 B0
3.1373,ABS_ECU,0x135,RX,OK,B0 45 5F 25 F8 87 37 43
3.1392,STEERING_ECU,0x17B,RX,OK,6B 8F AF B3 0F 8B AC 71
3.1412,AIRBAG_ECU,0x16F,RX,OK,27 A1 23 CB 4C A6 55 BF
3.1434,ENGINE_ECU,0x1A0,TX,TIMEOUT,A0 F3 2B 6A 2B 12 FC E4
3.1465,ENGINE_ECU,0x1A4,TX,OK,CD B4 38 CC E8 7E B4 78
3.149,ENGINE_ECU,0x118,RX,CRC_FAIL,52 16 1D 8F B6 86 80 7D
3.1532,ABS_ECU,0x1E7,TX,OK,23 25 6E 00 74 BA 43 0F
3.1558,DASHBOARD,0x173,RX,TIMEOUT,A4 37 F2 50 AC B3 63 D9
3.1608,ENGINE_ECU,0x159,RX,CRC_FAIL,A0 F0 9F CE 73 24 6B F2
3.1646,STEERING_ECU,0x1D7,TX,OK,A4 19 7F F7 4D 4F 1E 4B
3.1685,AIRBAG_ECU,0x1CB,RX,CRC_FAIL,9F 52 8C 18 A2 33 2A 77
3.173,AIRBAG_ECU,0x1D4,TX,OK,74 07 C5 37 38 44 CF 59
3.1753,AIRBAG_ECU,0x183,RX,OK,6D DB 23 82 47 0E F8 6D
3.1795,DASHBOARD,0x10B,TX,OK,E9 52 4D 0E B3 D8 66 84
3.1805,ENGINE_ECU,0x154,RX,OK,6F 73 C2 23 81 8F 2C B8
3.1839,ENGINE_ECU,0x15B,RX,OK,B0 CE BE 59 11 74 7C CD
3.1865,STEERING_ECU,0x1A1,RX,TIMEOUT,2E 08 B7 5B E9 A2 5A 64
3.1894,AIRBAG_ECU,0x1D4,TX,OK,65 51 CB F1 5F 2C 5D E5
3.1917,ENGINE_ECU,0x1A5,TX,OK,E7 53 A3 47 29 D9 88 32
3.1932,STEERING_ECU,0x107,RX,OK,B2 73 FF 0F 76 B5 DA 87
3.1962,ENGINE_ECU,0x1AB,TX,OK,A0 2E B4 5C FF E9 BD 16
3.2007,AIRBAG_ECU,0x138,TX,CRC_FAIL,43 37 74 69 E3 56 4F 8C
3.2051,AIRBAG_ECU,0x15D,TX,OK,44 BC 0D 03 07 F1 7D 03
3.2098,ENGINE_ECU,0x1B1,RX,OK,06 0C 65 A5 99 F2 2E 54
3.2135,AIRBAG_ECU,0x16F,TX,OK,D6 73 4F A6 0F 9D A0 D8
3.216,AIRBAG_ECU,0x1B8,RX,ERROR,C1 BE 50 B1 94 23 ED FF
3.2209,ENGINE_ECU,0x1C9,RX,OK,37 68 FA E1 CA 0C C0 99
3.2255,STEERING_ECU,0x156,TX,OK,82 F1 05 58 DB D2 F8 D5
3.2297,ENGINE_ECU,0x136,RX,OK,1F A4 2F D6 89 9B 37 48
3.2328,ABS_ECU,0x15B,TX,OK,C6 F1 5B A6 04 14 F5 C1
3.2375,ENGINE_ECU,0x1ED,TX,OK,94 68 ED 33 A1 66 02 1B
3.242,STEERING_ECU,0x158,RX,OK,D0 FC B5 32 17 A4 DC 2C
3.2467,ABS_ECU,0x14F,TX,ERROR,BD A5 DD 03 36 39 7D 2B
3.248,DASHBOARD,0x1DE,TX,OK,46 E2 B6 8A 55 17 9A FF
3.2515,DASHBOARD,0x198,TX,OK,00 B9 8C B6 A7 23 37 70
3.254,ABS_ECU,0x104,RX,ERROR,A9 E6 E1 14 16 EC 9E B0
3.258,AIRBAG_ECU,0x157,RX,OK,43 32 18 9B D0 34 63 B1
3.2595,ABS_ECU,0x1EE,RX,OK,10 49 19 78 8B 4F 0B 96
3.2644,STEERING_ECU,0x1E5,TX,OK,F6 BE 98 CB 35 97 D4 6E
3.2681,STEERING_ECU,0x1D6,RX,OK,6A B4 AE 5C 32 28 17 58
3.273,DASHBOARD,0x168,TX,OK,C9 B4 E8 87 D3 84 9F 81
3.2768,ENGINE_ECU,0x1E5,RX,OK,48 FF 1A 36 CB 60 C6 D2
3.2783,STEERING_ECU,0x10D,TX,OK,F1 66 2A 3D DF B8 27 A7
3.2827,ABS_ECU,0x129,RX,OK,E7 EB 73 F4 58 33 95 C9
3.2857,ABS_ECU,0x150,RX,OK,B2 AC 45 01 43 C8 DD D1
3.2887,AIRBAG_ECU,0x133,TX,OK,3A 0E 69 06 F1 36 DF E8
3.2901,STEERING_ECU,0x1F9,TX,TIMEOUT,0E F5 88 11 BA B0 B2 40
3.2932,ABS_ECU,0x153,RX,TIMEOUT,36 D7 09 D3 49 0A 2F AF
3.2972,DASHBOARD,0x114,RX,OK,8E 37 07 1C 8D 6D F7 B3
3.3001,ABS_ECU,0x175,TX,TIMEOUT,D7 6C 9F 70 BD E6 01 8F
3.3048,AIRBAG_ECU,0x14F,TX,OK,86 1B 14 91 82 9F 83 20
3.3068,ABS_ECU,0x14B,RX,OK,71 77 67 FD 7C 35 77 67
3.3111,DASHBOARD,0x1E0,RX,OK,5C 07 54 30 33 23 0D 9E
3.3129,STEERING_ECU,0x1B7,TX,OK,F6 00 74 27 39 06 F2 D9
3.3163,ENGINE_ECU,0x1DB,RX,OK,86 DA 82 54 E0 9A 52 C9
3.3199,ABS_ECU,0x19D,RX,OK,7E 5D 18 9F B0 AF 2D 1C
3.3246,STEERING_ECU,0x149,TX,OK,6D FE 69 57 6A C1 91 12
3.3268,AIRBAG_ECU,0x148,RX,OK,58 D4 D5 00 09 9B CA 11
3.3287,STEERING_ECU,0x1C0,TX,OK,09 10 F1 7D 1E 10 EF C2
3.3301,DASHBOARD,0x16B,RX,CRC_FAIL,FC 25 BD B5 A4 C3 64 47
3.3327,ABS_ECU,0x13F,RX,OK,0D 7C 63 01 89 EE 27 E6
3.337,ABS_ECU,0x17E,RX,OK,D1 4A A1 93 BA 46 E0 7F
3.3393,AIRBAG_ECU,0x180,TX,OK,77 95 91 03 DE EC 8F 51
3.3421,ENGINE_ECU,0x187,RX,OK,8B D2 C7 9A F0 C6 B9 C2
3.3452,DASHBOARD,0x17B,RX,OK,3F A4 30 57 E6 FD 5F 66
3.3465,ENGINE_ECU,0x148,TX,OK,EC F2 A8 E1 C6 B2 2D B6
3.3508,STEERING_ECU,0x197,TX,OK,B4 C9 3E 28 D5 92 57 65
3.3557,ENGINE_ECU,0x163,RX,OK,D2 38 5E 68 95 6C 6E 47
3.3591,STEERING_ECU,0x10A,RX,TIMEOUT,E7 8A 64 B8 7F 5D CA DC
3.3634,ENGINE_ECU,0x1A1,TX,OK,B0 64 B8 FA C5 42 4F CC
3.3664,STEERING_ECU,0x1E6,RX,CRC_FAIL,C1 6B 44 EF B7 DB DF 35
3.3703,STEERING_ECU,0x154,TX,OK,22 F3 F4 0E 17 3C 05 97
3.3735,AIRBAG_ECU,0x156,TX,OK,00 FF F7 B3 56 68 06 A6
3.3747,ABS_ECU,0x1C2,TX,OK,F4 9F 7E 05 17 40 5C F7
3.378,STEERING_ECU,0x1D1,RX,OK,48 E1 06 D8 DA 74 26 BA
3.3809,DASHBOARD,0x191,TX,OK,26 70 66 6A E0 D6 FA C7
3.3831,STEERING_ECU,0x1C5,TX,CRC_FAIL,DF 4B CC 99 A0 25 B7 9A
3.3867,ABS_ECU,0x1A8,TX,OK,08 7D 56 CD A8 C1 41 C6
3.3907,ABS_ECU,0x15C,TX,OK,87 F5 AA 41 6C AE 2A 9B
3.3956,ENGINE_ECU,0x1B1,TX,OK,D4 9A 6B 82 DE D4 18 BA
3.3977,AIRBAG_ECU,0x163,RX,ERROR,F9 BB 4B 50 98 04 10 8B
3.3993,AIRBAG_ECU,0x11D,TX,OK,AE 4B 31 CD A5 F3 96 6B
3.404,ENGINE_ECU,0x102,TX,OK,B5 F8 2C E6 2F 34 20 6D
3.4053,ABS_ECU,0x16C,RX,CRC_FAIL,B1 64 28 A5 58 EE C2 20
3.407,ENGINE_ECU,0x165,TX,CRC_FAIL,34 D2 99 AC 00 18 F9 AB
3.4103,DASHBOARD,0x188,TX,OK,2E A2 71 1C DF 0B A6 E0
3.4138,AIRBAG_ECU,0x15B,TX,OK,93 C5 BF FB D7 1F BF C8
3.4157,STEERING_ECU,0x182,RX,OK,4B 88 29 CC FC F4 A8 CB
3.4179,STEERING_ECU,0x10A,RX,OK,AE D7 38 A7 86 9D ED A4
3.4214,DASHBOARD,0x1E0,RX,OK,B1 77 0B B4 2A A6 AA F9
3.4237,ENGINE_ECU,0x123,RX,OK,96 40 D4 FF 2D E0 29 6B
3.4259,ABS_ECU,0x14D,RX,OK,9F 14 75 68 8B C5 6B 26
3.4297,DASHBOARD,0x10D,RX,OK,25 4A FE 1A 1A 2F 86 AE
3.4343,DASHBOARD,0x1CA,RX,CRC_FAIL,04 A6 5C 53 71 FD 51 3D
3.4371,ABS_ECU,0x12B,RX,OK,4E 73 D1 E6 EB 41 74 FB
3.4418,AIRBAG_ECU,0x1AF,TX,OK,6D C5 B5 F5 B1 F1 74 8D
3.4439,STEERING_ECU,0x1A2,RX,OK,03 71 72 59 A3 D8 32 8D
3.4481,AIRBAG_ECU,0x1C8,TX,CRC_FAIL,A4 88 84 DC 7B EB 70 34
3.4508,STEERING_ECU,0x13A,TX,OK,03 DB 03 2B 06 5A CA 8B
3.4549,ENGINE_ECU,0x155,TX,OK,67 05 C7 1D C0 FE 7B B6
3.4587,ABS_ECU,0x108,TX,OK,D9 BE 67 50 76 B3 ED 84
3.4635,STEERING_ECU,0x1EB,RX,OK,97 9A 1B 01 94 4D BD FA
3.4667,AIRBAG_ECU,0x18B,TX,OK,80 49 2B 9F F8 20 F3 67
3.4693,AIRBAG_ECU,0x18F,TX,OK,5B 7F AD DF 2E 1B B8 FA
3.4739,ABS_ECU,0x1E3,RX,OK,4C 51 42 E4 8B 05 90 6C
3.4777,DASHBOARD,0x1BA,TX,CRC_FAIL,22 C7 BD CC CA 36 F3 83
3.4804,DASHBOARD,0x190,RX,OK,60 0A 39 9C ED 46 C2 B2
3.4849,DASHBOARD,0x1EB,RX,OK,1F E9 5A 76 72 F1 2D 73
3.4891,ABS_ECU,0x15F,RX,OK,4A 3E AB 95 20 D1 4E 5A
3.4917,ENGINE_ECU,0x19B,RX,OK,F0 83 CA B2 CE 12 CD F0
3.4949,STEERING_ECU,0x17B,TX,OK,42 86 2D 07 E7 B7 57 AB
3.4992,AIRBAG_ECU,0x13B,RX,OK,DD E1 C6 73 69 A1 7B CB
3.5021,ABS_ECU,0x19E,TX,OK,41 A7 4C A6 BA B7 70 BC
3.5036,DASHBOARD,0x1CD,TX,TIMEOUT,2C 3A 67 E8 AB AE A1 E2
3.5075,STEERING_ECU,0x164,TX,OK,E1 19 D5 71 44 CC FE 79
3.5111,ABS_ECU,0x167,TX,OK,2C 39 6D 20 2D 9A CC DF
3.5147,DASHBOARD,0x12B,RX,OK,82 56 26 DE 83 29 08 F4
3.5182,STEERING_ECU,0x120,RX,OK,52 01 F0 DA F3 46 9E E5
3.521,DASHBOARD,0x181,RX,TIMEOUT,FA FE 40 A7 00 FF 49 B7
3.5257,AIRBAG_ECU,0x18E,RX,OK,F9 33 EC E6 08 EE BB C5
3.5268,DASHBOARD,0x1FB,TX,TIMEOUT,07 D6 11 A3 AB 01 99 FB
3.5303,AIRBAG_ECU,0x1EE,TX,OK,CA 2C 08 D8 80 33 16 21
3.533,ENGINE_ECU,0x18D,RX,OK,7A 22 7C A9 83 FD 15 6C
3.5375,AIRBAG_ECU,0x1CA,RX,OK,7C 71 3A 8B F1 1C 9D C9
3.5404,ENGINE_ECU,0x1CA,TX,OK,A9 35 22 72 1D 59 DC 0A
3.5427,AIRBAG_ECU,0x1F6,RX,CRC_FAIL,AD 41 3C A5 1D FB 32 60
3.5444,AIRBAG_ECU,0x1A1,TX,OK,1F 7F FE F1 B7 59 25 D1
3.5478,AIRBAG_ECU,0x12E,RX,OK,49 C5 F3 4B B8 46 45 CC
3.5521,DASHBOARD,0x1F9,RX,OK,76 CC FE B6 5F CE C5 6C
3.5543,DASHBOARD,0x1F9,TX,OK,45 63 43 72 3E 44 66 80
3.5558,DASHBOARD,0x189,RX,TIMEOUT,57 D3 BE 1C 8E 71 DF 39
3.5586,STEERING_ECU,0x164,RX,TIMEOUT,27 F9 76 FE 45 ED A7 D1
3.5626,ABS_ECU,0x1F8,RX,ERROR,6C F1 48 87 83 0F 1B 6D
3.5667,STEERING_ECU,0x1E9,TX,OK,98 C2 F0 FB 3F BE D5 B6
3.5683,DASHBOARD,0x1CC,RX,OK,D0 59 63 E9 3E C3 DC 3C
3.5733,AIRBAG_ECU,0x1A9,RX,OK,CA 8E F8 BD 4E 42 C7 46
3.5747,DASHBOARD,0x1FD,TX,OK,A7 82 1F 2F AD 2D BC 34
3.5794,STEERING_ECU,0x194,TX,OK,F0 1A 96 05 67 33 1E 3A
3.5843,AIRBAG_ECU,0x199,TX,ERROR,57 7B 14 48 45 9B 84 70
3.586,STEERING_ECU,0x19E,TX,OK,4D 32 4F 58 07 1D 23 A9
3.5905,ENGINE_ECU,0x1AF,RX,OK,10 11 CB 99 5C 54 E7 22
3.5923,ABS_ECU,0x132,RX,OK,A9 07 22 D9 BF 1B 70 22
3.5952,ABS_ECU,0x1AD,RX,OK,2A 50 D3 08 61 CE E1 A9
3.598,STEERING_ECU,0x178,RX,TIMEOUT,E7 91 BF 47 75 D2 ED F3
3.6005,DASHBOARD,0x1C8,RX,OK,62 A7 6B 23 0A 7D 97 74
3.6028,ABS_ECU,0x1C8,RX,OK,35 57 EA CE 51 E8 D1 81
3.6066,ENGINE_ECU,0x18F,TX,OK,A2 AF 31 21 F0 32 15 8D
3.6105,AIRBAG_ECU,0x145,TX,CRC_FAIL,D4 86 B3 D5 B7 6F 7C 84
3.615,ENGINE_ECU,0x1CB,RX,OK,B1 9D FB FF A6 D8 BE 8F
3.6176,ABS_ECU,0x1F1,TX,OK,CA B7 64 AB 53 8B 13 5C
3.622,STEERING_ECU,0x173,TX,OK,A6 CD 01 B0 73 57 1F 16
3.6245,AIRBAG_ECU,0x137,RX,OK,90 3B E6 CF FD 41 60 D3
3.6268,AIRBAG_ECU,0x1EF,RX,OK,D1 CA 1D D1 CD EC F2 12
3.6296,ENGINE_ECU,0x11F,TX,OK,31 1C 55 DA 88 E0 59 B4
3.6319,DASHBOARD,0x11E,TX,OK,26 A0 61 0C 50 E9 7F 15
3.6337,AIRBAG_ECU,0x1CA,RX,OK,9B 81 1D 8B A0 AF 9E 42
3.6372,DASHBOARD,0x128,RX,OK,9E 6C 84 F6 61 7E EE 3B
3.6386,AIRBAG_ECU,0x16D,TX,TIMEOUT,0D 9D F6 90 B7 2F E4 D0
3.6398,DASHBOARD,0x1BA,TX,OK,88 0D 0B 4A 04 CE 1A A0
3.6431,AIRBAG_ECU,0x102,TX,OK,50 88 AA 2E 15 02 61 56
3.6466,AIRBAG_ECU,0x1F5,TX,OK,75 13 AC 5D F3 B5 A1 53
3.6476,ENGINE_ECU,0x10B,TX,OK,6D BF 49 AB E6 3A 0C 70
3.6514,STEERING_ECU,0x1BF,TX,OK,A0 69 19 48 8D 0E A2 22
3.6552,ENGINE_ECU,0x1E1,TX,OK,01 9F F2 2E 05 C4 68 9A
3.6563,STEERING_ECU,0x193,TX,TIMEOUT,60 6D 0E 1A 68 EB 15 73
3.6575,ABS_ECU,0x10B,RX,OK,10 DA 93 4D E9 93 67 C8
3.659,DASHBOARD,0x148,RX,CRC_FAIL,D3 2E 95 E7 71 75 48 E2
3.6627,ENGINE_ECU,0x1F7,TX,CRC_FAIL,E5 41 C5 C3 BE C8 07 32
3.6673,ENGINE_ECU,0x15B,RX,OK,25 C3 4F 34 31 F4 DB 19
3.6703,STEERING_ECU,0x160,RX,OK,EC 90 46 F5 95 D8 AE A7
3.6734,ABS_ECU,0x128,TX,TIMEOUT,15 D7 EA F8 D7 37 DF D4
3.676,AIRBAG_ECU,0x152,TX,OK,42 4D B3 CC F6 6F 1C 8A
3.6785,DASHBOARD,0x1AA,TX,CRC_FAIL,93 E5 90 31 98 86 95 A9
3.6825,ABS_ECU,0x1C6,RX,ERROR,C3 F1 0D E1 9F 71 BD B0
3.6845,STEERING_ECU,0x1B9,RX,ERROR,FD 06 83 2D A2 1E 0E F6
3.6895,STEERING_ECU,0x151,RX,OK,82 C3 3A 60 B3 04 C1 82
3.6918,ENGINE_ECU,0x199,TX,OK,70 C1 F5 1F 35 38 D5 FE
3.6962,DASHBOARD,0x14F,RX,OK,3A 77 B7 B3 44 D8 DE 6B
3.7008,AIRBAG_ECU,0x133,TX,CRC_FAIL,03 77 91 96 5B 2B FC 17
3.7041,ABS_ECU,0x14E,TX,OK,17 9C F1 67 E7 14 95 22
3.7057,ABS_ECU,0x1BB,TX,OK,E4 CA 62 D3 7F 94 13 15
3.7068,ABS_ECU,0x1F7,RX,TIMEOUT,D7 8C 39 E9 68 6E 55 4A
3.7114,DASHBOARD,0x1D4,TX,TIMEOUT,CA 6B 2F 10 38 A2 24 98
3.7149,ABS_ECU,0x1A9,RX,TIMEOUT,32 68 F7 CC 12 3F 32 FE
3.7174,ENGINE_ECU,0x1B8,TX,OK,91 DE 29 74 74 46 70 A2
3.7223,STEERING_ECU,0x148,RX,OK,4F F9 4B D6 FE F7 18 A3
3.7241,STEERING_ECU,0x11A,RX,OK,00 22 FE 80 14 9A DA CB
3.727,DASHBOARD,0x1A9,RX,OK,E1 EB 73 8F E4 A6 F5 6B
3.7319,ENGINE_ECU,0x188,RX,OK,E1 D4 51 82 F1 69 C8 3C
3.7343,DASHBOARD,0x1F3,RX,OK,75 B1 D2 B0 9C BE 38 37
3.7356,AIRBAG_ECU,0x194,RX,OK,23 27 46 DC B6 FC 33 CC
3.7402,ENGINE_ECU,0x115,TX,TIMEOUT,6B 6D 3D BD 19 0B 5C 60
3.7429,ABS_ECU,0x1B9,RX,OK,65 4F FA 8C 72 48 18 7B
3.7461,AIRBAG_ECU,0x164,TX,TIMEOUT,AF 6C 94 57 EB 99 21 8B
3.7511,ENGINE_ECU,0x14A,RX,ERROR,85 6F 32 53 F1 05 A8 3D
3.7525,ABS_ECU,0x108,RX,OK,29 DA 2F 8E C5 5B B9 29
3.754,DASHBOARD,0x1F3,RX,OK,AF D1 6B 31 9C EE B1 F7
3.7567,DASHBOARD,0x1E2,RX,TIMEOUT,37 34 AC E6 61 DA FC B2
3.7617,STEERING_ECU,0x131,TX,ERROR,A4 4E 68 25 86 1E 22 F4
3.7644,AIRBAG_ECU,0x12B,TX,ERROR,6B 9E 8B 7E 40 9A D8 3A
3.7693,ENGINE_ECU,0x1BB,TX,OK,56 0B 93 C9 64 74 5C A8
3.7736,ABS_ECU,0x130,RX,TIMEOUT,9F 8F 60 42 5C 3B CF C1
3.775,DASHBOARD,0x126,TX,ERROR,59 CB 1C 46 D9 DE 75 F6
3.7761,ABS_ECU,0x1D5,RX,OK,39 89 EF A0 23 5D DC 2C
3.7777,STEERING_ECU,0x1A3,TX,ERROR,FB DD C6 F0 11 37 02 6F
3.7813,ABS_ECU,0x14B,RX,OK,35 D8 D2 4F C0 8E F1 63
3.7859,STEERING_ECU,0x1CD,RX,OK,59 82 25 2C 23 C6 9C 83
3.787,DASHBOARD,0x1DD,RX,OK,61 F3 F1 14 76 33 41 09
3.7893,DASHBOARD,0x18A,RX,ERROR,38 35 F2 79 4C 3A 69 89
3.7911,DASHBOARD,0x155,RX,OK,B7 C4 2A B9 6A 59 A0 90
3.7951,STEERING_ECU,0x1A5,TX,OK,B7 25 1C 1F C8 C3 5B F7
3.7969,ABS_ECU,0x107,RX,TIMEOUT,87 76 58 5C 58 81 B8 58
3.7994,AIRBAG_ECU,0x1C8,RX,OK,82 15 2C 26 2F 3B 07 CB
3.802,ENGINE_ECU,0x165,TX,OK,02 C0 34 D8 51 EC F2 1F
3.8052,DASHBOARD,0x183,TX,OK,16 94 02 6D 53 A2 BA A3
3.8069,ENGINE_ECU,0x128,TX,OK,A0 EB 58 C5 59 67 05 B9
3.8113,ENGINE_ECU,0x1E5,RX,OK,B8 36 B2 45 4A 9F D2 C3
3.8135,AIRBAG_ECU,0x110,RX,OK,12 D1 61 94 37 87 1D D4
3.8162,ABS_ECU,0x17D,TX,OK,1E 4A 37 97 59 75 A1 FB
3.8174,DASHBOARD,0x12F,RX,OK,90 A9 E0 36 8B EB A2 C5
3.8217,STEERING_ECU,0x167,TX,OK,21 D7 FC 0E 0F 3F 15 7E
3.8242,ABS_ECU,0x14A,RX,TIMEOUT,37 AB 40 B8 4D 57 0F 9F
3.8265,AIRBAG_ECU,0x170,TX,OK,6A 24 6C 04 5F A7 CA E0
3.8297,ENGINE_ECU,0x13B,TX,OK,07 81 D9 4E 67 BB F8 06
3.8313,STEERING_ECU,0x130,RX,OK,D8 67 9A 0F D2 C8 16 67
3.8348,ABS_ECU,0x1E8,RX,OK,EA 46 34 8B 00 EF 5F 10
3.8382,DASHBOARD,0x1DE,TX,OK,25 C0 1E C8 E7 64 30 4E
3.8418,ABS_ECU,0x122,RX,OK,B2 05 D0 C0 EB 6C 1F 04
3.8433,ABS_ECU,0x199,RX,OK,2D 31 E3 BC 98 C0 78 5D
3.8457,ENGINE_ECU,0x173,TX,TIMEOUT,CD 1F 0C 53 47 A0 9A 5C
3.8491,ENGINE_ECU,0x11E,TX,OK,C3 06 51 95 27 CD 49 AC
3.8521,ABS_ECU,0x1E1,RX,OK,64 26 A6 ED 45 33 51 ED
3.8545,DASHBOARD,0x1C7,RX,OK,0D E6 2B F9 85 03 B5 91
3.8561,ENGINE_ECU,0x102,RX,ERROR,D0 55 BC 3C B2 D1 73 3D
3.8596,ENGINE_ECU,0x1A2,RX,TIMEOUT,3B 3A D6 4D 43 52 64 F1
3.8635,DASHBOARD,0x12E,RX,OK,AA 29 C0 3E 33 7A C7 08
3.8647,ABS_ECU,0x1CB,RX,OK,E7 12 35 4C A9 8A 01 61
3.8658,AIRBAG_ECU,0x1C9,RX,OK,D6 3D 70 73 1E 48 AB 9D
3.8684,ENGINE_ECU,0x1BB,TX,OK,99 A1 AB A3 1A 2A D4 3B
3.8707,STEERING_ECU,0x110,TX,TIMEOUT,87 EA 4F 14 AD C7 89 B4
3.8751,ENGINE_ECU,0x116,RX,OK,79 AF C5 39 0F 0C FE 87
3.8768,ABS_ECU,0x1D1,TX,OK,F5 AF 19 8A 82 C6 A7 67
3.8804,AIRBAG_ECU,0x179,RX,OK,75 CD 6F 41 65 9D AF 6D
3.8815,ENGINE_ECU,0x153,TX,OK,DB CB 00 B6 1E C9 D7 E4
3.8831,STEERING_ECU,0x190,TX,CRC_FAIL,58 DD 46 BB 15 5D D6 1B
3.8864,DASHBOARD,0x1E1,RX,OK,03 9A 10 76 8F B4 12 47
3.8897,AIRBAG_ECU,0x192,TX,ERROR,09 D3 AF FC 0B 86 41 5D
3.8944,DASHBOARD,0x169,RX,ERROR,DD E2 78 A4 7B C0 96 27
3.8969,AIRBAG_ECU,0x167,RX,CRC_FAIL,AE 5B A7 2A EA C7 40 AF
3.8997,AIRBAG_ECU,0x13E,RX,OK,02 BF 19 65 C4 68 3F AF
3.9031,ENGINE_ECU,0x1DE,TX,TIMEOUT,C8 FD 42 62 58 16 D5 92
3.9043,AIRBAG_ECU,0x17F,TX,ERROR,D7 32 9E F0 BA 85 4C A4
3.9073,DASHBOARD,0x1B6,TX,ERROR,81 36 DE AA 4D 03 DF 7A
3.9085,ENGINE_ECU,0x1C5,RX,OK,66 34 89 24 13 EE FA EA
3.9098,ENGINE_ECU,0x11D,RX,OK,BA F8 23 B4 9D FF B5 C5
3.9124,STEERING_ECU,0x128,TX,OK,9F D5 18 23 7D D3 F0 15
3.9153,AIRBAG_ECU,0x143,RX,TIMEOUT,CE 08 28 04 4D 64 6E D5
3.9188,ABS_ECU,0x1FC,RX,OK,8C 62 3F 79 2C 04 B3 6A
3.9214,STEERING_ECU,0x180,RX,TIMEOUT,98 95 57 15 D4 F3 CA 56
3.9253,ENGINE_ECU,0x1E6,TX,OK,53 86 B1 C4 F0 EE 61 2B
3.9289,ABS_ECU,0x157,RX,TIMEOUT,AA 13 0B A6 AE 3C 30 22
3.9334,ENGINE_ECU,0x144,TX,OK,37 28 D1 E6 44 BE 65 8C
3.9348,STEERING_ECU,0x17C,RX,CRC_FAIL,7A 29 96 2C 24 62 87 E6
3.9384,ENGINE_ECU,0x1D5,TX,OK,55 A4 DF 31 25 8E 9B 23
3.9427,DASHBOARD,0x148,RX,OK,63 AB BD A1 29 56 57 89
3.9471,AIRBAG_ECU,0x154,TX,TIMEOUT,AA 93 4A 9B 20 FD AE 59
3.9493,ABS_ECU,0x1D4,RX,TIMEOUT,A7 28 9B DC 9C 99 E7 A9
3.952,DASHBOARD,0x1F6,TX,OK,54 81 96 CD C8 7C A8 8F
3.9536,DASHBOARD,0x1DD,TX,OK,55 D5 89 30 84 38 09 2F
3.9549,STEERING_ECU,0x16C,RX,OK,20 CF A5 53 C2 CB CE 11
3.9568,DASHBOARD,0x1BE,RX,OK,18 13 B0 26 DC 85 30 9F
3.9602,ABS_ECU,0x15C,RX,OK,FB 0E 87 37 3E B3 60 34
3.9615,STEERING_ECU,0x1D0,RX,OK,6B AF 60 4B 23 AB 4E 13
3.9648,STEERING_ECU,0x13D,RX,OK,92 C6 37 25 99 05 46 55
3.9688,AIRBAG_ECU,0x187,RX,OK,63 33 D5 D1 7F 55 42 5B
3.9714,DASHBOARD,0x1AB,RX,OK,72 38 7D F2 36 33 51 25
3.9737,STEERING_ECU,0x15C,RX,TIMEOUT,AA EB 73 F6 BF 54 81 2B
3.978,ABS_ECU,0x15F,RX,OK,4A DB 97 82 95 E6 7F 13
3.983,STEERING_ECU,0x197,RX,OK,C9 F3 97 C6 C4 6C E3 33
3.9861,ABS_ECU,0x141,TX,CRC_FAIL,BF 57 2D E4 7A E3 AF BD
3.9891,AIRBAG_ECU,0x1F6,TX,OK,1D 27 10 EF F9 68 47 43
3.9937,ABS_ECU,0x1E7,TX,OK,98 97 0D AD 6B 50 6B 45
3.9974,AIRBAG_ECU,0x159,TX,CRC_FAIL,85 16 C4 ED 65 62 AB 71
3.999,ENGINE_ECU,0x12D,RX,OK,27 EF 83 D6 53 BC 21 87
4.0029,STEERING_ECU,0x1A7,TX,OK,32 82 0C B4 70 1F 1C B8
4.0065,DASHBOARD,0x11B,TX,OK,27 EB 57 A8 25 2D 7F CE
4.0115,ABS_ECU,0x1D4,RX,OK,7B E0 75 C0 F6 1A 9C 63
4.014,ABS_ECU,0x1D1,RX,OK,E3 AB E3 5E 42 46 B3 4E
4.0185,STEERING_ECU,0x1D0,RX,OK,FD 99 A5 DE F1 DB 7D E0
4.0202,AIRBAG_ECU,0x175,TX,OK,1B 1F 31 65 4F 95 FE E3
4.0213,ENGINE_ECU,0x1C6,RX,OK,C8 E7 97 0E 79 8D 64 D4
4.0235,DASHBOARD,0x141,TX,OK,37 1A 4A CF 75 DC 1B 9C
4.0277,ABS_ECU,0x107,TX,OK,8D 29 E4 3B 66 8E 8B 89
4.0317,DASHBOARD,0x18E,TX,OK,5F C5 15 67 9C C1 23 8D
4.0365,STEERING_ECU,0x15A,RX,OK,AA 2F 9E A4 03 0E 37 58
4.0415,DASHBOARD,0x1A6,RX,OK,27 20 A6 BB C3 ED CB 31
4.0431,ABS_ECU,0x149,RX,OK,C3 94 D3 75 AA 36 14 D6
4.0452,STEERING_ECU,0x1A9,RX,OK,37 16 2F 75 C9 27 DD 96
4.0498,DASHBOARD,0x123,RX,OK,65 F0 03 6B 37 1A 48 67
4.0534,AIRBAG_ECU,0x182,TX,OK,49 D4 17 40 47 9B F0 21
4.0549,ENGINE_ECU,0x165,RX,OK,AC F4 49 57 88 BB 84 89
4.0572,DASHBOARD,0x194,TX,CRC_FAIL,8E E4 A0 3B 52 F4 7A EB
4.0619,AIRBAG_ECU,0x1EA,RX,OK,05 7E 3A 79 FB 51 8C 0A
4.0666,ABS_ECU,0x19F,TX,OK,C5 6F 50 56 B1 A7 F2 CA
4.0714,AIRBAG_ECU,0x1D7,TX,CRC_FAIL,BA 85 06 40 F3 9E 27 25
4.0743,ENGINE_ECU,0x1C3,RX,OK,06 6F 6A DA 21 60 7F B3
4.0783,AIRBAG_ECU,0x15A,TX,OK,98 D7 3F C4 A5 B4 20 88
4.0815,AIRBAG_ECU,0x1B7,RX,CRC_FAIL,61 61 B2 8E FD CA 62 5F
4.0834,DASHBOARD,0x196,TX,OK,FA E6 BC 56 5B B5 11 56
4.0856,STEERING_ECU,0x149,TX,OK,69 51 44 1C 65 0E 64 8E
4.0875,DASHBOARD,0x1CD,RX,ERROR,21 C6 1D 25 DC AD 5D F1
4.0921,ENGINE_ECU,0x10E,RX,CRC_FAIL,23 AF 3A 2A C1 93 16 9C
4.0934,AIRBAG_ECU,0x1B5,TX,OK,40 B1 24 F1 0F 87 E5 3D
4.0954,ABS_ECU,0x1CC,TX,OK,05 AF C8 D1 94 3F FF DB
4.1001,DASHBOARD,0x1A7,TX,TIMEOUT,D7 D5 53 61 12 3E CD 5E
4.1037,ABS_ECU,0x1B1,RX,OK,58 11 82 3B 2A 98 2E C9
4.1077,ABS_ECU,0x121,RX,OK,EC A6 F1 B7 BF F2 90 AD
4.1113,STEERING_ECU,0x1F6,TX,OK,73 DB 72 46 AA 46 F4 3A
4.115,STEERING_ECU,0x119,TX,TIMEOUT,FC E8 50 14 B4 77 4C EF
4.118,ABS_ECU,0x1C8,RX,OK,79 5D 56 A7 6B A5 1C 64
4.1204,AIRBAG_ECU,0x11F,RX,OK,6E BA 51 99 09 98 1A D5
4.1222,ABS_ECU,0x128,RX,OK,27 BF 52 1D CC C9 14 7F
4.126,ENGINE_ECU,0x1C3,TX,OK,1A 13 E9 F3 F3 E6 04 12
4.1306,ENGINE_ECU,0x180,TX,OK,1C 63 1E A6 B1 35 25 2B
4.1324,ABS_ECU,0x187,RX,OK,D1 41 F5 04 B6 BB D0 F8
4.1366,STEERING_ECU,0x1EF,RX,CRC_FAIL,27 2E CC 07 30 81 68 30
4.1379,AIRBAG_ECU,0x164,TX,OK,E9 40 F9 6A 64 E9 A7 1D
4.1422,AIRBAG_ECU,0x105,TX,OK,EC 2C 02 1B 63 6E 43 54
4.1464,STEERING_ECU,0x1E9,RX,TIMEOUT,2F 64 54 13 42 37 61 E3
4.1483,ENGINE_ECU,0x1C8,RX,TIMEOUT,DC EE 91 9A A9 4C 0C 34
4.1508,ABS_ECU,0x17B,TX,CRC_FAIL,4B 52 BF 56 45 D5 2A 87
4.1536,ABS_ECU,0x156,RX,OK,FF 28 94 56 33 0A A7 47
4.1548,DASHBOARD,0x18E,TX,CRC_FAIL,98 1C B2 65 C9 16 7D 83
4.158,DASHBOARD,0x15B,RX,CRC_FAIL,8D 80 76 C2 49 C2 85 EF
4.1611,AIRBAG_ECU,0x11F,RX,TIMEOUT,7C 94 83 3A 29 14 AE 52
4.1649,AIRBAG_ECU,0x105,RX,OK,49 CA FE A4 0F 1C 92 2B
4.1693,AIRBAG_ECU,0x179,RX,OK,02 32 08 9D C4 4A 0A 65
4.1714,STEERING_ECU,0x1D1,TX,ERROR,7A 1D 63 4F 19 68 09 3C
4.1743,DASHBOARD,0x1F0,TX,OK,BC 01 B2 FC CD 9B 0C 26
4.1762,STEERING_ECU,0x17C,TX,ERROR,89 E6 52 F1 46 5E 65 60
4.1784,STEERING_ECU,0x18F,RX,CRC_FAIL,25 73 BF 3F 74 3B 9F CB
4.1808,ENGINE_ECU,0x1A8,RX,TIMEOUT,D0 57 8C C4 6D 84 2E B6
4.1836,AIRBAG_ECU,0x189,RX,OK,AB 89 EB 06 0C DA 2B 2A
4.1879,ABS_ECU,0x11C,TX,ERROR,BE 4E AF 37 76 6C D5 6B
4.1923,STEERING_ECU,0x15D,RX,OK,ED 23 17 FE 32 F4 38 E5
4.195,ENGINE_ECU,0x191,RX,OK,42 53 9F A3 CF 50 BA D2
4.196,ABS_ECU,0x111,RX,ERROR,88 1C 39 60 DD EF A4 CB
4.1981,STEERING_ECU,0x11E,RX,OK,BF ED 64 DE C5 3E EC B5
4.2022,ABS_ECU,0x161,TX,OK,E7 5C 8B 21 49 14 C0 03
4.2062,DASHBOARD,0x1CB,TX,OK,70 BD CD AE 6B 2C 24 55
4.209,AIRBAG_ECU,0x1D8,TX,OK,86 B9 D8 B9 85 FD 22 06
4.2123,AIRBAG_ECU,0x14C,TX,TIMEOUT,E0 9A 72 72 DD 6D AE 4E
4.2169,ENGINE_ECU,0x1D7,RX,OK,17 6F 36 A9 B9 B2 7F D7
4.2203,ENGINE_ECU,0x1C3,RX,OK,52 3F F6 8A 0C 5F AF F1
4.2218,STEERING_ECU,0x1A9,TX,OK,8C C9 77 D2 7D 9F 51 F3
4.2245,AIRBAG_ECU,0x1AD,RX,CRC_FAIL,FC FB C9 7F B5 01 D8 CE
4.2262,ABS_ECU,0x13F,TX,ERROR,7B F0 D3 62 8C 7D FC FF
4.2292,ENGINE_ECU,0x1FE,RX,OK,57 12 EE D8 32 61 4E B9
4.2324,AIRBAG_ECU,0x1D9,RX,OK,65 BF 80 49 AC D6 1A EB
4.2338,AIRBAG_ECU,0x152,TX,ERROR,92 D5 C3 F4 C2 88 51 5E
4.238,STEERING_ECU,0x196,TX,OK,34 9E A4 B4 73 5E 89 75
4.2403,DASHBOARD,0x180,RX,OK,5A 44 C6 A3 64 26 75 D1
4.2421,DASHBOARD,0x1E0,RX,OK,E8 EF 19 B6 26 52 CC 01
4.2453,STEERING_ECU,0x1E9,TX,OK,7B 3B 31 1C 3A 4F C6 D2
4.2492,DASHBOARD,0x164,RX,TIMEOUT,BE E5 D1 4A B7 5B CB 5A
4.2525,DASHBOARD,0x174,TX,OK,97 28 9C B7 0F BE C8 51
4.2567,DASHBOARD,0x145,RX,OK,89 B1 77 60 BC 76 7E 62
4.2608,AIRBAG_ECU,0x160,TX,CRC_FAIL,97 75 48 38 8F AF 6A BF
4.2632,ABS_ECU,0x1B1,TX,OK,6A 43 4D 06 41 24 61 19
4.2676,DASHBOARD,0x151,TX,OK,09 52 15 F6 BD D9 CB F5
4.2715,STEERING_ECU,0x15F,RX,OK,FC 2E 8A 3E B5 29 4E E7
4.2755,ABS_ECU,0x18C,RX,TIMEOUT,A4 2C 54 46 10 E2 BB CA
4.2797,AIRBAG_ECU,0x159,TX,OK,28 2A F9 53 37 FC 90 4D
4.2833,AIRBAG_ECU,0x18F,RX,OK,9F B4 FD 64 5D 3F 48 74
4.2875,ABS_ECU,0x149,TX,OK,70 4A 75 69 07 39 AC 93
4.2907,ABS_ECU,0x109,TX,ERROR,4D 5B A2 D6 A5 F6 71 12
4.292,AIRBAG_ECU,0x172,RX,CRC_FAIL,50 05 80 36 98 90 44 B8
4.2953,ABS_ECU,0x1EB,TX,OK,5A E7 A6 AB 55 1A 4B B8
4.2979,ABS_ECU,0x125,TX,TIMEOUT,C0 AA 7F DA 47 CA F8 B1
4.3027,ENGINE_ECU,0x13F,RX,OK,A6 77 49 DD 39 86 14 9A
4.3047,STEERING_ECU,0x145,TX,TIMEOUT,B0 00 57 BF 25 55 E5 31
4.3091,ABS_ECU,0x1AD,RX,OK,09 9D 96 C1 17 A0 02 66
4.3117,DASHBOARD,0x15C,RX,OK,47 11 D5 D9 BD 33 1B 8A
4.3135,STEERING_ECU,0x1B1,RX,OK,CA FE 64 97 66 CC 64 F3
4.3171,DASHBOARD,0x1D6,RX,OK,DC 24 70 34 A4 3C 98 CF
4.3206,DASHBOARD,0x1C2,RX,OK,3A B8 AA F2 F2 30 A3 5E
4.3229,ABS_ECU,0x1A8,TX,TIMEOUT,2E 36 94 02 32 09 2C 0D
4.3273,ABS_ECU,0x1F0,RX,OK,3D 59 1E 6B 33 96 15 21
4.3311,ENGINE_ECU,0x1CA,TX,TIMEOUT,19 2A E7 7B 86 D9 9A 18
4.335,STEERING_ECU,0x130,RX,OK,56 BC B4 AB 6C 15 FC 2A
4.3376,AIRBAG_ECU,0x142,RX,CRC_FAIL,DD 24 0D A9 C0 7A A3 CE
4.3387,AIRBAG_ECU,0x135,TX,OK,28 70 E7 88 2E FE A9 45
4.3414,STEERING_ECU,0x1D2,TX,OK,59 01 A9 4E 25 69 6D 5F
4.3438,ENGINE_ECU,0x1DA,RX,OK,1C DB 89 E1 CC FE 1C 6F
4.3472,ENGINE_ECU,0x1C2,TX,ERROR,0D EE 57 81 A2 35 D2 31
4.3514,STEERING_ECU,0x1D9,RX,OK,88 2C 2A DE 01 25 8C E0
4.3528,ABS_ECU,0x19D,RX,OK,38 8C 1D 0D F7 4A 08 4E
4.3573,STEERING_ECU,0x147,TX,OK,CE 01 3B 8D 80 60 C8 CB
4.3587,DASHBOARD,0x1FE,TX,OK,F2 5A BD 48 DC 9B F2 9B
4.3612,DASHBOARD,0x137,RX,OK,7D BA FB 1B 5C 2D 36 E6
4.3654,ABS_ECU,0x1CD,RX,CRC_FAIL,BC F3 90 2B E4 40 EB A1
4.3667,STEERING_ECU,0x1FA,TX,OK,88 3E F8 38 16 43 7F 4E
4.3707,AIRBAG_ECU,0x154,RX,TIMEOUT,96 CD 73 2F 77 96 31 89
4.3752,DASHBOARD,0x1E1,RX,OK,83 8D 2C 10 37 C9 2E 69
4.3776,ABS_ECU,0x1EE,RX,CRC_FAIL,38 EC C4 47 07 EF 61 EC
4.3801,STEERING_ECU,0x1B8,TX,ERROR,29 BA 2A 12 B5 E6 F8 6F
4.3818,STEERING_ECU,0x19D,RX,CRC_FAIL,8E 18 89 D4 93 C5 B8 AB
4.3857,AIRBAG_ECU,0x1BC,RX,OK,B9 F6 12 92 CC C0 3F 69
4.3904,STEERING_ECU,0x19E,TX,ERROR,E9 90 0C 26 A5 1F 2C 69
4.3945,STEERING_ECU,0x1C7,TX,ERROR,0E 0A E1 10 7C CB E2 58
4.3971,STEERING_ECU,0x15C,RX,OK,CD 2F 24 E3 32 5A 22 6B
4.3988,ENGINE_ECU,0x1AA,RX,OK,89 61 AF C2 9C 1F 02 E2
4.4025,DASHBOARD,0x119,TX,OK,42 51 D7 EA 02 44 EB 18
4.4049,ABS_ECU,0x106,RX,OK,38 A5 78 AE 97 CD 54 F5
4.4063,ABS_ECU,0x147,RX,CRC_FAIL,0A DB 34 AD C5 C6 1C F5
4.411,STEERING_ECU,0x18C,TX,CRC_FAIL,C6 1B 43 EA 22 85 31 04
4.4122,ENGINE_ECU,0x1B5,TX,OK,2D 1A 26 0A 79 EC EF 46
4.4154,STEERING_ECU,0x1C5,RX,OK,DF C6 D9 8A F1 D1 8B F7
4.4198,ABS_ECU,0x19D,RX,OK,94 2B D3 20 CA 45 62 E5
4.4209,DASHBOARD,0x1A9,TX,OK,A5 B9 9F E2 9A 1E AB 1E
4.4222,ENGINE_ECU,0x1F5,TX,OK,82 A2 16 4D 80 83 3E 22
4.4249,DASHBOARD,0x1F2,TX,OK,D0 EA 1E F1 1A 1E 75 51
4.4289,AIRBAG_ECU,0x18B,TX,OK,72 30 1B 91 AE 2C 91 D0
4.4313,ABS_ECU,0x172,RX,OK,66 28 C1 8B A5 FF 32 F6
4.4362,ABS_ECU,0x1FE,TX,OK,3E 58 86 37 18 5C C6 66
4.4385,AIRBAG_ECU,0x162,RX,OK,75 A3 49 5B 64 50 37 65
4.4421,AIRBAG_ECU,0x168,TX,ERROR,34 23 63 44 8A CF C0 EE
4.4466,DASHBOARD,0x152,TX,CRC_FAIL,91 27 14 C2 EB 68 17 8D
4.4497,ABS_ECU,0x161,RX,OK,CA 4D F9 89 56 79 5F D3
4.4514,AIRBAG_ECU,0x18A,TX,CRC_FAIL,56 89 C0 AA C3 AC B9 F0
4.456,AIRBAG_ECU,0x1E9,RX,OK,C6 92 2E 26 B5 66 A2 F1
4.4607,ENGINE_ECU,0x10D,RX,OK,26 44 DA 97 73 6B 57 56
4.4628,AIRBAG_ECU,0x1BE,TX,OK,0F C4 8F 46 98 58 12 90
4.4662,DASHBOARD,0x15E,RX,OK,04 66 2B 25 B9 D7 ED D9
4.4702,AIRBAG_ECU,0x1C2,TX,ERROR,96 C0 7E 49 7B 12 EB FC
4.4748,DASHBOARD,0x1F4,RX,OK,F6 C5 B3 9F 1C F2 75 39
4.4795,AIRBAG_ECU,0x10C,TX,ERROR,D6 24 1E 1B 44 63 CC B2
4.4825,AIRBAG_ECU,0x1CF,RX,CRC_FAIL,EE F4 28 1F F9 0E 15 06
4.4865,STEERING_ECU,0x1D4,TX,OK,04 29 79 5D A0 A0 DF 79
4.4875,AIRBAG_ECU,0x135,RX,OK,46 60 CD DA 77 61 DD 5E
4.4885,DASHBOARD,0x14F,TX,CRC_FAIL,51 B3 8E D1 9B 7D CD D1
4.4915,DASHBOARD,0x119,RX,OK,78 4C 2A 43 28 97 B7 EF
4.4944,ABS_ECU,0x15A,TX,OK,98 39 BE C4 41 66 E5 C3
4.4957,AIRBAG_ECU,0x171,RX,OK,05 DF D2 15 E0 45 12 DC
4.4995,ABS_ECU,0x14B,TX,OK,71 48 38 6E C3 9E 12 3E
4.5039,DASHBOARD,0x1EF,RX,OK,64 DE 9C A6 43 FE AA 71
4.5063,ABS_ECU,0x1E8,TX,OK,04 9C 3B 19 A6 2D D7 A5
4.5074,ENGINE_ECU,0x16C,RX,OK,50 4D 9F C9 01 C8 05 19
4.5119,ENGINE_ECU,0x1C5,RX,OK,C2 7D 10 92 E4 C9 21 EA
4.5167,STEERING_ECU,0x1D5,RX,OK,1F 14 AD 01 8A DA C0 41
4.519,DASHBOARD,0x1D1,RX,OK,A0 4E 20 6C 06 F7 BB A3
4.5229,DASHBOARD,0x162,RX,OK,66 BB B1 A2 F6 6D 24 BA
4.5275,ABS_ECU,0x186,TX,OK,91 AA 4E C2 39 C4 73 A3
4.5296,DASHBOARD,0x1B2,TX,OK,98 E5 DC 11 40 41 07 EF
4.5324,AIRBAG_ECU,0x14F,TX,OK,57 5B 4A D7 BE 10 41 D4
4.536,AIRBAG_ECU,0x1FC,RX,OK,64 C7 78 F4 B9 F2 2B 4C
4.5376,AIRBAG_ECU,0x1CC,TX,TIMEOUT,5D 39 93 B6 45 A9 3B EE
4.5401,AIRBAG_ECU,0x11B,RX,CRC_FAIL,16 5F 7B 22 05 E7 5F 67
4.5432,ENGINE_ECU,0x171,RX,OK,B2 DF 3D 4A B7 8F 00 38
4.5444,ABS_ECU,0x17F,RX,OK,9A 30 D8 76 7A 2B 2B 15
4.5492,STEERING_ECU,0x17F,RX,OK,1E 38 18 09 31 4E B3 39
4.5524,DASHBOARD,0x193,TX,ERROR,CE 17 64 F7 D4 1B AC CA
4.5548,DASHBOARD,0x106,TX,CRC_FAIL,61 C6 04 CF CC 0F DA 0E
4.5588,DASHBOARD,0x1DA,TX,ERROR,B5 C6 77 E8 0E 6F 46 03
4.5636,STEERING_ECU,0x148,RX,OK,A7 52 BA E6 7E DC 18 25
4.5668,ENGINE_ECU,0x121,RX,OK,AA 81 AD 4C 01 0C E8 44
4.5688,DASHBOARD,0x15E,RX,TIMEOUT,E6 3D 6F 60 18 A3 0E CD
4.5716,AIRBAG_ECU,0x1E0,TX,OK,D9 EE C3 CA ED 2B 3C DD
4.5754,ENGINE_ECU,0x1EC,TX,OK,1D 52 B1 90 AE 95 51 8A
4.5785,AIRBAG_ECU,0x1D1,TX,OK,DC CA CC 69 E1 5D AE 50
4.5815,STEERING_ECU,0x1A9,RX,OK,31 92 88 34 5C 7B 75 1E
4.5834,STEERING_ECU,0x1B4,RX,OK,90 E6 67 E9 4E 38 1F FE
4.587,ENGINE_ECU,0x11F,TX,OK,7A 5B D2 E3 16 08 13 EE
4.5889,AIRBAG_ECU,0x14D,RX,OK,40 B7 06 F7 6F 48 44 64
4.5908,STEERING_ECU,0x197,TX,OK,4F 60 A8 BB 3F C5 A0 26
4.5956,STEERING_ECU,0x1A2,TX,OK,0E BD 38 EF 94 44 42 0B
4.5986,ABS_ECU,0x1C0,TX,CRC_FAIL,F1 4E 10 4C 7E 18 ED B0
4.6019,ABS_ECU,0x117,TX,CRC_FAIL,5D F3 D7 44 D8 75 D7 83
4.6056,AIRBAG_ECU,0x195,RX,OK,BE 95 CF FB 37 77 C4 81
4.6073,ENGINE_ECU,0x12E,TX,OK,EE 99 E7 CE 54 62 59 0D
4.6123,DASHBOARD,0x17D,RX,OK,ED B4 01 B5 4E AB F8 16
4.6155,ABS_ECU,0x1F5,TX,OK,2F 75 03 25 63 E5 4B F6
4.6173,DASHBOARD,0x190,TX,OK,20 0A 84 E9 43 62 49 E4
4.6208,DASHBOARD,0x127,RX,OK,DF 47 87 D3 FD DD 6D 15
4.6223,STEERING_ECU,0x17B,RX,OK,8F A7 CD D7 A6 76 E7 5D
4.6264,ENGINE_ECU,0x1F6,TX,OK,D0 4A B4 58 82 FD 2F A7
4.629,STEERING_ECU,0x1A6,RX,OK,A9 AA 1D B8 67 CC EE E1
4.6325,STEERING_ECU,0x1CE,TX,OK,5C 82 34 FC BF D1 6E BE
4.6344,ABS_ECU,0x1F2,RX,OK,85 8F EF 37 DC B3 69 46
4.6366,ENGINE_ECU,0x1BD,RX,OK,99 D9 42 73 8E 92 54 00
4.6396,ENGINE_ECU,0x17A,TX,TIMEOUT,E0 7A 1C F4 EB FC 6E 60
4.644,ABS_ECU,0x1DD,RX,OK,C3 E5 81 36 0E 07 89 F0
4.6478,ABS_ECU,0x110,RX,TIMEOUT,3D F8 2E DB BE 81 D0 DD
4.6491,AIRBAG_ECU,0x190,TX,OK,94 88 36 E3 C8 4A C9 32
4.652,ABS_ECU,0x1E3,RX,OK,F0 70 A5 58 1E 0C 20 C0
4.6539,AIRBAG_ECU,0x1AA,RX,OK,D1 A7 B4 69 98 26 C3 86
4.6577,STEERING_ECU,0x12E,TX,OK,C5 F6 A7 5E E8 AD 11 27
4.6602,DASHBOARD,0x11A,RX,ERROR,0A 4E D4 17 68 CA CB 17
4.6643,DASHBOARD,0x121,RX,OK,2D E9 9F 6F 46 5C 4D 69
4.6663,STEERING_ECU,0x1F3,TX,OK,3E 57 4E 64 5D 90 B3 F7
4.6693,ENGINE_ECU,0x14A,RX,OK,C0 57 C4 34 E1 8D 94 85
4.6732,STEERING_ECU,0x151,TX,ERROR,14 27 2F 4D E6 DC 32 21
4.6758,STEERING_ECU,0x1AC,RX,OK,EE 0D 5D 17 DF 10 95 B6
4.6807,AIRBAG_ECU,0x116,TX,OK,41 F4 14 39 C4 6D FA 8D
4.6847,ABS_ECU,0x1E5,TX,TIMEOUT,19 F3 EC D8 AB BD BE B2
4.6882,ABS_ECU,0x13D,RX,TIMEOUT,62 78 98 D5 E6 BC 96 52
4.6921,DASHBOARD,0x166,RX,OK,21 89 24 B0 CB 35 23 B0
4.6953,AIRBAG_ECU,0x12D,RX,OK,9E 40 7F CC 0F A7 63 45
4.6999,ABS_ECU,0x1E3,RX,OK,F0 19 97 5A 7D 7D 35 70
4.7034,ENGINE_ECU,0x1BA,RX,OK,CC 72 A8 ED 0D 31 55 35
4.7062,ABS_ECU,0x1DF,RX,OK,01 A7 F2 55 FA A3 6D 6B
4.709,STEERING_ECU,0x1E3,RX,OK,03 4D 53 D5 F1 0C 05 59
4.7125,AIRBAG_ECU,0x1AB,TX,TIMEOUT,3C 9B A3 F5 45 43 5D E6
4.7172,AIRBAG_ECU,0x146,TX,OK,F2 C0 52 26 33 9B AD 31
4.7191,ABS_ECU,0x12F,TX,OK,97 A2 E8 0A 83 02 56 51
4.7231,ABS_ECU,0x1C4,TX,OK,23 27 A7 34 71 32 BF 50
4.7268,STEERING_ECU,0x182,TX,OK,49 02 59 9B DA B6 CE 2F
4.7316,ENGINE_ECU,0x1EC,RX,ERROR,9C DB 58 A3 46 FF B6 CF
4.7359,DASHBOARD,0x141,TX,OK,13 E3 A8 3B 18 A2 94 12
4.7397,DASHBOARD,0x126,RX,ERROR,AF B5 0C 29 FB 8C 1B D8
4.7431,DASHBOARD,0x135,TX,OK,AC 36 DB 92 B1 62 F0 D3
4.745,ABS_ECU,0x128,TX,OK,90 10 DF 53 E6 A4 58 83
4.7497,DASHBOARD,0x151,TX,TIMEOUT,BE 12 92 2A 48 81 57 34
4.753,ABS_ECU,0x104,RX,OK,2C 28 C7 28 B0 05 27 43
4.7566,STEERING_ECU,0x157,RX,OK,7E 5B E5 EC CD 7C 44 07
4.7584,DASHBOARD,0x18E,TX,ERROR,A8 52 28 F4 4F 45 34 1F
4.7631,STEERING_ECU,0x1BB,TX,OK,A8 A0 BB 36 C5 6F 5F 2A
4.7644,DASHBOARD,0x107,RX,OK,BE 9B 93 8D D7 F6 47 B7
4.768,ENGINE_ECU,0x1CB,TX,ERROR,6F 11 B8 9A 87 1F 7B 77
4.771,STEERING_ECU,0x196,RX,OK,FB 4D 6C B0 ED 03 37 80
4.7725,AIRBAG_ECU,0x1A4,RX,OK,92 1C 9D 72 79 39 E9 67
4.7738,DASHBOARD,0x1DE,RX,OK,71 92 FC E7 E4 4E 64 22
4.7775,ENGINE_ECU,0x1F7,TX,OK,C3 1C A5 5F 99 1A 77 F3
4.7797,DASHBOARD,0x1D3,RX,OK,63 DF 02 54 76 00 CE FE
4.7818,DASHBOARD,0x1CB,RX,OK,DD 68 42 F7 04 38 90 A6
4.7837,AIRBAG_ECU,0x167,TX,OK,4A E3 22 D2 8D 6A 4C 29
4.7851,AIRBAG_ECU,0x14F,RX,OK,DA B7 DA 5E 57 FF 3A 6A
4.788,DASHBOARD,0x1AF,RX,OK,82 F0 B7 86 0D 14 10 AF
4.7924,STEERING_ECU,0x180,TX,OK,97 87 C5 B6 5C A7 55 BC
4.7959,ENGINE_ECU,0x1B6,TX,OK,09 37 6B DE 92 34 F1 53
4.7982,ABS_ECU,0x169,RX,CRC_FAIL,84 F4 9B 0C 1C BE 9E 05
4.7996,STEERING_ECU,0x181,RX,OK,1A CF 23 7A 92 44 5A 50
4.801,STEERING_ECU,0x161,RX,CRC_FAIL,99 48 9D AF 8F 23 A4 02
4.8047,AIRBAG_ECU,0x1C2,TX,ERROR,2C 2E 7B C6 06 CC 7A E5
4.8094,AIRBAG_ECU,0x1DD,RX,OK,5A 6C F8 3D BF 53 AA 62
4.8125,AIRBAG_ECU,0x13E,TX,OK,C3 D1 B1 61 0C 7C 39 5D
4.8135,ABS_ECU,0x1E3,TX,OK,22 37 2E CB B8 FC 28 BE
4.815,AIRBAG_ECU,0x185,RX,OK,81 FF 75 FA E1 80 F5 00
4.8199,STEERING_ECU,0x17D,TX,OK,4E 4E AD 22 5F 47 36 2D
4.8226,AIRBAG_ECU,0x192,RX,OK,C0 B5 56 94 D6 9A 60 3D
4.8258,DASHBOARD,0x1B1,RX,OK,C4 44 27 56 BE 2D 84 41
4.8307,ABS_ECU,0x1B1,RX,OK,EA 28 F0 6F 08 95 27 4F
4.8343,ABS_ECU,0x1CF,RX,OK,13 8B 54 C7 F4 27 D0 5F
4.8382,AIRBAG_ECU,0x174,TX,TIMEOUT,C9 53 C6 D6 21 3D 56 24
4.8396,ENGINE_ECU,0x193,TX,OK,4A 24 FC 8F 6E A6 57 71
4.844,DASHBOARD,0x1A9,TX,OK,E6 56 9C B2 53 62 C3 7B
4.8453,STEERING_ECU,0x18C,TX,OK,3A 63 B5 A1 57 98 85 FB
4.8484,AIRBAG_ECU,0x156,RX,OK,54 71 38 5B C8 2C C9 AB
4.8505,AIRBAG_ECU,0x118,TX,OK,48 F9 D6 A2 24 89 40 13
4.8532,STEERING_ECU,0x1C3,RX,ERROR,C4 CB 0F DF E1 CA C4 B7
4.8571,STEERING_ECU,0x158,TX,OK,5A 38 9B AE 52 42 7B C5
4.8618,AIRBAG_ECU,0x16D,TX,OK,F1 E3 4D E6 F8 5B D2 6D
4.8646,DASHBOARD,0x115,RX,OK,D5 20 B4 C7 5C 6E A3 84
4.869,ENGINE_ECU,0x16D,TX,OK,82 46 1A B5 A8 B0 74 1C
4.8706,ENGINE_ECU,0x15C,RX,OK,87 B6 35 9D DD A4 12 4D
4.873,DASHBOARD,0x1C4,TX,OK,26 F0 55 11 58 F5 1B 4E
4.8774,AIRBAG_ECU,0x111,RX,OK,4B FB 0C A8 AB 7D A7 0C
4.8787,ABS_ECU,0x1B1,TX,OK,E1 25 86 78 52 33 CF 84
4.8806,ENGINE_ECU,0x1CC,TX,TIMEOUT,03 07 05 C7 51 BA BE 31
4.8822,ABS_ECU,0x108,TX,OK,1E 01 86 B4 06 4A 2D 25
4.8856,AIRBAG_ECU,0x179,RX,OK,C9 80 AA 5A A6 3C FE 2E
4.8871,AIRBAG_ECU,0x155,TX,TIMEOUT,11 61 54 37 2D 85 2E 02
4.8893,STEERING_ECU,0x177,TX,OK,F3 29 0A F8 E7 DE 48 25
4.8911,ENGINE_ECU,0x11D,RX,CRC_FAIL,FE 40 F1 35 49 B8 B8 ED
4.8926,ENGINE_ECU,0x1E6,RX,OK,6F 18 53 7F D0 D7 C0 90
4.8958,DASHBOARD,0x1AF,TX,OK,DC 6B 47 C1 08 4B 6C AD
4.9007,ABS_ECU,0x14C,RX,OK,4A 39 93 18 B5 6F FC C4
4.904,ABS_ECU,0x1E2,RX,OK,2C E4 15 29 5F 69 91 2D
4.9077,ABS_ECU,0x112,TX,OK,BA 43 DE F3 AE 61 5F 62
4.9118,ABS_ECU,0x10B,RX,CRC_FAIL,5E 6A 4A DC FB 28 43 1E
4.9166,ABS_ECU,0x188,TX,CRC_FAIL,7B E8 0B A4 81 7F E4 58
4.9211,ABS_ECU,0x103,TX,OK,DC 70 F3 34 79 75 35 BE
4.9257,DASHBOARD,0x150,RX,OK,A2 9C 1B E4 51 E2 64 FE
4.9306,DASHBOARD,0x11D,RX,OK,C4 BA BA 39 B8 E6 70 1A
4.9317,DASHBOARD,0x1F3,RX,OK,05 F5 1D 78 E9 93 6F 1C
4.9364,STEERING_ECU,0x129,RX,OK,E8 B0 15 60 37 2A 06 66
4.9386,ABS_ECU,0x14A,TX,OK,12 58 83 B5 C0 9D CA A8
4.9409,ENGINE_ECU,0x10E,TX,OK,FA DD B2 2E 9D A0 25 9A
4.9425,ENGINE_ECU,0x12C,RX,OK,CA 37 73 44 95 01 48 4B
4.9446,DASHBOARD,0x141,RX,OK,9E 69 7E 18 1D D2 C0 29
4.9475,DASHBOARD,0x173,RX,OK,7F 84 0E 71 FD 34 10 00
4.9489,ENGINE_ECU,0x144,RX,OK,AE 71 15 6E 9F 22 ED 11
4.9506,AIRBAG_ECU,0x1B9,TX,CRC_FAIL,A6 0B D1 A0 8D 77 B9 C7
4.9529,STEERING_ECU,0x13E,RX,TIMEOUT,1C 65 9F D0 3F 90 FB 6E
4.954,AIRBAG_ECU,0x1F5,RX,OK,C1 67 F6 BC 6B 90 32 1D
4.9587,ABS_ECU,0x10E,RX,TIMEOUT,57 4F C0 18 51 7E 90 D4
4.9605,ENGINE_ECU,0x1DD,TX,OK,70 32 74 EF 3F E6 85 3A
4.9623,AIRBAG_ECU,0x116,TX,OK,C4 56 14 D5 DD 2F 5B 95
4.9634,ABS_ECU,0x15B,RX,OK,2E E7 E9 8B 29 71 6C C3
4.9653,STEERING_ECU,0x189,RX,OK,59 4F 07 94 CD E1 D9 6F
4.9672,ENGINE_ECU,0x1F3,RX,OK,D4 64 57 AF F9 BA 4E 70
4.9709,ENGINE_ECU,0x107,TX,CRC_FAIL,7F CA 68 C5 99 9E 3B A9
4.9719,STEERING_ECU,0x1D9,TX,TIMEOUT,7A CC 76 0F 50 80 24 90
4.9756,AIRBAG_ECU,0x1FF,RX,CRC_FAIL,6B 30 D4 46 E4 2F B8 D9
4.9797,DASHBOARD,0x143,TX,OK,EB 20 FA 0B 11 BF C1 7B
4.9846,AIRBAG_ECU,0x12A,TX,CRC_FAIL,D5 FA 8E 32 DB 23 14 32
4.9882,STEERING_ECU,0x109,TX,OK,0B EF 3F C5 16 51 BF A3
4.9905,ABS_ECU,0x15A,RX,OK,B2 1C A5 B3 4A 2F 50 CD
4.9919,STEERING_ECU,0x135,RX,OK,2A DF 5E 42 75 93 FC 28
4.9951,DASHBOARD,0x10C,RX,OK,80 7B 31 3F AF 58 8A 4A
4.9993,ABS_ECU,0x177,TX,OK,49 D9 6E 06 5A C8 15 F8
5.0016,ENGINE_ECU,0x17E,RX,ERROR,2C 02 0F B2 FD 41 E6 04
5.0064,AIRBAG_ECU,0x1FF,TX,OK,74 16 32 14 F7 0A B6 38
5.0082,ABS_ECU,0x16C,RX,OK,54 16 B4 0A A8 2B AF 6E
5.0114,ENGINE_ECU,0x170,RX,OK,EC 5D A4 3C 01 DF 53 00
5.0146,ENGINE_ECU,0x186,TX,OK,79 5D 64 CD 69 28 E4 CE
5.0168,AIRBAG_ECU,0x1E6,TX,OK,FA 14 72 C0 71 5F D0 A1
5.0217,ABS_ECU,0x11D,TX,CRC_FAIL,2B 8E 44 06 A6 92 96 9B
5.026,ABS_ECU,0x190,RX,OK,49 4C 59 95 5B CB DC BC
5.0273,ABS_ECU,0x1FD,RX,OK,41 FB 46 3B DE 7C 61 E4
5.0314,DASHBOARD,0x12C,TX,OK,DF 0C DC 6E 66 03 A9 A5
5.0338,ABS_ECU,0x19F,RX,OK,0A 5F 22 8B 25 CB 47 8C
5.0351,AIRBAG_ECU,0x1CC,RX,OK,C8 EE 5D A6 9B D1 9A B9
5.0401,ABS_ECU,0x17D,TX,OK,E3 31 A5 C0 F3 C7 01 9B
5.0433,ENGINE_ECU,0x1C3,RX,OK,F8 68 0E 28 40 03 6A FD
5.0459,DASHBOARD,0x113,TX,OK,5B 08 66 40 87 5D 76 1C
5.0472,STEERING_ECU,0x124,TX,OK,88 C3 31 B6 3B C5 7C 2C
5.0497,STEERING_ECU,0x17B,RX,OK,DD 6F AB 1E A4 4F 70 3E
5.0544,AIRBAG_ECU,0x1B8,TX,OK,8A CB 34 57 F6 9E DF 1E
5.0581,DASHBOARD,0x13E,TX,OK,EF FD 3F C0 24 44 89 A8
5.0602,DASHBOARD,0x141,RX,OK,AD B0 04 9A 20 97 B5 D5
5.0624,ABS_ECU,0x1A8,TX,TIMEOUT,5F 19 34 67 1B 56 DF 0D
5.0664,ENGINE_ECU,0x15D,RX,OK,36 E4 12 5E 0C 53 89 37
5.0705,STEERING_ECU,0x1AA,TX,CRC_FAIL,27 DD EE C4 D7 9B 94 73
5.0718,ENGINE_ECU,0x1FE,TX,OK,0D 15 5B F4 6A 3D BD 3F
5.0738,STEERING_ECU,0x1FD,TX,OK,83 9E E3 A8 29 37 03 62
5.0774,DASHBOARD,0x1E9,RX,OK,30 35 66 97 5A 68 49 B9
5.0809,DASHBOARD,0x16B,TX,OK,1F 60 76 FD DE 9A 1D 1C
5.0826,ABS_ECU,0x101,TX,OK,6D 33 7D 2B FE CA A6 85
5.0849,STEERING_ECU,0x1D5,RX,OK,A1 ED 2B 30 84 17 BF 51
5.0869,ABS_ECU,0x12F,TX,OK,43 96 80 B0 96 E1 A2 FD
5.0902,ENGINE_ECU,0x19A,RX,OK,B5 55 81 58 D6 18 0D 56
5.0951,ABS_ECU,0x159,TX,TIMEOUT,17 0D 9A F4 EB 6C B5 01
5.0971,ABS_ECU,0x193,RX,TIMEOUT,61 30 81 3B 2C 16 3F 35
5.0993,STEERING_ECU,0x125,RX,TIMEOUT,D9 2E F0 56 5A 0F 30 BB
5.1018,ENGINE_ECU,0x116,TX,OK,68 7F F8 EC 5B 38 05 95
5.1039,ENGINE_ECU,0x182,TX,OK,54 0E 68 43 A6 F4 EC 4F
5.1083,ABS_ECU,0x113,RX,OK,ED 89 D2 91 79 3B 3A 90
5.111,STEERING_ECU,0x123,TX,CRC_FAIL,17 FE AC BA B3 4E FC 02
5.1139,ENGINE_ECU,0x178,TX,TIMEOUT,41 7B B7 07 9C 94 83 78
5.1157,AIRBAG_ECU,0x1D9,TX,OK,A6 CB 81 5F E0 7E 97 54
5.1191,ENGINE_ECU,0x14E,TX,OK,7F 0E D1 59 8A 7E D4 34
5.1222,ABS_ECU,0x1D1,TX,OK,B3 9B 2E 8D 1D 22 2B 72
5.1249,ABS_ECU,0x127,TX,OK,94 CB 3D 89 2A 3B C7 79
5.1289,AIRBAG_ECU,0x1EF,TX,OK,4B DD EE 1A 15 E1 C3 98
5.1307,ABS_ECU,0x16D,RX,OK,67 93 BA 50 04 FF F6 1B
5.1327,AIRBAG_ECU,0x1B9,TX,OK,6C 13 65 73 6D AA 8E 39
5.136,STEERING_ECU,0x159,RX,ERROR,66 D5 CD 31 F9 70 3E C6
5.1405,ABS_ECU,0x1F5,TX,TIMEOUT,C3 1C E6 F4 91 D5 62 2F
5.144,STEERING_ECU,0x17B,RX,OK,72 98 B0 50 7F 1F 4C 65
5.1453,AIRBAG_ECU,0x1FC,RX,ERROR,58 BA E1 0C 4B 5C DD EE
5.1482,ENGINE_ECU,0x17E,RX,CRC_FAIL,C1 34 04 1C 77 50 8B A0
5.152,STEERING_ECU,0x15B,TX,OK,D6 A6 59 51 CC 19 9C 7D
5.1566,ABS_ECU,0x118,RX,OK,42 6C B3 95 1B 9C 36 AE
5.1577,ENGINE_ECU,0x1DA,TX,OK,0D B0 EB F6 B8 41 03 92
5.1592,AIRBAG_ECU,0x17F,RX,OK,3C CD AB 99 AD B1 CB 41
5.1631,DASHBOARD,0x1F5,TX,OK,08 A7 9A 98 27 A8 41 BD
5.1648,STEERING_ECU,0x170,RX,CRC_FAIL,9D B5 39 2D AB 5B 44 D1
5.1682,AIRBAG_ECU,0x122,RX,ERROR,66 F8 FA CF 08 1A EA AE
5.1699,ABS_ECU,0x164,RX,ERROR,B5 B3 3A AD 88 BF 91 4D
5.1713,DASHBOARD,0x13C,RX,OK,B7 B4 D7 6C 32 D0 A4 CA
5.1761,ABS_ECU,0x14C,RX,OK,73 4C CA 26 52 B4 51 8B
5.1799,DASHBOARD,0x146,TX,OK,85 AD DD 34 0D 08 41 92
5.184,DASHBOARD,0x113,TX,OK,41 61 3F 9F 71 FD 7A EF
5.1867,AIRBAG_ECU,0x19B,RX,CRC_FAIL,50 57 88 23 77 15 6C 95
5.1915,ENGINE_ECU,0x162,RX,OK,04 2D E4 1A 2B EC 09 73
5.1933,ABS_ECU,0x11A,TX,OK,2E 8F 24 96 06 3A BC 9B
5.1979,DASHBOARD,0x1A7,RX,ERROR,38 BA 77 CB 4F DE 81 EC
5.1997,AIRBAG_ECU,0x1CC,RX,OK,68 C0 F8 D1 9E AA B3 75
5.2042,AIRBAG_ECU,0x19C,RX,OK,18 FF 50 23 49 13 55 36
5.2069,STEERING_ECU,0x144,RX,OK,C6 A1 81 6D F3 D4 B0 0B
5.2097,STEERING_ECU,0x10B,RX,ERROR,03 5B 67 E5 42 D1 96 23
5.2117,AIRBAG_ECU,0x1A3,TX,OK,A5 78 44 CC 0A 33 A9 F6
5.2136,DASHBOARD,0x151,RX,ERROR,5E DE C3 2B D2 A5 C1 F0
5.2172,STEERING_ECU,0x1E3,TX,OK,61 7E FB 07 AC C5 08 D5
5.2207,ENGINE_ECU,0x1DE,RX,TIMEOUT,2E D3 47 B3 3F 5E 50 62
5.224,ABS_ECU,0x149,RX,OK,21 C5 B6 18 FE 65 C2 A9
5.2254,STEERING_ECU,0x126,RX,OK,DA AF A3 BF 65 D7 FA AC
5.2294,AIRBAG_ECU,0x182,TX,CRC_FAIL,C4 B3 51 3B C0 F9 B3 50
5.2306,DASHBOARD,0x131,RX,OK,D8 AA B1 F4 A1 6D D6 82
5.2348,AIRBAG_ECU,0x153,TX,OK,32 A0 8C 03 B9 E2 39 62
5.238,ABS_ECU,0x162,TX,OK,80 21 5A 39 9A 46 0B BA
5.2426,AIRBAG_ECU,0x1BE,TX,OK,8A 59 9C E8 33 31 53 0D
5.2453,STEERING_ECU,0x119,TX,OK,42 0E 07 1D 0C 0A BD CE
5.2471,ABS_ECU,0x156,RX,ERROR,51 24 A9 99 C7 5A 8F 23
5.252,AIRBAG_ECU,0x120,RX,ERROR,01 D9 2C EF F8 D5 5E F2
5.2539,AIRBAG_ECU,0x1CB,RX,OK,B3 B0 9B 35 64 63 A0 FF
5.255,AIRBAG_ECU,0x150,TX,CRC_FAIL,63 EB 54 F1 64 A1 82 1C
5.2563,ABS_ECU,0x158,TX,OK,05 F5 42 84 18 F6 57 03
5.2604,AIRBAG_ECU,0x129,TX,OK,D5 D5 F8 16 4C 2D 03 24
5.2651,ENGINE_ECU,0x179,TX,ERROR,AB 33 28 C8 2A 0F 28 62
5.2698,STEERING_ECU,0x12E,RX,OK,B9 F4 A1 8F 9E B1 82 65
5.2714,STEERING_ECU,0x13D,RX,OK,7A 4C 1C 27 FA 10 49 13
5.2733,AIRBAG_ECU,0x142,RX,OK,BC A0 E3 39 68 F8 E7 9E
5.2774,STEERING_ECU,0x1CB,RX,ERROR,F2 B5 70 88 68 2C C7 BA
5.2809,ENGINE_ECU,0x129,RX,OK,82 A8 15 12 1A 49 61 9E
5.2838,AIRBAG_ECU,0x170,RX,OK,B5 AE 04 0C 1D CF 12 3D
5.2857,STEERING_ECU,0x180,RX,OK,D0 F5 CE 96 CC 39 94 F7
5.2879,AIRBAG_ECU,0x191,RX,OK,E9 7F 8D 96 5E F4 07 A5
5.2898,ABS_ECU,0x128,RX,OK,13 35 F8 75 AD 67 43 9D
5.2924,AIRBAG_ECU,0x1FB,RX,CRC_FAIL,54 88 8C 30 B3 2B 2E 6B
5.2949,DASHBOARD,0x15A,RX,ERROR,5E 51 16 8B 23 CF EF A9
5.2985,ENGINE_ECU,0x10F,TX,ERROR,BF E4 3A E4 93 6C EA 00
5.3,AIRBAG_ECU,0x103,RX,ERROR,D5 78 A0 78 38 10 69 D2
5.303,ABS_ECU,0x136,RX,OK,01 CB 76 F6 57 3B 5E 1C
5.3058,ENGINE_ECU,0x17B,TX,OK,51 76 14 9B F2 65 C5 B3
5.3076,ENGINE_ECU,0x1D8,TX,OK,27 9B E7 7D FC 10 3A 2D
5.3088,DASHBOARD,0x1CE,TX,ERROR,AA F4 31 16 9D 44 7B 5F
5.3122,ABS_ECU,0x18C,TX,OK,A7 8E 3B 9E 17 90 6C 10
5.3139,STEERING_ECU,0x145,RX,OK,F3 40 52 FE 5E 56 C7 01
5.3172,DASHBOARD,0x113,TX,TIMEOUT,DE 50 BB C5 1F 9E 51 3B
5.3202,DASHBOARD,0x1DB,TX,OK,C1 7B 22 56 EA 35 5F 1F
5.323,AIRBAG_ECU,0x1F0,RX,OK,32 14 FA 9C 33 24 C8 EF
5.3246,ABS_ECU,0x119,RX,OK,8D AA 13 6C 36 15 2E 8D
5.3286,DASHBOARD,0x1FF,RX,OK,ED A7 32 FE 0D E3 DB DF
5.3301,STEERING_ECU,0x174,TX,OK,79 8C 36 9A 35 1F 81 8A
5.3337,DASHBOARD,0x132,RX,OK,D6 50 B5 92 EF C1 D6 04
5.3372,STEERING_ECU,0x138,RX,OK,17 E7 DE FD C0 BA 87 8E
5.3401,AIRBAG_ECU,0x19F,TX,CRC_FAIL,9F 03 05 C3 76 5F A0 9A
5.3434,ABS_ECU,0x10F,RX,OK,97 2F A6 1E E3 04 1E 7E
5.3473,ABS_ECU,0x1D7,RX,OK,3D AD F2 66 53 3D BC 8A
5.3501,ABS_ECU,0x100,TX,OK,40 FA A0 08 B0 06 07 2D
5.3527,STEERING_ECU,0x1A6,RX,CRC_FAIL,4C 49 62 4A 25 C6 1A 30
5.3566,STEERING_ECU,0x1B0,TX,OK,F6 F0 77 33 A7 B6 4E DC
5.3587,ENGINE_ECU,0x1E5,RX,OK,02 E6 0A 19 B4 B1 6C A1
5.3634,AIRBAG_ECU,0x143,TX,ERROR,6C 1B D4 7C C7 D0 99 E9
5.3664,ABS_ECU,0x155,RX,OK,58 10 BE 0A 4C DF 16 BC
5.3691,ENGINE_ECU,0x14E,RX,OK,11 DE 17 EA 58 EE FF 57
5.3709,AIRBAG_ECU,0x195,RX,OK,72 0A 7B 12 8E 80 47 BC
5.373,STEERING_ECU,0x144,TX,OK,9F 7C C8 4A 6E 43 F5 95
5.3767,AIRBAG_ECU,0x15E,TX,OK,E5 0A D3 99 AA F8 BE 37
5.3784,STEERING_ECU,0x103,RX,OK,94 F1 00 85 14 7B F8 3B
5.3798,AIRBAG_ECU,0x1A5,RX,TIMEOUT,C4 0F 3A 4E 9B 96 7A A7
5.3808,ENGINE_ECU,0x1A8,TX,OK,98 DE 84 CD 93 D9 C0 48
5.3851,STEERING_ECU,0x1DE,RX,OK,32 1D DD 11 86 95 9F 2A
5.3865,DASHBOARD,0x141,TX,OK,0F 16 8D 5E 04 1F 0B 0A
5.3882,ENGINE_ECU,0x187,RX,ERROR,A2 83 B0 94 B8 58 C1 34
5.3904,ABS_ECU,0x127,RX,OK,FF 07 3B 6F 1A 1B DB 43
5.3938,ABS_ECU,0x1D6,TX,OK,72 FD 7D 63 92 C0 7B 2C
5.3969,ABS_ECU,0x1D0,RX,CRC_FAIL,AF ED E6 41 D5 99 6E 83
5.3992,ABS_ECU,0x113,TX,OK,F4 44 EB 11 E8 81 DB D2
5.4033,AIRBAG_ECU,0x12E,TX,ERROR,95 DB 25 8A E0 24 F1 67
5.4057,DASHBOARD,0x1F8,TX,OK,60 87 09 76 A5 37 C1 39
5.4102,ABS_ECU,0x161,TX,CRC_FAIL,DD CD 1B 7A D1 02 C3 50
5.413,ENGINE_ECU,0x167,TX,CRC_FAIL,C2 1F 51 86 8F 0F 60 25
5.4145,AIRBAG_ECU,0x1FA,TX,OK,D0 67 FA BA D5 F1 53 9A
5.4156,DASHBOARD,0x1C4,RX,OK,95 41 C8 57 2E 1C DF 93
5.4184,STEERING_ECU,0x177,RX,OK,46 C8 3C E4 23 30 1C B4
5.4223,ABS_ECU,0x1D6,RX,OK,4D 32 C6 6D DB 17 C1 62
5.4237,AIRBAG_ECU,0x15A,TX,OK,3A 6C 4C F1 3D 0C 50 E9
5.4248,ABS_ECU,0x1E6,TX,OK,97 20 F5 5D FB A1 23 A9
5.4272,DASHBOARD,0x182,RX,OK,C2 DD A7 08 94 62 99 82
5.4299,STEERING_ECU,0x18D,RX,OK,F4 92 5C AA 75 6C 15 F5
5.4319,ABS_ECU,0x128,RX,OK,75 77 23 05 C6 D2 36 E3
5.4354,ENGINE_ECU,0x16A,TX,OK,85 34 FE DF 15 8A 8E FF
5.44,DASHBOARD,0x111,TX,OK,AB A1 7D 29 B9 97 6F 2D
5.4424,STEERING_ECU,0x1B2,RX,CRC_FAIL,B6 76 D5 42 84 78 A7 0C
5.444,ABS_ECU,0x1AE,TX,CRC_FAIL,A5 92 85 90 F4 01 5A 94
5.4476,DASHBOARD,0x137,TX,OK,20 60 85 5A CC A1 B7 79
5.4505,DASHBOARD,0x19A,RX,ERROR,9C 24 97 CE 2F E6 77 2C
5.4526,AIRBAG_ECU,0x16B,TX,OK,36 F4 34 EE F8 88 32 C2
5.4543,ENGINE_ECU,0x101,TX,OK,4E E1 DA 9E 77 EE 81 3C
5.4556,STEERING_ECU,0x100,TX,OK,26 30 35 42 DC 87 62 A3
5.459,DASHBOARD,0x1D4,RX,TIMEOUT,C3 1E 3C 85 22 31 DD C2
5.462,ENGINE_ECU,0x1DF,TX,OK,48 7D 33 9F D3 C7 65 11
5.4665,STEERING_ECU,0x180,RX,OK,60 D0 2C 79 08 41 36 DC
5.4686,AIRBAG_ECU,0x120,TX,OK,FC 9E 3D F7 18 C9 6B 19
5.4712,ABS_ECU,0x14D,RX,CRC_FAIL,E4 1A 27 12 E7 6F 94 7A
5.4759,STEERING_ECU,0x19C,TX,OK,77 2F 34 74 FC C7 13 7B
5.4789,AIRBAG_ECU,0x102,TX,OK,94 14 94 03 5B 8D 0E E6
5.482,STEERING_ECU,0x115,RX,OK,7C FF 5F 5B 11 64 CE 48
5.4863,AIRBAG_ECU,0x160,TX,CRC_FAIL,B9 4F D0 DE 85 D4 9D 0E
5.4906,DASHBOARD,0x1B8,RX,OK,D3 FB 74 8D 11 12 6D 22
5.4916,DASHBOARD,0x162,RX,OK,3D 91 C0 10 C1 ED 31 91
5.4954,AIRBAG_ECU,0x1D8,TX,OK,FB 77 DC 06 E7 52 85 B8
5.4966,AIRBAG_ECU,0x162,TX,OK,49 82 85 F9 5A 45 ED 16
5.499,STEERING_ECU,0x1B4,TX,OK,58 6F 82 52 2F F2 7B 4B
5.5022,DASHBOARD,0x14C,TX,ERROR,E6 C1 C5 CF D9 85 2E 41
5.5065,ENGINE_ECU,0x19A,TX,OK,42 67 7B 29 CF 60 96 4F
5.5111,ABS_ECU,0x1D2,RX,OK,21 B6 4F F4 A5 36 46 88
5.5144,ENGINE_ECU,0x12D,TX,OK,FE 81 75 D6 50 3C E7 5A
5.5155,ABS_ECU,0x1DA,RX,ERROR,53 FB C6 F0 74 80 78 9A
5.519,DASHBOARD,0x1F1,TX,ERROR,0B BA 25 70 0D 7C 54 69
5.5217,DASHBOARD,0x1B2,RX,OK,71 3E 9E 2F DA 2B 36 11
5.5231,DASHBOARD,0x1E5,TX,OK,30 41 65 59 37 28 61 DC
5.5269,AIRBAG_ECU,0x19A,RX,OK,5A CD BA AD 29 93 33 8E
5.528,AIRBAG_ECU,0x1D1,RX,OK,7F 10 7F 09 3C 26 41 88
5.5326,ENGINE_ECU,0x1D8,RX,OK,B5 55 C4 9F 6C E0 89 DE
5.5347,ENGINE_ECU,0x131,TX,CRC_FAIL,1F DB 69 21 D1 B6 8F 19
5.5363,STEERING_ECU,0x1DB,TX,OK,1B C4 31 1E 1E 1C 42 55
5.5388,ENGINE_ECU,0x1E7,TX,OK,46 EE D6 45 B5 18 E6 52
5.5429,ENGINE_ECU,0x178,RX,OK,EF 0C 4E 52 E9 AB AB DC
5.5447,ABS_ECU,0x16A,RX,OK,5F 2F BA 72 11 95 CA 88
5.5467,DASHBOARD,0x15A,RX,TIMEOUT,0A C4 DB E9 3F 34 89 A4
5.5477,DASHBOARD,0x1D9,TX,ERROR,66 EE 7D 69 A5 D7 67 F9
5.5507,STEERING_ECU,0x16A,TX,OK,F1 5E 70 94 C3 87 1E 73
5.5556,AIRBAG_ECU,0x10F,TX,OK,DF 4D 2C 4F 74 5D 77 B8
5.5571,STEERING_ECU,0x145,TX,OK,7E 36 97 05 98 C5 1A F5
5.5584,DASHBOARD,0x147,TX,CRC_FAIL,EB 31 75 40 4A D9 51 B1
5.561,DASHBOARD,0x13E,TX,OK,EB 0D 22 E7 BD C5 63 AF
5.5636,DASHBOARD,0x1D7,RX,OK,79 13 A5 94 FF 03 8F F4
5.5646,ENGINE_ECU,0x115,RX,OK,01 84 1A A6 D8 2F 51 C1
5.5685,ABS_ECU,0x1CF,TX,OK,F5 8B F0 5F 8A 17 4E 96
5.5701,ABS_ECU,0x162,RX,CRC_FAIL,A9 43 EB E0 C9 8A 34 00
5.5741,ENGINE_ECU,0x1B1,TX,OK,72 0E 03 D7 2A 33 E7 FE
5.5765,ABS_ECU,0x1C5,TX,OK,DF 1F 76 E2 BF 2D 02 8E
5.5791,ABS_ECU,0x1AF,RX,CRC_FAIL,D7 AB AC B1 A8 5D B3 F7
5.5826,AIRBAG_ECU,0x180,RX,OK,23 28 1F 6A 49 87 00 71
5.5873,ENGINE_ECU,0x1A3,TX,OK,E7 35 90 5E DF F7 54 CD
5.5884,AIRBAG_ECU,0x118,RX,OK,97 05 3D 34 2E 57 86 2D
5.5928,ABS_ECU,0x147,TX,OK,16 3E 57 23 6D DB 9F F1
5.5972,DASHBOARD,0x1B9,TX,OK,5C E8 A2 07 3A 3B 40 C0
5.6022,ABS_ECU,0x175,TX,OK,A8 FB 23 DD 92 DE 2E E0
5.6043,AIRBAG_ECU,0x1AD,TX,CRC_FAIL,BB 9E 9D A5 1F FE DD 01
5.6066,DASHBOARD,0x14E,TX,OK,6E 27 C9 88 E7 28 BD 30
5.6111,AIRBAG_ECU,0x18D,TX,CRC_FAIL,C2 88 9C 80 38 E6 73 D2
5.6157,ABS_ECU,0x1C8,TX,OK,12 30 2E D0 33 27 A1 F4
5.6182,ABS_ECU,0x116,RX,OK,16 CB CB 88 4E B1 32 F3
5.622,STEERING_ECU,0x130,TX,CRC_FAIL,51 4E D3 81 AD 87 00 0B
5.6262,ABS_ECU,0x152,RX,OK,78 82 79 02 12 74 92 12
5.6306,AIRBAG_ECU,0x1C6,TX,OK,FF 76 D4 3B 5B CC 9C 95
5.6345,STEERING_ECU,0x1F5,RX,OK,9B 10 9D 31 AE E5 F9 04
5.6364,DASHBOARD,0x161,RX,OK,1D 9A A4 D1 EC 5C E7 0D
5.6392,ENGINE_ECU,0x19D,TX,OK,55 95 54 90 A3 71 6F C6
5.644,DASHBOARD,0x109,RX,OK,AF F9 81 35 87 A6 B3 1B
5.6481,ABS_ECU,0x146,RX,OK,4F BA 93 D5 B2 26 47 2A
5.6504,AIRBAG_ECU,0x11B,RX,OK,DB C8 4A 79 25 D6 09 0A
5.6514,ENGINE_ECU,0x1C0,TX,OK,F4 9D 4B E8 56 A4 33 39
5.655,ABS_ECU,0x189,RX,OK,E8 31 D1 D2 24 D0 1B 78
5.6569,ENGINE_ECU,0x1BF,TX,OK,ED 7D 12 8B 4B D9 DD 06
5.6595,ABS_ECU,0x16C,RX,CRC_FAIL,C0 7F 61 63 33 8C F2 9A
5.6614,ENGINE_ECU,0x1C5,TX,OK,0A 67 34 1E 34 92 6E 46
5.6663,ABS_ECU,0x104,TX,CRC_FAIL,C9 FD 73 8F 15 A3 C6 4D
5.6674,AIRBAG_ECU,0x117,TX,OK,23 7F 3B 3C 4D CF C9 97
5.6709,ABS_ECU,0x167,RX,OK,32 E4 0F F6 41 E4 43 F6
5.6726,DASHBOARD,0x1E9,TX,OK,F6 9C 51 7F E2 3D 74 1F
5.6772,AIRBAG_ECU,0x162,TX,OK,46 77 1F F5 CE 2D 28 85
5.6818,STEERING_ECU,0x11D,TX,OK,91 0D 01 E4 92 53 FA D5
5.6855,DASHBOARD,0x1A9,TX,OK,9D B3 C9 6A 6C B9 9C 8C
5.6904,DASHBOARD,0x1ED,TX,OK,94 5A CC EB 36 96 6C 64
5.694,AIRBAG_ECU,0x18C,RX,OK,5E EC B0 24 19 DD 95 BE
5.6981,ABS_ECU,0x1E8,RX,OK,A1 81 CF B3 2D B4 06 ED
5.702,STEERING_ECU,0x138,TX,ERROR,35 EE 11 ED A2 DE EA 4D
5.7057,ENGINE_ECU,0x1F4,RX,OK,19 1B 4A 6A D6 F4 EF E6
5.7074,DASHBOARD,0x162,TX,OK,E8 12 34 3E 86 33 95 88
5.7099,ENGINE_ECU,0x1E6,RX,OK,FF 40 36 1E D2 FB 60 BC
5.7137,ABS_ECU,0x187,TX,OK,B6 F6 2E BB 13 0F EB 00
5.7187,ABS_ECU,0x1B6,TX,OK,C4 6D 99 CB 48 ED C0 6F
5.7205,ENGINE_ECU,0x123,TX,OK,1D D3 69 E9 A3 E6 F5 ED
5.7243,STEERING_ECU,0x1D4,TX,CRC_FAIL,0A 0E 3E 07 F1 1D 18 22
5.7264,DASHBOARD,0x1A3,RX,TIMEOUT,0B 33 B0 AD 43 71 64 17
5.7292,ABS_ECU,0x1CA,TX,OK,D4 50 79 6D 7A BB 80 02
5.7311,ENGINE_ECU,0x1C2,RX,CRC_FAIL,18 08 98 25 4D 59 FA 48
5.7357,DASHBOARD,0x1FE,TX,OK,E2 0A 7B 89 14 95 75 31
5.7401,ABS_ECU,0x12B,RX,OK,A9 A3 95 01 B0 27 8E 7B
5.7423,DASHBOARD,0x1FC,RX,OK,1C 08 80 05 DF 16 E7 6C
5.747,AIRBAG_ECU,0x17B,TX,OK,14 1F 92 AB F6 62 1A D8
5.7519,STEERING_ECU,0x17D,RX,OK,8F 4C AB B7 D8 D4 67 7D
5.7545,AIRBAG_ECU,0x151,RX,OK,16 D0 61 9A 8A F4 95 B9
5.7564,ABS_ECU,0x140,RX,OK,3B 61 45 BB 48 9F F2 98
5.7591,ABS_ECU,0x13B,TX,OK,D9 82 93 83 35 6A 3E 6C
5.7636,ABS_ECU,0x1AA,RX,OK,AE 31 54 87 40 19 03 3E
5.7663,ABS_ECU,0x10E,RX,OK,80 53 F0 3A 7D 5F 06 A8
5.7708,DASHBOARD,0x1E0,RX,ERROR,89 AE 17 32 5A 44 41 20
5.7745,DASHBOARD,0x189,RX,OK,8E A1 27 2A 5C 36 86 C6
5.7767,DASHBOARD,0x16B,RX,OK,6D 32 DE 99 8D 4B 4F E5
5.7789,AIRBAG_ECU,0x11E,RX,OK,50 AF F1 00 42 87 D2 0C
5.7819,AIRBAG_ECU,0x1AC,RX,TIMEOUT,1A 81 5D A8 1C 6C 1D EE
5.784,ABS_ECU,0x12D,TX,ERROR,2D 9C 82 06 EE FE 97 E4
5.7869,AIRBAG_ECU,0x1BF,RX,OK,4C C8 96 66 44 4B 12 88
5.7893,STEERING_ECU,0x149,RX,OK,45 B5 C7 1C 6C 00 1F 1F
5.7937,STEERING_ECU,0x1E0,RX,TIMEOUT,45 BC B7 6A 24 3D F5 B4
5.7954,ENGINE_ECU,0x1BC,RX,OK,11 EF FD 19 B9 47 EE BC
5.7988,ABS_ECU,0x193,RX,OK,B3 B4 24 71 89 F0 FB CD
5.8008,AIRBAG_ECU,0x12F,TX,OK,B5 7A BE 35 F4 4F 87 2D
5.8037,ENGINE_ECU,0x1D1,RX,OK,E3 A0 A5 EC 52 98 32 E2
5.8056,STEERING_ECU,0x1CC,TX,OK,04 04 E3 BB 47 C3 95 32
5.8104,DASHBOARD,0x13D,RX,OK,71 D8 05 0B CF D8 3F A7
5.8132,STEERING_ECU,0x143,RX,OK,EA CC 66 64 83 41 6D 1F
5.8154,STEERING_ECU,0x1A8,TX,OK,7E C9 F7 DA 81 53 BA 8E
5.8201,STEERING_ECU,0x130,TX,OK,D8 7B B4 E9 48 BA 8D 4F
5.8248,STEERING_ECU,0x191,TX,OK,86 C1 63 A7 46 4C 7B 2C
5.8293,AIRBAG_ECU,0x17E,RX,TIMEOUT,A5 18 55 F4 A3 9D B7 F0
5.8335,ABS_ECU,0x132,RX,OK,88 7A D6 E9 CB 74 69 3B
5.8353,DASHBOARD,0x192,RX,OK,0A E1 9F 24 3A DE A4 F0
5.8386,ABS_ECU,0x17D,RX,CRC_FAIL,F4 92 2E EB 14 93 F9 78
5.8414,AIRBAG_ECU,0x1EF,RX,OK,58 09 52 FC 2E 37 4B 6D
5.8463,ABS_ECU,0x109,TX,OK,D8 99 8C B9 CA 35 4E 01
5.848,STEERING_ECU,0x138,RX,TIMEOUT,1C A5 AF D4 57 23 8A 76
5.853,DASHBOARD,0x184,RX,OK,FF 67 7F 3C 8D B6 F0 4E
5.8571,STEERING_ECU,0x104,RX,OK,AF 52 F8 53 8D 0B 49 12
5.861,ABS_ECU,0x17E,TX,OK,85 C5 03 AC 27 E8 25 94
5.8658,AIRBAG_ECU,0x11A,TX,OK,81 0F FE A4 EE 52 5D 05
5.8679,DASHBOARD,0x14E,TX,CRC_FAIL,85 85 B6 48 D0 03 CD 7A
5.8711,STEERING_ECU,0x171,RX,OK,85 FD FC 70 EE 73 06 AE
5.874,STEERING_ECU,0x1F2,TX,OK,BE D5 F7 42 97 1F 3C 4E
5.876,STEERING_ECU,0x105,TX,OK,58 BC 9D 27 77 12 38 FF
5.8772,ENGINE_ECU,0x148,TX,OK,74 01 89 D0 0F 55 A3 CC
5.8789,ABS_ECU,0x140,RX,TIMEOUT,C0 EB C1 E4 F8 92 92 44
5.8805,ABS_ECU,0x14B,RX,OK,4A BF E5 2F CC D0 FD AE
5.8842,STEERING_ECU,0x111,RX,ERROR,89 4A DE B4 62 BC 5E 7D
5.8873,ABS_ECU,0x1AF,TX,OK,7F 0C 8D B9 77 7B 6F A8
5.8892,DASHBOARD,0x10B,TX,TIMEOUT,8A EF F2 0D 37 73 FA 41
5.8934,STEERING_ECU,0x19B,RX,OK,A7 3E F6 9D CD D9 AD 1C
5.8979,AIRBAG_ECU,0x121,RX,OK,D9 D0 B4 8F CA 23 53 67
5.9018,STEERING_ECU,0x101,TX,ERROR,C2 22 A8 ED D3 D8 98 91
5.9039,DASHBOARD,0x1CF,RX,OK,FF 77 66 27 6D 1B 63 CC
5.9071,ABS_ECU,0x193,RX,OK,D4 51 4F 24 E2 AA 8E 2F
5.9088,ABS_ECU,0x160,TX,OK,EF 8E E5 D7 A1 71 1E 6E
5.9136,DASHBOARD,0x176,TX,OK,40 1D 54 39 AC 69 60 AC
5.9183,AIRBAG_ECU,0x10E,RX,OK,22 EA 03 4D 1C 81 40 62
5.923,STEERING_ECU,0x133,RX,OK,E9 6C E8 A4 0F 81 9F 9D
5.9277,ENGINE_ECU,0x13E,RX,OK,C6 31 81 4F D0 1E 71 43
5.9298,ABS_ECU,0x167,RX,TIMEOUT,2D BC 34 F4 3E DA F2 5A
5.9328,AIRBAG_ECU,0x163,TX,ERROR,51 BB BD E1 48 CE C7 BA
5.9368,ABS_ECU,0x155,TX,OK,50 7C 47 8D F1 BD 8C 4B
5.9405,ABS_ECU,0x1DE,TX,OK,BD B0 A2 E2 87 05 5B CF
5.9443,ENGINE_ECU,0x16D,TX,OK,64 23 AB 59 3B 0B 0E 6F
5.9473,AIRBAG_ECU,0x18B,TX,OK,45 1E 6D 84 12 4B 52 E9
5.9507,AIRBAG_ECU,0x1F3,RX,OK,69 FE D4 A1 22 44 80 61
5.9557,ABS_ECU,0x1B9,TX,OK,9F FE 2D BB 05 B8 B4 10
5.9599,ABS_ECU,0x107,TX,OK,15 0D BE 0E 85 7E C4 2C
5.9628,STEERING_ECU,0x140,RX,OK,81 FB 3C 0A 9A 2C 9E 54
5.9648,DASHBOARD,0x1DC,TX,ERROR,AC E2 5E 76 9B 3D F3 F9
5.9671,ABS_ECU,0x144,RX,OK,E4 B7 04 0B EB 06 5D 13
5.972,AIRBAG_ECU,0x1C7,TX,OK,E0 CE E4 DC 11 1B E7 16
5.9747,DASHBOARD,0x1DD,TX,OK,49 D1 E7 13 51 EA 36 4C
5.9783,AIRBAG_ECU,0x1D9,RX,TIMEOUT,E3 8C 3F BD EF 86 28 C1
5.9828,STEERING_ECU,0x128,RX,OK,36 59 CE D1 32 71 3B D4
5.984,DASHBOARD,0x169,RX,OK,A2 AF D3 0E 4A F1 A1 AE
5.9878,STEERING_ECU,0x1E0,RX,TIMEOUT,D9 AC 62 EE F8 CA 61 31
5.9899,STEERING_ECU,0x107,RX,ERROR,14 B5 D4 8A FB ED 72 65
5.9923,ABS_ECU,0x11D,TX,OK,42 C2 28 A2 27 29 42 BB
5.9945,DASHBOARD,0x18E,TX,OK,FD 86 1B 60 40 5D 0E 5C
5.996,ENGINE_ECU,0x1AE,RX,TIMEOUT,B5 C8 D4 86 05 C8 DD 29
5.9986,ABS_ECU,0x154,TX,ERROR,C4 AE 0B 74 C0 DD A9 99
6.0029,ABS_ECU,0x1BB,RX,OK,3B C4 64 17 5A AB DB 4A
6.0066,DASHBOARD,0x132,TX,OK,55 07 20 5B F5 F1 ED 4A
6.0111,DASHBOARD,0x121,TX,OK,E9 F6 E3 27 60 35 8D 15
6.0135,DASHBOARD,0x1A2,TX,OK,FC AA E1 CC AC 3D 0E D7
6.0165,ABS_ECU,0x130,TX,OK,6D 78 15 BB A7 E2 E0 DB
6.0179,DASHBOARD,0x1FF,TX,OK,ED A4 D3 D8 21 14 A1 48
6.021,ENGINE_ECU,0x161,TX,ERROR,10 2F 42 CE 0A E3 00 7B
6.0241,AIRBAG_ECU,0x1FD,TX,CRC_FAIL,0E FC AC 46 77 61 97 7A
6.027,AIRBAG_ECU,0x126,RX,ERROR,61 E8 4F 57 02 28 05 2C
6.0319,AIRBAG_ECU,0x16B,RX,OK,1C C7 71 3D B7 38 D7 9F
6.034,AIRBAG_ECU,0x163,RX,OK,4D 41 33 6D 65 B1 A3 72
6.0389,ENGINE_ECU,0x1DA,RX,OK,24 4A 39 F0 FB 87 E2 DC
6.0421,ABS_ECU,0x122,TX,OK,B0 47 2B 02 09 F1 AE D6
6.0471,AIRBAG_ECU,0x1FB,TX,OK,41 48 CC 8F B8 C6 F8 06
6.0511,ABS_ECU,0x10F,TX,OK,F6 64 79 0C CC 51 B7 07
6.0529,ABS_ECU,0x177,TX,ERROR,F5 4E 4F 12 90 8D 07 8A
6.0569,ENGINE_ECU,0x163,TX,CRC_FAIL,D8 98 5C 3A 51 C2 A8 C4
6.0619,DASHBOARD,0x18B,RX,OK,A4 C7 3C C3 98 A0 58 81
6.0632,ABS_ECU,0x1BD,RX,OK,DB 33 6D 98 85 40 A2 90
6.065,AIRBAG_ECU,0x1C1,RX,OK,AB 13 F6 1F 96 CF 5D 4E
6.067,ENGINE_ECU,0x13E,RX,OK,D6 41 D8 C9 EF 0D DE FE
6.0689,ABS_ECU,0x196,RX,OK,DA DE EF 87 D6 34 34 A4
6.0722,ENGINE_ECU,0x1AD,TX,OK,4D 2B 7C A8 B6 D5 F2 F6
6.0741,ABS_ECU,0x1B5,RX,OK,98 E6 BF 35 31 72 37 D9
6.0751,AIRBAG_ECU,0x144,TX,CRC_FAIL,B7 95 AF 70 1F 24 DC 43
6.0787,ENGINE_ECU,0x11B,TX,OK,BA FE 8E 1F 9A 7C 02 82
6.0819,DASHBOARD,0x12B,RX,OK,F2 DF FF E6 E0 54 A9 EF
6.083,DASHBOARD,0x1BE,TX,OK,A7 47 BB 32 94 66 C3 47
6.0847,DASHBOARD,0x167,RX,ERROR,AF EC E8 BB 38 97 46 5A
6.0858,DASHBOARD,0x15A,RX,OK,97 E4 B5 A2 48 1A AF D2
6.0887,AIRBAG_ECU,0x117,RX,OK,DD A8 64 08 D5 F7 11 5D
6.0929,STEERING_ECU,0x116,RX,OK,C3 67 15 77 40 31 45 C7
6.0959,AIRBAG_ECU,0x1EB,RX,OK,D0 C3 D9 D6 61 13 B1 50
6.0982,ABS_ECU,0x113,RX,OK,9B C1 7C 12 B0 12 A2 BA
6.1014,AIRBAG_ECU,0x13F,RX,ERROR,A8 96 2C 4A 0D FA F6 40
6.1028,AIRBAG_ECU,0x125,TX,OK,C5 93 A5 D8 F9 54 0A 6D
6.1058,ABS_ECU,0x1A7,RX,OK,D1 84 76 33 D6 CA D9 5B
6.107,STEERING_ECU,0x196,TX,OK,6E C3 29 11 0C 91 72 38
6.1118,DASHBOARD,0x139,TX,OK,19 DE E7 DA 7F 75 A0 4F
6.1156,ENGINE_ECU,0x18F,RX,ERROR,A0 61 0F 5B 0B 7C 46 A0
6.117,ABS_ECU,0x1F1,TX,CRC_FAIL,5C 50 FE 1E F7 05 16 E8
6.1182,ENGINE_ECU,0x1C3,RX,OK,3D 77 20 86 8A A2 5E 5B
6.1229,ENGINE_ECU,0x1FE,TX,OK,83 7A B5 61 75 61 AE 63
6.127,STEERING_ECU,0x1EA,TX,OK,DE B4 30 C1 0F FC 75 CB
6.1308,STEERING_ECU,0x14F,RX,CRC_FAIL,CF DC 6E 4C 2B 6F AE F0
6.1355,ENGINE_ECU,0x14C,RX,OK,05 24 0E E9 85 AB 1F 59
6.1369,STEERING_ECU,0x1F3,TX,TIMEOUT,F7 F2 41 0D 87 C5 9E 6C
6.1396,AIRBAG_ECU,0x1BE,RX,ERROR,26 78 F1 64 2F 8E 4F 0B
6.1417,AIRBAG_ECU,0x1FF,RX,OK,50 92 A1 7F ED E0 B2 00
6.1452,DASHBOARD,0x129,TX,OK,5D 21 B0 4F 5E B0 83 54
6.1497,STEERING_ECU,0x168,TX,OK,65 48 0F 56 DC BF DE D5
6.154,DASHBOARD,0x11D,RX,OK,74 DB 4C 60 A6 38 B9 82
6.1589,AIRBAG_ECU,0x1E3,RX,ERROR,34 9F 13 70 71 D3 D8 C5
6.1624,AIRBAG_ECU,0x1B2,TX,CRC_FAIL,50 2F 05 65 41 D5 5A 58
6.1646,AIRBAG_ECU,0x117,TX,ERROR,BF 08 A0 A0 83 F7 8A ED
6.1683,DASHBOARD,0x14F,TX,OK,90 77 0C 38 D9 E6 4A 45
6.1724,AIRBAG_ECU,0x110,TX,OK,B3 32 C4 69 E5 84 53 0A
6.1744,DASHBOARD,0x16E,TX,OK,88 FE E8 78 2F D1 17 6F
6.1773,ABS_ECU,0x134,RX,OK,3D CD B0 29 F0 0E A4 A8
6.1803,DASHBOARD,0x13F,RX,OK,E6 D6 0F 99 CE 7C 4F 2F
6.1852,AIRBAG_ECU,0x130,RX,ERROR,48 62 09 CA 95 07 29 D7
6.1869,ENGINE_ECU,0x146,RX,OK,DF 27 94 BB 2F 28 DA 39
6.1911,STEERING_ECU,0x1CC,TX,ERROR,48 0A 0C 5B F0 0E AF 8E
6.1955,STEERING_ECU,0x1EA,RX,CRC_FAIL,9E D9 54 32 0A CB EB DA
6.1986,AIRBAG_ECU,0x152,RX,OK,7C 8C B4 27 6D 12 E0 3A
6.2002,ABS_ECU,0x13D,RX,ERROR,A6 5A 19 19 5C 14 C4 32
6.2013,ENGINE_ECU,0x146,TX,OK,4E 39 1C 91 0D FE 2F 20
6.2052,ENGINE_ECU,0x1C7,RX,OK,E3 66 77 A7 47 43 50 F0
6.2084,ABS_ECU,0x1AA,RX,OK,A2 1C 02 41 70 EB 26 54
6.2111,ABS_ECU,0x113,TX,OK,D5 E9 07 11 19 27 49 3E
6.2159,ABS_ECU,0x1BC,RX,OK,26 F7 EE D3 B0 44 27 C0
6.2208,DASHBOARD,0x1CE,TX,CRC_FAIL,65 79 A3 1D D0 8A F5 14
6.2238,ENGINE_ECU,0x1F1,RX,OK,9E D6 4A 2F 7E 48 7C DC
6.225,ENGINE_ECU,0x134,RX,OK,98 E8 48 00 2B 01 03 5E
6.2278,AIRBAG_ECU,0x1BC,RX,OK,2D FF B1 25 09 2C 48 7D
6.229,ABS_ECU,0x1B7,RX,TIMEOUT,76 9B F3 19 4B 0C 62 C8
6.2304,ENGINE_ECU,0x1E4,TX,OK,45 84 24 10 38 0E 50 C1
6.2323,ABS_ECU,0x156,RX,OK,E2 EB F0 8D F8 7B A6 68
6.2336,ENGINE_ECU,0x18E,RX,OK,9B 1C CC 6D 35 71 B1 6C
6.2369,AIRBAG_ECU,0x188,TX,OK,A8 05 E4 CF 53 1E 91 64
6.241,STEERING_ECU,0x1D7,TX,OK,C7 2C 6C B8 9B 39 93 29
6.2421,ABS_ECU,0x1D4,RX,OK,74 D9 31 CB 51 00 11 99
6.2434,ABS_ECU,0x1BC,TX,TIMEOUT,7A 80 DE 94 7F 86 6A 35
6.2458,AIRBAG_ECU,0x163,RX,OK,B1 16 C0 4E 60 C3 D8 A5
6.248,STEERING_ECU,0x1E3,TX,TIMEOUT,EB B1 9E 0C 69 40 5A EF
6.2513,ABS_ECU,0x132,TX,OK,C3 F0 54 8D 11 03 CE BA
6.2542,STEERING_ECU,0x1EA,TX,OK,02 4A D9 92 7C 84 2C 11
6.2555,DASHBOARD,0x14E,TX,TIMEOUT,60 13 65 BF 71 19 D2 53
6.2596,AIRBAG_ECU,0x15F,TX,OK,4C A2 8C 1D 34 D5 87 61
6.2612,DASHBOARD,0x19C,TX,OK,B3 FC 22 AB 22 56 23 7D
6.2626,DASHBOARD,0x169,RX,OK,FA 64 7F CD 2D 0C 63 38
6.2652,ABS_ECU,0x1A6,TX,OK,7F 5B 88 F0 CC 49 60 D5
6.2695,ABS_ECU,0x115,TX,OK,AC E9 BC F4 55 46 37 41
6.2715,STEERING_ECU,0x197,RX,ERROR,BF B9 92 28 84 CD 33 8A
6.2741,ABS_ECU,0x1B0,TX,OK,9A 5F E5 67 6B C3 99 F6
6.2761,AIRBAG_ECU,0x1E1,RX,CRC_FAIL,4A B9 80 2B F8 4A 53 56
6.2802,STEERING_ECU,0x134,RX,OK,75 42 71 4B 28 8B 74 0F
6.2824,ENGINE_ECU,0x1FD,RX,OK,15 61 69 A1 0B 56 DA EE
6.2857,AIRBAG_ECU,0x162,TX,CRC_FAIL,23 2E AA 51 64 71 3F 67
6.2873,ENGINE_ECU,0x1F2,RX,OK,1F C2 73 F9 49 F5 FF 9F
6.2897,AIRBAG_ECU,0x1F0,TX,OK,4B CF B5 F5 7B 00 1F 23
6.294,AIRBAG_ECU,0x1D1,TX,OK,B7 52 14 3B 86 BF 62 13
6.2974,AIRBAG_ECU,0x1A6,RX,ERROR,A4 7B D1 3F 25 14 31 84
6.2997,ABS_ECU,0x124,RX,OK,D8 97 85 31 CE 34 B4 3F
6.3015,STEERING_ECU,0x194,RX,OK,D3 2F CC 59 34 B8 EC C1
6.3044,AIRBAG_ECU,0x133,RX,OK,51 8B 1A 29 BA 0B 6C 6A
6.307,ABS_ECU,0x164,TX,OK,14 E9 B3 95 B2 7E 1B 00
6.3112,DASHBOARD,0x139,TX,OK,CC B0 DF 53 A8 FE F5 7A
6.3123,ENGINE_ECU,0x1A2,TX,OK,63 31 1F BD 72 BA 2D 91
6.3154,AIRBAG_ECU,0x18A,RX,OK,32 D5 12 09 73 EC A4 CD
6.3175,ENGINE_ECU,0x167,TX,ERROR,E7 E9 4A FF 3A D7 6D 94
6.3199,ABS_ECU,0x1F9,TX,OK,AD 76 BD B8 C0 09 1D DD
6.3238,ENGINE_ECU,0x149,TX,OK,26 35 0C 71 12 D6 7F 9A
6.3262,ENGINE_ECU,0x138,RX,OK,E9 CA D3 68 6D AD 1F C3
6.3302,STEERING_ECU,0x117,RX,OK,1A 35 78 D8 C6 CD A5 63
6.3333,DASHBOARD,0x1BE,TX,OK,41 FB 63 C2 86 2A E3 DC
6.3354,DASHBOARD,0x108,RX,OK,E0 7F 8D 3E CB 7F E3 EE
6.3365,STEERING_ECU,0x19D,RX,OK,6F 98 84 97 B2 B3 CC 88
6.3392,DASHBOARD,0x1A5,RX,OK,CD 12 67 E1 25 B7 F2 07
6.342,ABS_ECU,0x151,TX,OK,FB B0 F4 C2 E2 9A F0 91
6.346,DASHBOARD,0x113,TX,OK,1A BB A7 36 9E 14 BE 68
6.348,DASHBOARD,0x139,TX,CRC_FAIL,CF AA 6D 3D BA 66 E0 3A
6.3501,AIRBAG_ECU,0x158,RX,OK,E6 C9 49 85 E2 B2 18 EC
6.3534,ENGINE_ECU,0x1A5,TX,OK,70 FC 08 21 7A E9 DA 40
6.3583,ABS_ECU,0x10D,RX,ERROR,FA 0C 90 61 66 5F 4D 0E
6.36,ABS_ECU,0x1FE,RX,OK,75 F5 5D 15 09 80 9C 24
6.3639,ABS_ECU,0x107,TX,OK,35 83 12 FA 7D BF D6 D1
6.3671,DASHBOARD,0x1E8,TX,OK,F3 48 89 A6 90 92 5F 36
6.3717,STEERING_ECU,0x15E,TX,TIMEOUT,E8 07 8F DB 23 0D 30 27
6.3737,AIRBAG_ECU,0x191,RX,ERROR,BE F0 2D 8A EE A3 29 12
6.3752,AIRBAG_ECU,0x13A,TX,TIMEOUT,CD 76 38 F3 33 FC D1 E0
6.3768,ENGINE_ECU,0x132,RX,OK,EB 16 5E 64 A5 BD 5D 75
6.3817,DASHBOARD,0x161,RX,OK,51 1E D5 A2 86 59 9E 86
6.3828,ENGINE_ECU,0x197,TX,OK,BC 05 E0 46 97 87 BF A5
6.3878,DASHBOARD,0x17C,RX,OK,3E F8 F3 78 36 27 BF FB
6.3907,STEERING_ECU,0x17C,TX,OK,7A 78 94 B8 1F E7 34 CC
6.3919,ABS_ECU,0x1B9,TX,OK,9A 70 31 42 8D D1 E7 40
6.3946,DASHBOARD,0x14D,RX,OK,0E AA 46 F6 2A 6F C9 A5
6.396,ENGINE_ECU,0x1BB,RX,CRC_FAIL,66 49 95 50 68 9B 60 17
6.3986,AIRBAG_ECU,0x10C,TX,OK,C9 16 C1 C7 CD CB 10 8D
6.4029,ABS_ECU,0x11B,RX,OK,89 34 39 60 DC 64 7B 97
6.4045,ENGINE_ECU,0x101,RX,OK,E9 EA 20 87 B3 2B B9 31
6.4067,DASHBOARD,0x1D5,RX,CRC_FAIL,36 DE B5 24 DC 88 54 AC
6.4112,ENGINE_ECU,0x184,RX,OK,96 64 97 20 33 90 D5 EF
6.4129,ENGINE_ECU,0x149,RX,OK,D4 B9 78 F5 B6 42 C9 43
6.4177,ABS_ECU,0x1F1,RX,OK,2A 2C 23 1F 51 CF 3E FC
6.4209,STEERING_ECU,0x177,RX,ERROR,AD F2 0C 56 FD BB 76 08
6.4234,DASHBOARD,0x196,RX,OK,53 A7 05 07 09 99 A0 1F
6.4259,ENGINE_ECU,0x167,TX,OK,04 76 EA C2 AA 16 1C B4
6.4304,AIRBAG_ECU,0x1E6,TX,OK,84 D0 06 F5 D7 9A DB 02
6.4334,ABS_ECU,0x1E4,RX,OK,29 A9 C9 B8 43 BA 40 09
6.4377,DASHBOARD,0x1FF,RX,OK,F5 60 C3 31 03 B6 94 77
6.4394,AIRBAG_ECU,0x1D7,RX,OK,67 9D DC E2 31 17 EE EA
6.4404,AIRBAG_ECU,0x128,TX,OK,DA CD 14 BF EC FB BF 88
6.4418,ENGINE_ECU,0x115,RX,CRC_FAIL,7A 35 37 DB 44 34 08 61
6.443,ABS_ECU,0x164,RX,OK,4A 73 A1 E9 B2 5E 43 1A
6.4462,ABS_ECU,0x1D0,RX,ERROR,72 C1 16 93 5E FC 72 20
6.4506,ENGINE_ECU,0x185,RX,OK,55 07 54 2E AA DA 9C 9C
6.4527,ENGINE_ECU,0x106,TX,CRC_FAIL,A7 22 14 01 F8 43 06 EA
6.454,STEERING_ECU,0x19F,RX,OK,21 95 F5 60 24 41 42 CE
6.4558,AIRBAG_ECU,0x1DE,RX,OK,54 E8 F3 17 37 DB 25 B7
6.4568,ABS_ECU,0x148,RX,OK,80 D4 57 38 D2 CB 7E 42
6.4612,ENGINE_ECU,0x180,TX,TIMEOUT,26 F5 CF E9 9C 80 A7 AA
6.4649,STEERING_ECU,0x143,TX,TIMEOUT,EA 44 55 FE E5 C8 B0 6C
6.4686,ENGINE_ECU,0x11B,RX,ERROR,BC F9 BD C9 13 62 C4 D5
6.4711,AIRBAG_ECU,0x104,RX,ERROR,C0 88 4C E6 54 95 AC 32
6.4732,ABS_ECU,0x1EC,RX,OK,DA 4A E4 BC 23 21 74 A4
6.4781,STEERING_ECU,0x193,TX,TIMEOUT,6C 9A 58 48 2E 87 AC C7
6.4793,ENGINE_ECU,0x186,RX,OK,90 A0 49 42 55 0E 52 74
6.4806,ENGINE_ECU,0x111,RX,OK,9A 76 08 93 79 75 EC 64
6.4842,STEERING_ECU,0x1FF,TX,OK,DA 18 BC CA AB B7 D4 19
6.4882,ABS_ECU,0x168,RX,OK,B9 E5 E6 4A E1 8E 21 12
6.4923,AIRBAG_ECU,0x13A,RX,ERROR,D1 DE E3 0F 01 D4 00 C3
6.4971,STEERING_ECU,0x143,RX,OK,F0 B0 B7 00 4B B0 11 31
6.4998,DASHBOARD,0x161,RX,OK,F8 68 F0 70 FA A0 77 9F
6.5017,DASHBOARD,0x147,TX,TIMEOUT,7A 75 38 CF 89 5E B8 20
6.5029,DASHBOARD,0x15D,RX,OK,96 A5 EC DB 6F 1B B9 09
6.5074,ABS_ECU,0x152,TX,ERROR,2C 1C E2 A2 77 10 65 C4
6.5119,AIRBAG_ECU,0x106,RX,TIMEOUT,64 6C 4A B3 14 38 C4 65
6.5147,AIRBAG_ECU,0x1A0,RX,OK,3D B4 4A D5 AF 7B 69 54
6.5193,ENGINE_ECU,0x101,TX,OK,6B CD 00 9C 73 A3 F0 6E
6.5228,ABS_ECU,0x1AD,TX,OK,B3 80 2C 23 61 22 98 8E
6.5267,AIRBAG_ECU,0x110,RX,OK,B7 3F DD DF 20 7D 5F EB
6.5297,ABS_ECU,0x1CE,TX,OK,80 60 84 53 AB 61 65 92
6.5321,ENGINE_ECU,0x1B9,RX,OK,03 D2 F8 4A 37 C4 B9 12
6.5337,STEERING_ECU,0x188,TX,OK,1F 1A A0 75 3B 75 2F 99
6.5367,ENGINE_ECU,0x10F,TX,OK,AE E9 1F 41 99 38 3C 59
6.5409,STEERING_ECU,0x10E,TX,OK,11 14 3F 6D 2A B8 23 2F
6.5446,STEERING_ECU,0x108,RX,ERROR,E8 01 75 00 7F 3A B4 75
6.5483,AIRBAG_ECU,0x18E,RX,OK,06 58 27 1E 4D 18 DC 85
6.5496,DASHBOARD,0x14E,RX,OK,C8 93 B4 7A 0B 11 74 D0
6.5512,ENGINE_ECU,0x112,TX,CRC_FAIL,C7 5B 2A 87 5A 38 E9 98
6.5551,ABS_ECU,0x122,RX,OK,28 96 C5 8F E3 78 38 5C
6.5598,ABS_ECU,0x1D5,TX,OK,64 B2 01 02 E9 C9 27 A8
6.5617,ENGINE_ECU,0x14C,TX,OK,46 F0 E0 00 69 87 7E FC
6.5653,ENGINE_ECU,0x125,TX,OK,4B 3B 7C E3 09 19 CB 34
6.568,ENGINE_ECU,0x1DE,RX,OK,BE 34 04 D5 AD 08 CC 56
6.5696,ENGINE_ECU,0x19F,RX,OK,B1 25 D5 D7 89 84 B9 0A
6.5719,AIRBAG_ECU,0x112,RX,CRC_FAIL,4A 63 95 5B 42 DD 98 3F
6.5758,STEERING_ECU,0x1CC,RX,OK,05 52 64 50 58 37 E4 C1
6.5774,ABS_ECU,0x132,RX,OK,42 A4 2D C9 C3 39 3C 24
6.5793,ABS_ECU,0x174,TX,OK,C0 B4 AC 88 A3 1E E9 2E
6.5834,DASHBOARD,0x1C4,TX,OK,F8 D6 0D 38 3C 43 B1 DD
6.5881,ENGINE_ECU,0x176,RX,OK,9B 50 5C 57 AF D0 01 2A
6.5892,AIRBAG_ECU,0x1B9,RX,TIMEOUT,94 65 30 32 A4 A3 28 44
6.5917,ENGINE_ECU,0x1A6,TX,OK,4C 9A 0C 86 F7 D5 8B 05
6.5957,STEERING_ECU,0x110,TX,OK,1A 8B 22 FC F0 A4 22 F0
6.5994,ABS_ECU,0x128,RX,TIMEOUT,D0 A8 B6 62 EE 0F F9 74
6.6025,ABS_ECU,0x104,TX,OK,D6 35 10 1A 6E 0D 17 0E
6.6074,AIRBAG_ECU,0x15D,TX,OK,4E 3B 6C 6E FB 29 5E C5
6.6092,ABS_ECU,0x175,TX,CRC_FAIL,8F BC C6 8B 0F 06 9B CB
6.6112,STEERING_ECU,0x110,RX,OK,40 3A 60 C1 C3 CF B8 F1
6.6146,ENGINE_ECU,0x163,RX,CRC_FAIL,E3 E6 8C C6 BF E3 DF 3E
6.6195,AIRBAG_ECU,0x152,RX,OK,31 DF 38 3C 60 57 05 8E
6.6233,AIRBAG_ECU,0x165,RX,OK,E7 18 52 CA FB 4C 84 8D
6.6251,ABS_ECU,0x1B2,TX,OK,D0 0A B8 30 1E 5E 2E C3
6.6281,DASHBOARD,0x15A,TX,OK,C4 15 E4 8E D7 55 1B BC
6.6323,STEERING_ECU,0x132,RX,ERROR,23 B5 EB 9C C2 5B 4C 87
6.6334,AIRBAG_ECU,0x17E,TX,OK,88 5A 0A 12 A4 8F 0F 35
6.6349,ENGINE_ECU,0x11D,RX,CRC_FAIL,5A C0 0F A4 11 C1 AA F5
6.6364,STEERING_ECU,0x18A,RX,OK,54 81 FD 84 F6 5F B6 52
6.6409,ABS_ECU,0x156,TX,TIMEOUT,0D 95 39 DB C8 78 83 D2
6.6437,DASHBOARD,0x12B,RX,OK,2B E2 D3 E6 AF F2 F7 E1
6.6466,STEERING_ECU,0x1E0,RX,ERROR,95 FA 31 60 89 02 84 43
6.6504,ABS_ECU,0x1A7,RX,OK,AC 4D 50 20 C7 54 5D 75
6.6531,STEERING_ECU,0x148,TX,OK,CD 2E 43 DA 26 62 82 43
6.658,STEERING_ECU,0x1C3,RX,OK,85 7B 14 FF 98 0F 7F B5
6.6605,ABS_ECU,0x1C6,TX,OK,35 78 AC 93 14 20 E9 A0
6.6628,DASHBOARD,0x174,TX,OK,86 07 DF 82 75 04 32 5D
6.6654,DASHBOARD,0x143,RX,OK,9E 75 AC 1D 72 84 80 29
6.669,ENGINE_ECU,0x19B,RX,TIMEOUT,A2 A6 60 D3 F4 49 EE D1
6.6721,ENGINE_ECU,0x192,TX,OK,8C 81 AD 65 D0 ED 7F 6F
6.6746,AIRBAG_ECU,0x16A,TX,ERROR,2E 0A B7 00 52 81 09 C8
6.6759,ENGINE_ECU,0x19C,RX,OK,9B B2 21 EF 88 CF 3C 61
6.6785,ENGINE_ECU,0x18F,RX,TIMEOUT,DC 03 F0 71 C4 B9 C2 20
6.6829,ABS_ECU,0x1F5,RX,OK,E3 77 99 23 B1 CC 37 4A
6.6858,ENGINE_ECU,0x1E4,TX,OK,FD 71 44 80 81 BD E7 76
6.6887,AIRBAG_ECU,0x121,RX,CRC_FAIL,88 1A CB B8 1B 26 30 03
6.6911,STEERING_ECU,0x132,RX,OK,DC 84 C4 67 99 5C 92 DA
6.6927,ABS_ECU,0x1FA,TX,CRC_FAIL,73 83 8C 23 E3 21 A2 B2
6.6953,STEERING_ECU,0x170,TX,OK,0B 24 F5 F5 35 8B 18 E8
6.6998,AIRBAG_ECU,0x1E5,TX,OK,B3 A1 01 AD DA 0C 06 B0
6.7014,STEERING_ECU,0x143,RX,TIMEOUT,7C F1 6B 29 F7 06 EB AD
6.7036,STEERING_ECU,0x156,RX,OK,88 4E B6 0C B7 16 80 29
6.7055,DASHBOARD,0x1EE,RX,ERROR,78 27 F0 4B 19 05 37 ED
6.7085,DASHBOARD,0x16B,TX,OK,F4 47 CE 3F 63 DB 6D 63
6.7096,STEERING_ECU,0x142,TX,ERROR,15 85 C4 20 E3 B2 3D 91
6.7133,ABS_ECU,0x1F1,RX,OK,1C 45 E1 CF 41 5F 94 47
6.7177,ENGINE_ECU,0x171,RX,ERROR,8A 56 9D 51 61 F0 FD 54
6.7208,STEERING_ECU,0x166,RX,OK,FD C8 CE 47 84 9C 19 37
6.7233,ENGINE_ECU,0x14B,TX,OK,02 5D 2A 2A F1 03 F6 AE
6.7277,DASHBOARD,0x1E0,RX,OK,CB 70 81 D4 3D 2D 47 6A
6.7306,ABS_ECU,0x13C,RX,TIMEOUT,CC FC D6 45 42 78 77 DF
6.7334,ABS_ECU,0x1C8,TX,OK,CC AC 7C FC E8 B8 F1 7B
6.7364,DASHBOARD,0x11C,RX,OK,64 1A A8 22 66 A3 B7 A3
6.7385,STEERING_ECU,0x133,TX,OK,C5 DB 1F F1 AC 12 40 1B
6.742,ENGINE_ECU,0x1BA,TX,CRC_FAIL,FF A2 D2 13 6E 52 0D 14
6.7436,DASHBOARD,0x13D,TX,OK,BA BD C8 35 05 1B F9 AD
6.7475,ABS_ECU,0x10D,TX,OK,FA FD B2 1E B2 D8 D3 70
6.7505,DASHBOARD,0x17E,RX,OK,33 78 8D FB 4D 16 D2 99
6.7546,ABS_ECU,0x1B4,TX,OK,1B 0E 56 0E F7 D4 41 3C
6.7571,ENGINE_ECU,0x10C,TX,OK,52 ED CA C8 CF FD 0D D2
6.7613,ENGINE_ECU,0x1E9,RX,OK,25 4B 40 B5 F9 8F BC 8E
6.765,STEERING_ECU,0x17D,RX,OK,AD E3 67 9B 0F 0F AE B0
6.7695,AIRBAG_ECU,0x113,TX,ERROR,5B F2 8C 61 C6 F7 38 28
6.7728,ABS_ECU,0x121,TX,OK,32 B8 45 E7 8F EB D7 06
6.7754,DASHBOARD,0x140,RX,OK,DD 8F D0 DF 6E ED 52 69
6.78,ENGINE_ECU,0x19D,TX,CRC_FAIL,DA 1A EA 56 92 BA 61 07
6.7821,ABS_ECU,0x1E7,RX,OK,E8 08 2E 0B 9B C1 4E 7C
6.7855,DASHBOARD,0x17C,RX,CRC_FAIL,ED 0D 58 C9 82 28 1D 34
6.7875,DASHBOARD,0x18B,RX,OK,E2 41 3A 99 ED 2F C9 35
6.7886,ENGINE_ECU,0x132,RX,OK,D4 76 0C 3E 40 86 18 BB
6.7928,ENGINE_ECU,0x175,TX,OK,FE AD DC B0 27 D9 1A 1E
6.7939,ENGINE_ECU,0x1D5,RX,OK,18 9B 41 4F 5A 25 D3 EB
6.7978,AIRBAG_ECU,0x11D,TX,OK,16 A9 4A 7C CC DB 2E 2A
6.8012,ENGINE_ECU,0x171,RX,OK,62 94 85 75 ED 37 60 41
6.8048,AIRBAG_ECU,0x169,TX,OK,34 C1 37 CA E6 78 42 DA
6.8063,STEERING_ECU,0x1E9,RX,CRC_FAIL,87 DF 0D 46 88 DC 44 17
6.8102,AIRBAG_ECU,0x12D,RX,OK,B1 6A 78 88 C8 EB 44 55
6.8138,ENGINE_ECU,0x1BC,TX,TIMEOUT,09 90 5A BE BE DF 90 B8
6.8175,DASHBOARD,0x12F,TX,OK,BF C2 73 9E 15 6E 55 4F
6.8217,STEERING_ECU,0x1BA,RX,OK,A8 ED 2F 6E 12 62 05 EC
6.8251,STEERING_ECU,0x114,TX,OK,AB 89 7D 86 01 25 34 D1
6.8271,ABS_ECU,0x1BB,TX,ERROR,EE 69 2C 31 80 FB 94 0A
6.8297,STEERING_ECU,0x1D8,RX,CRC_FAIL,6E 14 FE 9B 6F 0B 7B 6F
6.8334,ABS_ECU,0x1F6,TX,OK,27 7E 5C 99 50 51 76 A9
6.836,AIRBAG_ECU,0x159,RX,OK,31 F5 CF 73 88 42 EC AC
6.8396,DASHBOARD,0x1ED,TX,CRC_FAIL,73 2E 95 CC 35 17 A3 1C
6.8439,AIRBAG_ECU,0x11A,TX,OK,7A F3 46 02 34 F1 87 00
6.8476,AIRBAG_ECU,0x1CC,RX,OK,B8 21 DE 30 D9 6D 3B 54
6.8515,STEERING_ECU,0x133,TX,OK,95 B2 10 01 E2 2E 0C 3E
6.8562,AIRBAG_ECU,0x11A,RX,OK,42 D4 FD 75 C6 C4 A0 61
6.859,DASHBOARD,0x11C,TX,OK,82 83 05 9E CD 89 4E 0D
6.8621,ENGINE_ECU,0x143,RX,CRC_FAIL,98 94 0C 16 02 59 C0 7B
6.8652,ENGINE_ECU,0x11B,TX,OK,C7 AF 1A 23 F8 21 B8 13
6.869,ENGINE_ECU,0x11E,TX,OK,95 E9 CD 9B 6D 9C 6F CD
6.8717,DASHBOARD,0x111,TX,OK,3B BE 9A AC BC DE 67 4B
6.8732,STEERING_ECU,0x16F,TX,OK,70 AE 02 9B DC 7A D8 57
6.878,AIRBAG_ECU,0x121,RX,OK,1E 68 FC 09 E1 F8 0F 66
6.8818,ENGINE_ECU,0x152,TX,OK,5E BA A0 7A AD 4F EA 93
6.8851,ABS_ECU,0x177,TX,ERROR,11 6B 40 58 D3 89 55 25
6.8895,AIRBAG_ECU,0x160,RX,OK,A4 AD BE CB 07 0A 9C 65
6.8937,STEERING_ECU,0x1B1,TX,OK,61 51 E7 F6 F4 8C 95 FA
6.895,ABS_ECU,0x1AE,TX,ERROR,F8 50 29 54 5D 0C 40 4E
6.8974,ABS_ECU,0x11B,RX,OK,58 6C 87 5B F5 2F 7B 13
6.9018,STEERING_ECU,0x144,RX,OK,10 4C 9D 03 57 88 DB EA
6.9061,ENGINE_ECU,0x150,RX,OK,3C E5 A3 99 80 A4 21 CC
6.9086,AIRBAG_ECU,0x1FF,RX,OK,78 7D 26 17 29 C2 26 16
6.9126,ABS_ECU,0x138,RX,OK,52 39 B2 7C C0 8E EB 5B
6.9145,ENGINE_ECU,0x1CF,RX,OK,20 EC 99 B1 6B EF ED AF
6.9181,DASHBOARD,0x14C,TX,TIMEOUT,99 C7 8A 7E 13 49 E1 41
6.9195,AIRBAG_ECU,0x137,TX,OK,76 82 9F 2F 4B EC 39 04
6.9212,DASHBOARD,0x1E1,RX,OK,76 AE 34 CC 7C 16 19 18
6.9259,ENGINE_ECU,0x1F0,RX,OK,DB C5 FE BA 9B D7 9D E8
6.9299,DASHBOARD,0x156,RX,TIMEOUT,70 FE 4E 71 B0 5A EF FC
6.9329,DASHBOARD,0x1A1,TX,OK,60 38 87 BA 62 34 7D 80
6.9369,ENGINE_ECU,0x15A,RX,ERROR,AE A7 68 09 16 42 F2 57
6.9415,ENGINE_ECU,0x1CB,TX,OK,1F 27 EF 09 78 0A BA F7
6.9437,STEERING_ECU,0x170,RX,OK,74 3F 8D 3B 80 A5 0A 79
6.9484,STEERING_ECU,0x175,TX,OK,8D E6 10 15 1B 81 1C 4F
6.951,ABS_ECU,0x170,RX,OK,3D 44 13 F0 A6 0B 14 DE
6.9557,STEERING_ECU,0x1A0,TX,OK,24 6C 25 51 4E 0B 3A 5B
6.9578,ENGINE_ECU,0x194,TX,OK,CA 8E A3 5E ED 01 2D 4A
6.9599,ENGINE_ECU,0x1B9,RX,OK,AD CF DE E8 4F 72 C5 75
6.964,STEERING_ECU,0x134,TX,OK,77 F4 85 E4 36 22 87 44
6.9685,ABS_ECU,0x1AE,RX,ERROR,DF AD 86 64 75 48 80 18
6.9717,ENGINE_ECU,0x110,TX,CRC_FAIL,6E 41 65 D1 2D 05 FB 4C
6.9739,STEERING_ECU,0x19C,RX,OK,0B 09 84 9C 50 BB 59 27
6.9762,AIRBAG_ECU,0x150,TX,CRC_FAIL,8D 2B 86 12 37 89 83 04
6.9797,AIRBAG_ECU,0x1AC,RX,CRC_FAIL,C1 A0 89 3A D7 4E A5 2C
6.9844,AIRBAG_ECU,0x18E,TX,OK,F1 FB A5 09 48 8A 70 AF
6.9857,AIRBAG_ECU,0x18F,TX,OK,BE 33 E3 17 49 86 76 36
6.9895,AIRBAG_ECU,0x1EC,TX,OK,C8 97 2D A1 79 D1 1A 73
6.9938,ABS_ECU,0x147,TX,TIMEOUT,42 24 C5 4A A0 44 2A 81
6.9953,AIRBAG_ECU,0x124,TX,CRC_FAIL,31 EC AF 9D EF 48 87 AD
6.9975,ENGINE_ECU,0x188,RX,OK,93 25 B9 B1 4D AA E5 1D
7.0011,ENGINE_ECU,0x137,RX,TIMEOUT,A9 43 81 9C 64 E2 48 0E
7.0054,STEERING_ECU,0x1D4,RX,OK,A9 98 10 F5 BD B0 26 BF
7.0067,ENGINE_ECU,0x1D4,RX,OK,8A EF A1 28 72 E6 CF B8
7.008,AIRBAG_ECU,0x147,TX,CRC_FAIL,06 6F F9 83 10 F6 F7 4F
7.0101,ABS_ECU,0x18A,RX,OK,60 FB A7 1C A0 A0 D7 64
7.0134,AIRBAG_ECU,0x162,TX,CRC_FAIL,84 8C 5F 5A 33 47 C4 67
7.0175,ENGINE_ECU,0x142,RX,OK,53 62 81 E1 CF 5C F1 E7
7.0206,AIRBAG_ECU,0x128,TX,OK,DD 86 89 0A 85 74 A3 69
7.0255,STEERING_ECU,0x11D,RX,TIMEOUT,52 C9 46 E3 5A D7 2C 46
7.0278,ENGINE_ECU,0x1DC,RX,CRC_FAIL,4E 37 B4 5C 1A 09 6D 09
7.0307,ABS_ECU,0x1EC,RX,TIMEOUT,57 D4 2C 80 71 6A 17 6B
7.0335,ABS_ECU,0x167,TX,OK,64 26 96 79 9A 5D E8 E3
7.036,AIRBAG_ECU,0x1CD,RX,OK,CA 8E 39 EE 38 3B 7F 6C
7.0404,AIRBAG_ECU,0x1BD,RX,OK,03 A6 43 37 36 B4 05 B4
7.0446,ENGINE_ECU,0x18B,RX,TIMEOUT,B9 74 B1 DB 02 58 A0 98
7.0472,ENGINE_ECU,0x127,RX,OK,70 06 30 D4 25 E1 B8 C5
7.0501,AIRBAG_ECU,0x181,TX,TIMEOUT,0B 0D 80 1A E5 15 F3 6F
7.0551,ENGINE_ECU,0x16A,RX,TIMEOUT,2B F6 14 C5 51 90 27 64
7.0598,ABS_ECU,0x12C,TX,OK,8B 51 FE 39 78 F9 D7 94
7.0643,DASHBOARD,0x154,TX,OK,8E 3E B9 4E BA 86 D2 50
7.0665,STEERING_ECU,0x190,RX,OK,0B 7D 98 70 F8 2F B8 66
7.0705,ENGINE_ECU,0x1C1,TX,OK,1A F1 1F C1 8D CC 1C 49
7.0751,ENGINE_ECU,0x152,TX,TIMEOUT,8A E4 95 7F 95 C6 AF 2C
7.0786,DASHBOARD,0x1A4,RX,OK,68 C0 E9 98 01 0F C9 B3
7.0805,ENGINE_ECU,0x1A6,TX,OK,20 3D 1F 5C 76 4C BE EA
7.0826,AIRBAG_ECU,0x13F,RX,OK,15 89 CC 2A 66 0B 27 85
7.0869,ABS_ECU,0x108,RX,OK,59 4B 48 E9 42 D9 0B AB
7.0903,DASHBOARD,0x136,RX,OK,58 09 37 1F E0 31 51 8D
7.0941,STEERING_ECU,0x14B,RX,OK,A3 3B EA 71 EA 55 F8 3F
7.0967,STEERING_ECU,0x105,RX,OK,16 B2 A7 BA F7 E8 D4 C4
7.1016,DASHBOARD,0x173,RX,OK,A3 36 D3 05 01 55 5C D2
7.1046,AIRBAG_ECU,0x1D6,TX,OK,1D 1B 67 D5 E0 6D 3E C9
7.1077,STEERING_ECU,0x1EE,RX,OK,64 C8 34 F3 9A 7D 27 47
7.1126,DASHBOARD,0x113,RX,OK,71 CD 3E B7 6B 37 85 17
7.1147,DASHBOARD,0x1AC,TX,CRC_FAIL,38 08 56 2C A3 49 8C 3F
7.1187,ABS_ECU,0x15C,TX,OK,21 27 69 E4 7E 96 27 FF
7.1208,DASHBOARD,0x143,TX,OK,80 ED 1E 08 98 6E DB 96
7.1248,ABS_ECU,0x13B,TX,ERROR,AE F0 94 E3 B3 29 5F C6
7.1276,DASHBOARD,0x116,RX,OK,5B FA D1 DC 8E 25 09 CB
7.1287,AIRBAG_ECU,0x167,RX,CRC_FAIL,C2 D8 19 DA 15 44 74 6D
7.1322,ABS_ECU,0x104,TX,OK,38 71 4A C7 07 70 7E C3
7.1337,ABS_ECU,0x17B,TX,OK,8F 41 F2 05 67 E9 12 4B
7.1381,STEERING_ECU,0x1C9,RX,OK,5D 9D 64 70 D3 81 98 A3
7.1414,AIRBAG_ECU,0x183,TX,OK,42 09 9A 75 C2 75 28 1A
7.1455,ABS_ECU,0x17D,TX,OK,FA 66 39 0B B8 68 F6 24
7.147,ABS_ECU,0x16A,TX,OK,24 56 D3 D1 DE 76 23 4D
7.1481,DASHBOARD,0x1CD,RX,OK,6F 0C C6 3B 15 F5 4D 25
7.1502,DASHBOARD,0x1B3,TX,OK,2A 44 D5 2D 29 DC 84 39
7.1542,AIRBAG_ECU,0x1AD,RX,CRC_FAIL,AF 12 27 D4 22 DD E6 FD
7.156,DASHBOARD,0x185,TX,OK,E1 5D 0F DF C8 81 E2 14
7.1592,ENGINE_ECU,0x108,RX,OK,65 DF 57 4B EE 4B FD 87
7.1619,AIRBAG_ECU,0x15A,TX,OK,D6 40 B2 DA 7A 7D 0A 15
7.1661,STEERING_ECU,0x152,TX,OK,EE 5A 34 AE 87 88 60 8B
7.1681,STEERING_ECU,0x129,RX,TIMEOUT,6D DD B0 DE D7 1C 70 7A
7.1723,ABS_ECU,0x136,TX,OK,D4 1B D7 A2 ED AB C3 E9
7.1767,ABS_ECU,0x172,TX,OK,B9 36 E4 E0 BC 72 69 33
7.1807,DASHBOARD,0x104,TX,OK,1C 62 F3 05 19 B6 23 05
7.182,AIRBAG_ECU,0x1BA,RX,TIMEOUT,4C F7 EC 06 6D 44 14 F5
7.1839,ENGINE_ECU,0x11B,TX,OK,17 AB A8 0B 94 25 56 73
7.1869,ABS_ECU,0x12E,TX,OK,23 2B 73 C4 99 01 60 C3
7.1892,AIRBAG_ECU,0x1B6,TX,OK,46 26 3F AF AC 10 71 72
7.1912,STEERING_ECU,0x1A8,TX,OK,7A E5 21 8A CE 0E D2 27
7.1947,DASHBOARD,0x109,TX,OK,45 78 41 3F AB B3 45 DD
7.196,STEERING_ECU,0x1AE,TX,CRC_FAIL,52 3C 98 BD 05 18 1B 71
7.2009,AIRBAG_ECU,0x13A,RX,ERROR,B2 A6 46 FE 60 16 CE 6F
7.203,AIRBAG_ECU,0x167,TX,CRC_FAIL,01 A3 AF FC E3 54 B6 04
7.205,AIRBAG_ECU,0x17B,RX,OK,F8 F1 A5 6C 75 3C 1A 67
7.2092,ABS_ECU,0x1E5,RX,OK,C2 06 4A 46 B7 7F 87 73
7.214,ENGINE_ECU,0x124,RX,OK,1C 54 8E 1C E6 19 A6 C9
7.2151,AIRBAG_ECU,0x1A5,TX,OK,1F 86 64 12 C6 8E 32 90
7.2193,AIRBAG_ECU,0x11B,RX,OK,09 9E FE FA 77 5D 5A C7
7.2215,ABS_ECU,0x1AE,RX,OK,C2 40 52 71 2E 62 43 C3
7.2263,STEERING_ECU,0x1AB,TX,OK,32 F8 44 C4 5E 32 BD D7
7.228,ABS_ECU,0x143,RX,OK,CD 2B 1B DD AD 80 3C 3C
7.2292,DASHBOARD,0x1BD,TX,OK,C6 C0 62 C6 B6 90 69 09
7.2305,DASHBOARD,0x111,RX,OK,24 CE CF 6F C7 24 6B 9B
7.2351,DASHBOARD,0x1E3,TX,OK,31 85 9D 16 73 98 D4 59
7.2362,DASHBOARD,0x16B,TX,OK,EB 79 D5 E1 E2 A7 76 90
7.2392,ABS_ECU,0x13F,RX,OK,EC 20 AA DD F2 6F 8E 86
7.2416,AIRBAG_ECU,0x133,TX,ERROR,E8 B3 34 27 9F 93 60 DC
7.2451,AIRBAG_ECU,0x1D4,TX,OK,22 4F 09 35 65 F5 50 64
7.2465,STEERING_ECU,0x10D,TX,OK,EB 53 6D 96 2A E9 94 55
7.2508,ABS_ECU,0x10D,TX,OK,46 67 CA A9 56 58 F1 F0
7.2555,STEERING_ECU,0x144,TX,ERROR,30 5A 3D 77 D5 55 2D 46
7.2569,AIRBAG_ECU,0x1CE,RX,OK,7C 99 71 A7 B0 31 B1 06
7.2597,AIRBAG_ECU,0x14D,TX,OK,48 6B 97 CA A1 67 FD F7
7.2611,DASHBOARD,0x1BE,TX,OK,20 9D 5C C5 03 F7 92 F8
7.2657,ABS_ECU,0x1FF,TX,ERROR,9E 1B D3 C7 E7 9F BB 82
7.269,ABS_ECU,0x1A6,TX,OK,36 F1 B8 4A 2A AE 82 ED
7.271,DASHBOARD,0x1F0,TX,OK,63 3B C5 5C DF B1 E5 28
7.2737,ENGINE_ECU,0x1EE,TX,OK,F6 18 59 1C BD B1 22 0F
7.278,AIRBAG_ECU,0x12C,RX,TIMEOUT,89 0C 1E 41 5B 29 F0 B2
7.2792,STEERING_ECU,0x12F,RX,TIMEOUT,8F EE 2D 8C DD 89 D8 5C
7.2838,STEERING_ECU,0x145,TX,TIMEOUT,D2 09 5E 61 62 C3 E0 82
7.2856,ENGINE_ECU,0x1A6,RX,OK,29 D9 94 A2 15 15 BD E9
7.2886,ENGINE_ECU,0x17B,TX,OK,98 EB F3 45 6E A7 C7 95
7.2911,AIRBAG_ECU,0x117,RX,ERROR,62 20 E5 22 F5 B4 EE 67
7.295,DASHBOARD,0x144,TX,ERROR,70 69 37 22 7C 2E 6F 8B
7.2967,DASHBOARD,0x146,TX,OK,8F C5 B3 5F E5 6D D7 AB
7.2989,DASHBOARD,0x1D6,RX,OK,89 25 49 28 F8 FB 5B FC
7.3028,DASHBOARD,0x17D,RX,OK,BD A0 C6 1C 04 7B B8 92
7.3064,ENGINE_ECU,0x1E5,TX,OK,E1 E4 ED CF E1 DE 52 9A
7.3081,AIRBAG_ECU,0x100,RX,OK,00 43 8D 30 37 D3 11 DD
7.3121,ENGINE_ECU,0x11B,TX,CRC_FAIL,6B E8 50 5E 0E DE 75 62
7.314,ENGINE_ECU,0x15C,RX,OK,32 D6 71 74 28 E1 61 FA
7.3164,DASHBOARD,0x165,RX,OK,22 61 86 25 9A 7C 02 9F
7.3195,ABS_ECU,0x129,TX,OK,40 E2 66 4C 92 5A AD A4
7.3218,STEERING_ECU,0x159,TX,OK,D7 57 AA CD FC DB 1B FB
7.3236,AIRBAG_ECU,0x1AC,RX,OK,FC DF 47 78 EA 8A 96 3C
7.3264,AIRBAG_ECU,0x137,RX,OK,1F 3E 25 F3 44 83 08 0A
7.3287,ENGINE_ECU,0x1D7,TX,ERROR,11 B6 58 08 09 AF 8F 3A
7.3332,ABS_ECU,0x1D8,RX,OK,A1 2E 22 C0 61 E0 73 AC
7.337,STEERING_ECU,0x1F8,RX,OK,9A B8 03 B0 56 20 55 9E
7.3405,ENGINE_ECU,0x11E,RX,CRC_FAIL,77 E6 A8 20 D5 C4 5B 83
7.3447,DASHBOARD,0x1F2,RX,TIMEOUT,53 B6 E4 82 4B C1 DA DB
7.348,AIRBAG_ECU,0x121,RX,OK,89 17 F0 2E D5 63 BA B0
7.3528,ENGINE_ECU,0x17F,TX,OK,ED 0F 20 8D E6 41 C8 CC
7.3553,AIRBAG_ECU,0x18B,RX,OK,D9 4F 1C D7 93 D9 41 E4
7.3586,ENGINE_ECU,0x1ED,TX,OK,15 07 C3 C2 18 A8 6E 3B
7.3625,ABS_ECU,0x1F1,RX,CRC_FAIL,E7 6F 13 57 6E F7 6F 92
7.3674,STEERING_ECU,0x1E9,RX,OK,E8 BB E3 0B 56 CD 06 2F
7.3717,AIRBAG_ECU,0x1C2,TX,OK,52 C7 DD 5D CA 92 35 AD
7.374,ENGINE_ECU,0x1F9,TX,OK,4F 71 59 3E 7B 6F 18 7F
7.3776,DASHBOARD,0x1C6,TX,CRC_FAIL,74 32 C7 C0 C4 E8 79 0C
7.3821,ENGINE_ECU,0x171,RX,CRC_FAIL,BC 6C 73 B7 9F AF E3 B0
7.3863,STEERING_ECU,0x1C1,TX,OK,50 EE 21 32 56 90 05 D6
7.3884,ENGINE_ECU,0x1D6,RX,OK,6A 87 27 C3 3E 0C 7D 44
7.3912,AIRBAG_ECU,0x139,RX,CRC_FAIL,F2 C9 8B 06 0F 1E FB A9
7.3955,DASHBOARD,0x12F,TX,OK,F6 C4 06 07 63 0E ED E6
7.3977,DASHBOARD,0x18D,RX,OK,86 B5 7A F1 8D 4A FC 98
7.4011,DASHBOARD,0x185,TX,OK,AD F5 22 7C F1 23 63 80
7.4045,DASHBOARD,0x1C3,TX,CRC_FAIL,3A D2 A4 DB 10 1C 21 5C
7.4071,STEERING_ECU,0x113,RX,TIMEOUT,2E 6C F3 D8 89 FE B2 6F
7.4115,ABS_ECU,0x1E5,RX,OK,BC AD B2 F3 7A D1 F7 5B
7.415,STEERING_ECU,0x149,TX,OK,D5 39 6A F9 BC 03 A3 EC
7.4177,ENGINE_ECU,0x163,TX,OK,AA DA 86 59 1C D0 4C F2
7.4205,ENGINE_ECU,0x139,RX,OK,52 2D E7 A1 D0 39 B4 34
7.4243,ENGINE_ECU,0x139,TX,OK,87 87 4B 71 4B 44 EB C1
7.4281,AIRBAG_ECU,0x117,TX,ERROR,66 C3 7C A4 D1 DD 50 28
7.4315,AIRBAG_ECU,0x10F,TX,OK,A7 C9 AA 45 43 AE 13 B2
7.4361,ENGINE_ECU,0x1E2,RX,OK,C6 B7 A9 D9 8C 65 C8 0D
7.4399,ABS_ECU,0x13B,RX,OK,C6 13 55 3A 65 C5 C2 8A
7.4442,DASHBOARD,0x1B7,TX,OK,F6 C3 8B 46 CE F4 43 38
7.4454,ENGINE_ECU,0x1EC,RX,OK,C0 84 A7 FD 8A 87 94 0F
7.4485,ENGINE_ECU,0x14E,RX,OK,CB 60 FA 95 40 B7 28 CE
7.4509,DASHBOARD,0x12C,TX,OK,01 69 C6 4A DD 5B 01 84
7.4545,DASHBOARD,0x1DC,RX,OK,AE BA 63 DE A7 E1 70 DF
7.4583,DASHBOARD,0x152,TX,OK,A4 EC F2 9B 6B F3 64 E0
7.4632,DASHBOARD,0x195,RX,TIMEOUT,0B 90 44 68 76 21 8F C0
7.4676,STEERING_ECU,0x11E,TX,OK,21 6B DD 75 59 46 30 6F
7.4699,ABS_ECU,0x117,RX,OK,93 DC 84 B8 50 B3 45 69
7.4712,ABS_ECU,0x1DB,TX,OK,F6 69 6F E4 02 A8 7E 0A
7.4752,DASHBOARD,0x1A6,TX,OK,02 DD 16 AC 1A F0 9E 52
7.4797,STEERING_ECU,0x1E3,RX,ERROR,08 B4 C4 9C E1 EB 9B 8B
7.4812,DASHBOARD,0x1D5,RX,OK,F4 BA 72 D7 5A 05 B9 2D
7.4827,AIRBAG_ECU,0x1BA,RX,OK,76 1C F5 83 EC F2 0F BB
7.4869,AIRBAG_ECU,0x15E,TX,OK,85 78 D0 E3 26 B4 36 7F
7.4885,ENGINE_ECU,0x132,RX,TIMEOUT,47 79 05 DA 9F 85 7C F3
7.4931,ENGINE_ECU,0x108,RX,OK,FD CB 1F F3 CD C5 8F F3
7.498,ABS_ECU,0x187,TX,OK,5E F6 A5 14 0F 02 E7 7A
7.5002,ABS_ECU,0x1B6,RX,OK,43 28 D1 EB B6 CB 13 CE
7.504,ABS_ECU,0x131,RX,TIMEOUT,18 1D 02 E9 45 83 D0 6A
7.5086,STEERING_ECU,0x1E1,TX,OK,6E 52 72 64 15 B3 3E 97
7.5118,ABS_ECU,0x18D,TX,OK,C0 DF BE 54 84 86 E8 98
7.5133,AIRBAG_ECU,0x168,RX,TIMEOUT,16 B0 F0 8E B8 9A 1D 7D
7.5155,AIRBAG_ECU,0x116,RX,OK,7B 61 A6 F9 A7 FB 7F 73
7.5195,ENGINE_ECU,0x1CA,TX,OK,25 30 C0 27 36 CE 7B 9B
7.5222,AIRBAG_ECU,0x158,TX,OK,72 51 05 35 F3 7B 48 E1
7.5271,ABS_ECU,0x1C2,TX,OK,25 4A 7B 4A 4B 27 0E CC
7.5307,STEERING_ECU,0x128,RX,ERROR,0C 87 EB 6D 66 B6 33 F6
7.5353,ABS_ECU,0x1A2,TX,TIMEOUT,DB D3 3A DA 37 BD 4B 9F
7.5399,DASHBOARD,0x164,RX,TIMEOUT,5A 95 06 79 DF 20 73 6E
7.5439,ABS_ECU,0x16C,TX,OK,3D BF E9 E5 42 52 8B 07
7.5457,ENGINE_ECU,0x14A,TX,TIMEOUT,30 19 70 D8 79 D9 9F C6
7.5491,STEERING_ECU,0x1F4,RX,ERROR,50 DD 9B 4C 35 53 BF F3
7.5503,AIRBAG_ECU,0x1FA,TX,CRC_FAIL,25 90 90 27 FD 9F F8 33
7.5538,AIRBAG_ECU,0x158,RX,CRC_FAIL,B8 6B 11 3E 26 57 7D 4D
7.5583,AIRBAG_ECU,0x1B9,RX,OK,3B 14 BF E7 A9 C0 48 58
7.5632,STEERING_ECU,0x1F2,RX,OK,9E 0B 86 7B A0 C8 44 19
7.566,STEERING_ECU,0x176,RX,OK,64 06 CD A2 4E 69 00 93
7.5672,ABS_ECU,0x1AC,TX,OK,82 9A 1A 78 37 49 F8 1F
7.569,STEERING_ECU,0x14A,RX,OK,AE DE 41 0B BD B1 10 CF
7.5723,ABS_ECU,0x148,TX,OK,AE 7E A6 BC FA 1A 82 AF
7.5769,ABS_ECU,0x1C7,TX,TIMEOUT,C7 3D 95 55 34 1C E5 11
7.5784,AIRBAG_ECU,0x136,TX,OK,0E D3 8C 2D 60 A6 CA FD
7.5829,DASHBOARD,0x15B,RX,CRC_FAIL,05 5C 8D 67 E7 85 20 5F
7.5865,STEERING_ECU,0x1F8,RX,ERROR,DE 67 B6 B4 D5 E7 9D 77
7.5912,DASHBOARD,0x165,TX,OK,E5 44 E4 C2 2F 73 2B 12
7.5935,ABS_ECU,0x100,RX,OK,1D B3 24 A9 4C 5E 93 E5
7.5984,AIRBAG_ECU,0x1D8,TX,TIMEOUT,3E ED 9B E6 E8 4A 8A 37
7.6,ABS_ECU,0x1CF,RX,OK,18 77 F1 22 56 E0 C1 CF
7.6023,ENGINE_ECU,0x1B1,TX,OK,62 92 8A 70 99 56 1A 88
7.6061,STEERING_ECU,0x14F,TX,OK,77 03 7B 2A DA 73 04 D4
7.6087,DASHBOARD,0x1C1,TX,OK,01 CC 0E BA 66 03 75 2E
7.6114,STEERING_ECU,0x1F6,TX,CRC_FAIL,84 9A 2E 2B 00 48 47 E9
7.6136,ENGINE_ECU,0x1FD,RX,OK,2F EB F0 9D 45 3A EA EB
7.6178,ABS_ECU,0x156,TX,CRC_FAIL,77 6D F8 57 C1 BC E7 20
7.6214,DASHBOARD,0x114,RX,OK,86 4C FC A7 4B FF 6E F0
7.6262,ABS_ECU,0x164,TX,OK,5E AF AD F0 F8 B0 A5 EA
7.6305,ABS_ECU,0x1B2,RX,TIMEOUT,95 7C E3 6A 5E 70 63 07
7.6319,ENGINE_ECU,0x1B3,RX,OK,DC 77 54 A2 BC 7F 3C 8F
7.6331,DASHBOARD,0x1AE,TX,OK,6B 7D 0F FA 05 5E B7 F6
7.6344,DASHBOARD,0x1D6,TX,OK,58 45 BE 21 29 30 49 A3
7.639,DASHBOARD,0x1BE,RX,TIMEOUT,66 98 14 35 06 81 03 58
7.6432,DASHBOARD,0x1A1,TX,OK,5B 08 54 1B E3 95 2E F5
7.6476,AIRBAG_ECU,0x120,TX,OK,98 92 EA 14 3F 93 27 DA
7.6495,AIRBAG_ECU,0x16E,TX,TIMEOUT,E4 A7 EE 35 6E 7F 7F 52
7.6522,AIRBAG_ECU,0x1C9,RX,OK,5A FB 9E 0C C2 3F C4 2D
7.6543,ENGINE_ECU,0x16A,RX,OK,AB 0A 3F 26 43 C1 64 2D
7.6564,STEERING_ECU,0x125,RX,ERROR,05 C9 3E E7 C0 2E 9A F2
7.6593,AIRBAG_ECU,0x158,TX,OK,A7 F5 7E 33 37 46 99 BE
7.6621,STEERING_ECU,0x1BB,RX,OK,BC 16 37 82 97 84 9A 44
7.6649,STEERING_ECU,0x163,RX,OK,22 C1 20 6F 36 26 8C 1E
7.6662,AIRBAG_ECU,0x1D0,TX,OK,25 9F 5C 80 2A E7 BE 6D
7.6693,STEERING_ECU,0x175,TX,OK,F6 64 78 3B AE 9B 51 A7
7.6741,ENGINE_ECU,0x153,RX,ERROR,82 28 8B DF 84 8F EC 25
7.6765,AIRBAG_ECU,0x1F1,RX,OK,7F C5 3A AA 99 EC B7 35
7.678,DASHBOARD,0x1FC,RX,TIMEOUT,2C 5E 18 C3 84 8B 50 9B
7.6819,DASHBOARD,0x11C,RX,OK,3A AB D3 76 39 C8 DE 70
7.6839,ABS_ECU,0x1E2,RX,OK,30 D7 BD BB 8D 4E A5 79
7.6878,ENGINE_ECU,0x142,RX,OK,CD 6C 49 3D 55 B2 8C A7
7.6925,STEERING_ECU,0x130,RX,OK,51 BA 05 26 4B 34 D7 DF
7.6972,DASHBOARD,0x133,RX,OK,AE 32 12 06 B7 53 CB 3D
7.7018,ABS_ECU,0x1C6,RX,OK,65 1F 7B 57 B7 E4 FE B7
7.7056,ABS_ECU,0x130,RX,CRC_FAIL,22 F9 79 3B E6 4E 62 BC
7.7091,AIRBAG_ECU,0x1D1,RX,OK,E9 26 4F 22 0D 18 34 B9
7.7109,DASHBOARD,0x10D,TX,CRC_FAIL,DF DC A4 FF C8 C9 05 3C
7.7121,DASHBOARD,0x106,RX,TIMEOUT,57 39 B3 A2 7D 6F 6D B9
7.7168,STEERING_ECU,0x12C,RX,OK,36 24 EF ED 66 9F AF FC
7.7201,ENGINE_ECU,0x1BE,RX,OK,95 DC A1 B5 29 82 F1 25
7.7249,AIRBAG_ECU,0x17B,TX,OK,D1 63 26 6D D4 63 0E 50
7.7268,ENGINE_ECU,0x1E5,TX,OK,FD 07 7D 4C 17 51 3F F1
7.7289,ENGINE_ECU,0x1AA,TX,TIMEOUT,F5 15 3C 09 F0 A1 51 5E
7.7338,STEERING_ECU,0x1D3,TX,ERROR,1B E1 11 92 E1 0A E0 91
7.7384,ENGINE_ECU,0x134,TX,OK,8D 1D 95 B9 4D B4 B3 05
7.7396,ENGINE_ECU,0x1C4,TX,OK,01 87 23 4A 22 DA 3F 5A
7.7432,ABS_ECU,0x154,RX,OK,DF 4F 70 E2 EA 4F 3F 4A
7.7446,ENGINE_ECU,0x1B8,RX,OK,58 7D C6 DE C1 A5 AC 51
7.7467,DASHBOARD,0x14F,RX,OK,2B D1 83 BE 75 4A CA EE
7.7503,ABS_ECU,0x131,RX,OK,B1 3F B1 B3 D2 44 00 57
7.754,STEERING_ECU,0x11B,RX,OK,61 23 70 F2 7D 87 8C 6D
7.7581,STEERING_ECU,0x182,RX,TIMEOUT,B8 35 65 A1 BF A3 E8 38
7.762,ENGINE_ECU,0x181,TX,OK,CF 84 0B 3E 03 1F 62 CC
7.7634,AIRBAG_ECU,0x1B3,TX,OK,21 61 D3 23 95 81 83 21
7.7683,STEERING_ECU,0x169,RX,ERROR,7A A2 02 24 96 29 86 CB
7.7713,AIRBAG_ECU,0x1E1,TX,CRC_FAIL,58 57 69 48 F6 BF 40 CF
7.7751,STEERING_ECU,0x1E8,RX,OK,89 D3 5D 79 8B 7A 54 0E
7.7777,ABS_ECU,0x1E6,TX,OK,6E 01 28 13 53 7D 5B 72
7.7812,AIRBAG_ECU,0x115,RX,OK,F2 EE 98 2A DB 8E 81 D9
7.784,DASHBOARD,0x177,RX,OK,FA 86 9D 96 D4 5F 1A 46
7.7867,ABS_ECU,0x18F,RX,OK,51 A9 2B 38 56 16 32 EB
7.7903,STEERING_ECU,0x124,TX,ERROR,A9 DB 38 E7 08 6C 6E AE
7.7945,ENGINE_ECU,0x1B7,RX,OK,F6 9A 08 AD E1 0E DD 0C
7.7989,DASHBOARD,0x11E,RX,OK,30 EF 30 42 93 BE 45 09
7.8031,ENGINE_ECU,0x146,TX,OK,71 D7 13 D5 7D 03 1E 10
7.8067,AIRBAG_ECU,0x1A6,TX,OK,92 73 D1 5B 04 1E 64 3B
7.8079,ENGINE_ECU,0x130,TX,ERROR,AD 70 18 18 68 87 62 1C
7.812,STEERING_ECU,0x124,RX,OK,78 AA C4 BE 99 4E B0 FC
7.8149,ABS_ECU,0x173,RX,OK,FB 0F D6 70 E5 C1 D0 EA
7.8172,ABS_ECU,0x168,TX,CRC_FAIL,85 13 59 05 83 BE F5 7E
7.8194,ENGINE_ECU,0x193,RX,OK,EC 08 86 DD BD 79 81 C1
7.8232,ABS_ECU,0x1E4,RX,OK,67 9C 08 02 C9 1D 08 AC
7.8269,STEERING_ECU,0x153,TX,OK,1C 6C 9F 0D 20 C0 B1 5E
7.83,ENGINE_ECU,0x1AC,RX,OK,15 1A 96 5E 03 C7 AB BB
7.8319,DASHBOARD,0x152,RX,ERROR,DE 61 4A 86 48 6A C5 21
7.8356,AIRBAG_ECU,0x111,RX,OK,92 16 DD FE 50 65 DB D0
7.8401,ABS_ECU,0x1A7,TX,TIMEOUT,48 92 50 1F B7 94 FE C1
7.8442,ABS_ECU,0x160,TX,OK,6E C7 AB A7 6B 4E 33 14
7.8476,STEERING_ECU,0x196,TX,OK,00 79 51 CF 53 EE 30 C4
7.8518,ENGINE_ECU,0x155,TX,OK,BD 83 9F D2 EA 3A 37 B0
7.853,ABS_ECU,0x132,RX,CRC_FAIL,DD D3 A9 D4 A3 F6 B1 DC
7.8576,ENGINE_ECU,0x165,RX,OK,9F 70 72 1B 53 86 D8 5F
7.8601,DASHBOARD,0x16F,RX,CRC_FAIL,E9 4A 68 56 85 59 80 45
7.8639,ABS_ECU,0x1A0,RX,OK,62 94 F1 7D D9 0A 33 F6
7.868,DASHBOARD,0x1F5,TX,ERROR,CC 77 0E 6E 50 2D D1 E6
7.8704,ABS_ECU,0x125,RX,OK,94 6E 6C 23 3F 4A AF 0B
7.8744,DASHBOARD,0x112,RX,OK,91 D0 94 F4 4B C9 56 CA
7.876,AIRBAG_ECU,0x142,RX,OK,EB 03 C3 9A 29 01 52 34
7.8793,AIRBAG_ECU,0x1F2,RX,OK,B9 87 E1 6D 0A 93 4A EC
7.8806,DASHBOARD,0x10A,RX,OK,6B 62 F2 B9 28 F3 31 1A
7.882,ABS_ECU,0x14A,RX,OK,7F 6A 94 F2 BC A5 81 2B
7.8844,ABS_ECU,0x1FF,RX,OK,11 32 2A B7 F2 7C 0E 5C
7.8886,STEERING_ECU,0x190,RX,TIMEOUT,FC 58 5C BA FD 0E 31 2F
7.8914,DASHBOARD,0x168,RX,OK,DA 5A 18 74 E8 A3 17 16
7.895,AIRBAG_ECU,0x15C,TX,OK,E5 24 2F FC 38 89 6D 6C
7.8974,ABS_ECU,0x16C,TX,OK,59 41 8C 29 7C 92 83 CE
7.9002,STEERING_ECU,0x162,RX,OK,F0 0B 26 7D B7 08 F6 CF
7.9016,STEERING_ECU,0x146,RX,CRC_FAIL,EB 0F D0 EA 57 8D 77 FB
7.9057,DASHBOARD,0x1A3,RX,OK,97 DF F4 73 02 6B 7B 13
7.9088,ENGINE_ECU,0x1E5,TX,ERROR,56 D7 C1 1B 8A 38 FD 7A
7.9128,ABS_ECU,0x1BB,RX,OK,B4 A4 AC 1D D1 2C F1 74
7.9171,AIRBAG_ECU,0x19C,TX,OK,17 A9 37 CE 27 7A 5E 4F
7.9217,ENGINE_ECU,0x13E,TX,OK,79 12 99 08 1F 0A 47 91
7.9248,DASHBOARD,0x1F3,TX,OK,A0 42 28 E5 33 70 C4 17
7.9259,ABS_ECU,0x1F2,TX,OK,C6 76 A0 B6 53 2E 70 C3
7.9309,STEERING_ECU,0x1D4,RX,OK,D1 C7 50 72 5C 28 02 6C
7.9341,STEERING_ECU,0x1C0,RX,OK,12 D8 1D 1C 59 4C 37 7A
7.936,AIRBAG_ECU,0x107,TX,CRC_FAIL,CA 39 95 23 E4 8B F2 B9
7.9397,ABS_ECU,0x19A,RX,TIMEOUT,7D 8E 8C 25 BA 76 73 72
7.9439,AIRBAG_ECU,0x1A2,TX,OK,10 30 DC 98 7E 6F 06 17
7.9485,AIRBAG_ECU,0x12D,TX,OK,EA 3D 1E 91 67 97 26 1C
7.9524,DASHBOARD,0x12C,RX,OK,A4 76 B1 AC 7E FF 5A E6
7.957,STEERING_ECU,0x1F6,TX,OK,70 F4 F6 F6 4F 1D F5 BB
7.9602,STEERING_ECU,0x199,TX,OK,45 EC AF 19 8A EC 22 1D
7.9649,DASHBOARD,0x187,RX,OK,93 D0 3B DF D5 E0 51 BC
7.9682,STEERING_ECU,0x1C1,TX,TIMEOUT,06 C9 84 78 98 1A 38 41
7.9731,AIRBAG_ECU,0x121,RX,OK,2B B9 AA BF A8 13 F9 96
7.9742,AIRBAG_ECU,0x1D5,TX,CRC_FAIL,05 BF 46 51 D8 D4 E7 18
7.9759,ABS_ECU,0x122,RX,OK,CC 6E C3 E9 0C 7D D7 0F
7.9804,AIRBAG_ECU,0x1AE,RX,OK,CA B0 73 68 5B 92 1D 96
7.9849,ABS_ECU,0x14B,TX,OK,E2 89 F3 1F C6 F3 E9 78
7.9882,STEERING_ECU,0x14D,TX,OK,78 5F B4 A1 F6 F7 00 BC
7.9931,STEERING_ECU,0x13D,RX,OK,38 D2 B7 AE 21 A3 53 4E
7.9955,ENGINE_ECU,0x103,RX,OK,E7 60 1E 7A 2F CB 2D 27
7.9981,ENGINE_ECU,0x17B,TX,OK,B6 9B 06 F5 A2 33 B5 5C
7.9996,DASHBOARD,0x14B,TX,OK,D9 29 0D 2B CD B0 6A 32
8.0027,DASHBOARD,0x105,RX,OK,D3 60 FF 1E 08 74 5F 06
8.0068,ABS_ECU,0x100,RX,TIMEOUT,45 C7 33 CB 29 9D 1D 57
8.0086,DASHBOARD,0x189,TX,CRC_FAIL,E0 0F 4D DE 8E 5A E9 D1
8.0111,ENGINE_ECU,0x1E5,RX,OK,C8 AD AF 4D CA 17 AF 03
8.013,AIRBAG_ECU,0x128,RX,CRC_FAIL,62 72 9B E8 36 0F 14 27
8.0169,ENGINE_ECU,0x1D3,TX,OK,58 2E 61 84 8A 2F 8A 57
8.0212,AIRBAG_ECU,0x16F,RX,OK,BE 26 FD 7B 50 91 17 58
8.0236,AIRBAG_ECU,0x138,TX,OK,88 6C E4 B8 04 44 10 87
8.0259,STEERING_ECU,0x1EF,RX,OK,5A C8 A5 FB F0 1A 50 6C
8.03,AIRBAG_ECU,0x1BC,TX,OK,2F 25 3C 30 A0 0E 16 59
8.0335,AIRBAG_ECU,0x1B2,RX,OK,85 19 97 A1 9F 1D 48 68
8.0383,ABS_ECU,0x135,RX,OK,EF 6A 9D 4B 69 11 4A 77
8.0421,ENGINE_ECU,0x1C1,RX,OK,4F 4C 72 C2 C4 12 22 28
8.0442,ENGINE_ECU,0x1EC,RX,OK,80 D8 50 F9 CB 51 6F 91
8.0475,DASHBOARD,0x1E4,TX,CRC_FAIL,17 0E FA 37 2C B5 C5 73
8.0486,STEERING_ECU,0x11D,TX,OK,F8 59 78 90 F2 39 62 79
8.051,STEERING_ECU,0x126,RX,OK,6A 58 B5 0F F1 B0 8D AA
8.0552,AIRBAG_ECU,0x18F,TX,OK,DC 36 24 EE 76 C8 97 2B
8.0568,ABS_ECU,0x1CB,RX,OK,39 02 71 2B A7 F5 E6 D6
8.0605,AIRBAG_ECU,0x1C8,TX,OK,9A 01 F1 70 65 8B 24 72
8.062,DASHBOARD,0x179,TX,OK,EB 43 19 E1 F4 20 E1 06
8.0648,ABS_ECU,0x13C,RX,OK,31 68 1C F0 E2 35 ED AA
8.0662,ABS_ECU,0x11D,TX,OK,CF 61 E4 70 DF 96 F2 90
8.0686,ENGINE_ECU,0x134,TX,TIMEOUT,3A F5 E6 EB 0A B3 79 87
8.0722,ABS_ECU,0x175,RX,TIMEOUT,68 3D 80 F4 E8 CF 38 4F
8.0739,STEERING_ECU,0x190,TX,OK,B8 63 E5 CA 1C E8 DA 15
8.0768,STEERING_ECU,0x155,TX,OK,66 37 B8 03 84 9C 46 9C
8.0788,DASHBOARD,0x1BD,RX,OK,51 5B AF 90 E7 15 82 5F
8.0829,DASHBOARD,0x1AD,TX,TIMEOUT,88 69 EC 34 E7 4E D2 FB
8.0856,ENGINE_ECU,0x13E,RX,OK,AD 3D 57 BD 10 C3 05 E3
8.0883,ABS_ECU,0x116,RX,OK,84 04 E8 0F 3A 8F DD A1
8.0913,AIRBAG_ECU,0x18C,TX,OK,41 E8 9F 14 F8 5A 99 FA
8.094,AIRBAG_ECU,0x1C9,RX,OK,13 24 56 EC 32 0D 56 2C
8.0988,ABS_ECU,0x106,TX,OK,63 61 E1 25 86 1C 53 84
8.103,STEERING_ECU,0x13A,TX,OK,F8 9C E2 14 DA 3E 85 14
8.1074,ENGINE_ECU,0x13E,TX,OK,21 2A 13 7D 0E 0E 15 48
8.1117,DASHBOARD,0x160,TX,OK,92 70 B0 19 A9 2E CA DF
8.1151,STEERING_ECU,0x1DD,RX,OK,0A B7 07 FA 3F DF 39 9D
8.1183,ENGINE_ECU,0x1F3,TX,OK,E1 2D A9 2B 6B 3B 15 D0
8.123,DASHBOARD,0x181,RX,OK,A1 8E 2E 55 33 F5 0A 93
8.1258,ENGINE_ECU,0x1A4,TX,OK,11 A5 F4 67 8B 77 85 5B
8.1295,DASHBOARD,0x1A9,RX,ERROR,46 36 F5 90 84 F0 C7 04
8.1322,ENGINE_ECU,0x10A,RX,OK,1E 77 35 11 7C 08 51 76
8.1353,DASHBOARD,0x1AB,TX,CRC_FAIL,3B 8D 54 A4 22 AD EB EF
8.1366,ABS_ECU,0x1E2,RX,OK,62 D3 8F 72 41 50 3E 0F
8.1407,AIRBAG_ECU,0x14F,RX,OK,01 26 C6 3D 2A 9F 2C 04
8.1444,ABS_ECU,0x114,RX,OK,30 57 28 21 5D CF B7 FA
8.1488,STEERING_ECU,0x1C1,RX,OK,E5 EF 94 0E 39 1D 3E 0C
8.1521,DASHBOARD,0x119,TX,ERROR,FB E1 D7 B8 5B 9D A8 08
8.1562,AIRBAG_ECU,0x12F,TX,OK,65 00 E6 41 0F 05 7B D9
8.1581,AIRBAG_ECU,0x1BA,TX,OK,34 9E 9D 2A 28 5B CC EB
8.1625,ENGINE_ECU,0x11D,TX,OK,79 E2 F8 5E CD CA 9B 1B
8.1645,ABS_ECU,0x1F2,TX,OK,F1 88 09 F6 B2 68 51 EF
8.167,ENGINE_ECU,0x1E7,RX,OK,20 6A 40 8A 79 10 0F 8B
8.1687,ABS_ECU,0x172,RX,OK,03 41 14 B5 26 91 A1 39
8.1705,DASHBOARD,0x1F9,TX,OK,18 9D CF 97 3D BB CF AC
8.1733,ABS_ECU,0x150,TX,OK,34 EE D2 5F BB F7 88 25
8.1766,DASHBOARD,0x150,TX,OK,D4 37 16 D4 8E 7F 11 D7
8.1777,ENGINE_ECU,0x179,TX,ERROR,E5 5D C7 D1 E2 21 BD DB
8.1818,ABS_ECU,0x132,TX,OK,FF C9 84 82 D1 89 59 13
8.1854,ENGINE_ECU,0x149,TX,OK,C5 ED 65 E3 6E 53 90 86
8.187,ENGINE_ECU,0x1A6,RX,OK,A8 BD B6 66 59 F4 EC BF
8.1892,AIRBAG_ECU,0x13B,RX,OK,F7 72 EF 51 02 A9 70 51
8.1907,ABS_ECU,0x1FE,RX,OK,0E 42 6F AB 33 26 32 6A
8.1928,STEERING_ECU,0x1D4,TX,CRC_FAIL,87 9D 86 77 58 32 3B 02
8.1945,STEERING_ECU,0x19E,TX,OK,68 D1 D7 F8 59 E5 7B 80
8.1961,DASHBOARD,0x1B7,RX,TIMEOUT,31 72 F2 1A CF 8B A6 12
8.1979,DASHBOARD,0x182,RX,OK,9F F4 E4 6E E2 ED 03 EB
8.201,STEERING_ECU,0x121,TX,OK,54 0D C5 18 A9 EB A0 33
8.2043,DASHBOARD,0x1A4,RX,OK,95 0E 8C 63 79 B6 B5 AE
8.2071,ENGINE_ECU,0x167,TX,TIMEOUT,1B 0F CA 2A 74 5D B0 EC
8.2098,DASHBOARD,0x185,TX,OK,AE 4C 49 23 9F FB 6E 7D
8.2124,STEERING_ECU,0x1D7,TX,OK,C8 A7 5F 16 BE 5C 8B 5E
8.2138,ENGINE_ECU,0x1B7,RX,OK,23 6A 41 88 D1 0D E8 50
8.2156,ABS_ECU,0x1B4,RX,OK,AC A5 DB 74 B8 66 3F 60
8.2182,AIRBAG_ECU,0x1ED,TX,OK,F4 80 AD CB BE 7E 87 4F
8.2217,ENGINE_ECU,0x113,RX,TIMEOUT,4D 5A 4A 3B B1 3A 40 81
8.2242,ABS_ECU,0x161,TX,OK,E9 3D BC 75 BD 53 16 A1
8.2277,AIRBAG_ECU,0x16F,RX,OK,21 FF 08 E3 4C 07 38 55
8.2296,ABS_ECU,0x1D7,TX,OK,84 C8 29 38 6E 43 B0 AA
8.2311,ENGINE_ECU,0x18C,RX,TIMEOUT,67 7E 46 CC D3 FC D3 81
8.2333,STEERING_ECU,0x1CC,RX,OK,24 D8 62 D7 1C 10 4C B3
8.236,AIRBAG_ECU,0x1DE,RX,CRC_FAIL,5A 27 56 66 46 4C 5D 56
8.2403,ENGINE_ECU,0x18E,TX,OK,D4 8D 7C 20 C9 D1 6D 7C
8.2444,STEERING_ECU,0x1E1,RX,ERROR,7B 2D 19 0C A1 6F D0 76
8.246,ENGINE_ECU,0x197,RX,OK,A2 6B 59 2D 1C F3 81 1A
8.2499,ABS_ECU,0x1E6,TX,OK,62 29 77 EB 6F 16 9A 70
8.2522,STEERING_ECU,0x1C7,RX,OK,A3 0C 76 9B FB 1B EA D9
8.2561,STEERING_ECU,0x115,TX,OK,3D 4D 2B 27 A8 A3 37 FF
8.26,ABS_ECU,0x142,RX,OK,63 AE 37 13 59 A6 B8 84
8.2611,DASHBOARD,0x163,TX,OK,F6 FF 25 87 1D F2 A4 2C
8.2643,ABS_ECU,0x1B8,RX,OK,60 C1 0D AD 6F F6 EC 4E
8.267,AIRBAG_ECU,0x1DD,RX,OK,E9 FD 3F C8 41 B5 27 2C
8.2717,STEERING_ECU,0x123,TX,OK,5D BC 12 06 47 57 27 69
8.2748,DASHBOARD,0x1A4,TX,OK,0D 46 90 10 96 44 98 A7
8.2774,ABS_ECU,0x128,TX,OK,25 6E BF 2D 1B FB 56 14
8.2796,ABS_ECU,0x1BD,RX,OK,B0 92 BA 12 8F F8 0E B3
8.2817,STEERING_ECU,0x136,TX,TIMEOUT,D4 DF AE 1C 7A E3 E0 66
8.2849,AIRBAG_ECU,0x10B,TX,CRC_FAIL,64 E9 15 3B 4C 87 9E 40
8.2897,ENGINE_ECU,0x1CD,TX,OK,A5 56 B8 3E 18 31 B0 59
8.2939,STEERING_ECU,0x1D0,TX,ERROR,FB FF 4A 76 19 9F 07 F4
8.2953,DASHBOARD,0x189,TX,CRC_FAIL,35 C6 81 94 B1 FF 78 6A
8.2973,AIRBAG_ECU,0x148,TX,TIMEOUT,66 16 76 32 0B C5 70 C1
8.2988,STEERING_ECU,0x115,RX,OK,2E 23 6B D5 8F 5B 6A CB
8.302,ENGINE_ECU,0x170,TX,OK,A1 E9 19 CF 60 03 A8 CA
8.3055,DASHBOARD,0x117,TX,OK,31 9F B4 2F B4 E3 A3 66
8.3079,ENGINE_ECU,0x10C,TX,TIMEOUT,B9 35 2B 4C 47 12 91 4B
8.3096,STEERING_ECU,0x197,TX,OK,97 C9 54 DE FA 8C 36 4E
8.3142,ABS_ECU,0x19F,RX,OK,23 63 FE D0 EF 63 0A BD
8.3172,ENGINE_ECU,0x16E,TX,OK,72 9A 5D 7E 30 67 27 39
8.3214,ENGINE_ECU,0x18C,TX,TIMEOUT,88 06 8A 7A 24 14 5A F2
8.3236,ENGINE_ECU,0x100,TX,OK,2D C3 56 35 68 D6 37 46
8.326,STEERING_ECU,0x135,TX,TIMEOUT,A9 7D 40 B9 2D 39 40 78
8.3274,ABS_ECU,0x13B,TX,OK,3F 76 19 F0 14 72 87 F2
8.33,ENGINE_ECU,0x184,RX,OK,3A 29 4F 5C F7 23 2C 71
8.3334,ENGINE_ECU,0x18D,TX,OK,7C 2D 41 03 6A E7 B9 7C
8.3371,ENGINE_ECU,0x103,RX,OK,19 62 0A D4 74 0D 63 F5
8.3407,DASHBOARD,0x1A8,RX,OK,C4 5A 5B 21 1E B4 55 29
8.3419,AIRBAG_ECU,0x188,TX,OK,28 02 10 D8 D9 EA D5 C8
8.3464,DASHBOARD,0x19F,RX,ERROR,1F A2 4A 32 DC AF 4A 44
8.3484,ABS_ECU,0x102,TX,OK,23 60 90 0F 4A E8 99 6C
8.3495,AIRBAG_ECU,0x137,TX,OK,C9 E4 CA 43 01 D9 10 BE
8.3509,ENGINE_ECU,0x1C4,TX,ERROR,DD 8B 3D 23 81 2D 45 55
8.3527,STEERING_ECU,0x1BA,TX,OK,E0 28 FD 3C 48 D2 CC AB
8.3571,ABS_ECU,0x1CF,RX,OK,B1 1D 7B C3 4A 3B 0D 2D
8.3607,AIRBAG_ECU,0x175,RX,OK,35 1D 68 9C BC 6D B7 BE
8.3622,STEERING_ECU,0x1D3,RX,OK,47 18 F1 01 40 FE A5 F0
8.365,STEERING_ECU,0x1EF,RX,OK,32 90 78 14 7A 6A D2 A5
8.3677,ABS_ECU,0x117,RX,CRC_FAIL,2C 5A A2 7E E1 7F 80 1B
8.3689,ABS_ECU,0x1A1,TX,CRC_FAIL,3F B1 FE 6F 63 EB 3E DA
8.3713,STEERING_ECU,0x119,TX,OK,CE 5B 85 74 49 C9 AC DC
8.374,ENGINE_ECU,0x16D,TX,OK,4D 94 B8 C3 66 1B 81 D5
8.3775,STEERING_ECU,0x1BB,RX,TIMEOUT,C3 E2 04 6C 55 FD 9B 05
8.3817,ENGINE_ECU,0x117,RX,CRC_FAIL,C4 E2 88 EC C7 73 7C 32
8.3866,STEERING_ECU,0x152,RX,OK,A5 EC 41 79 4D DD 94 3A
8.3911,AIRBAG_ECU,0x19A,TX,OK,B4 EA EF CB 18 33 7E 47
8.3944,STEERING_ECU,0x180,RX,OK,72 A4 6E F9 5A 47 47 31
8.3979,AIRBAG_ECU,0x1A6,TX,OK,E4 0D BD C1 5D 91 06 A7
8.4001,ABS_ECU,0x1F0,RX,OK,68 18 5B FD 77 85 E4 96
8.4019,AIRBAG_ECU,0x194,TX,CRC_FAIL,29 B4 58 E5 51 7F 55 82
8.4069,ENGINE_ECU,0x156,RX,CRC_FAIL,74 08 3B 44 6A C1 06 D9
8.4114,AIRBAG_ECU,0x133,TX,OK,62 3B 03 AA C8 4E F7 49
8.4127,ABS_ECU,0x1A7,TX,ERROR,8B E6 63 46 72 97 18 65
8.415,ENGINE_ECU,0x1DF,TX,TIMEOUT,C7 C2 75 93 D7 68 9E 62
8.4167,ABS_ECU,0x1F2,TX,OK,2F 15 26 64 8A BF E7 38
8.4181,AIRBAG_ECU,0x14D,RX,OK,06 91 12 3D C1 D1 A0 37
8.4218,STEERING_ECU,0x1D2,TX,OK,44 3E FC 3A 2B 8F F7 7D
8.4262,DASHBOARD,0x10B,RX,OK,0B 07 96 B6 95 CC 71 C4
8.4289,STEERING_ECU,0x1FD,TX,OK,3C E1 5B BF 63 CE 9E 9E
8.4306,ENGINE_ECU,0x1A0,RX,TIMEOUT,A7 BE 10 AE E8 E3 F8 87
8.4339,DASHBOARD,0x178,RX,TIMEOUT,88 BD 05 EC 0F 06 9F 61
8.4373,ABS_ECU,0x190,TX,OK,E9 57 7A 29 E5 AE 6F 68
8.4411,ENGINE_ECU,0x1AE,RX,OK,B2 A8 63 9D 71 99 62 49
8.446,DASHBOARD,0x13B,RX,OK,EB A3 5F 44 6D 04 8A D1
8.4483,AIRBAG_ECU,0x16B,TX,OK,C9 25 EC 81 5C C2 90 31
8.4494,DASHBOARD,0x173,RX,OK,53 CB 48 62 C4 ED 64 B2
8.4523,DASHBOARD,0x1D6,RX,OK,62 3B 59 C1 45 6A 5C 9C
8.4548,STEERING_ECU,0x14B,RX,OK,F4 7D 5F 63 B0 DF EC DE
8.457,ABS_ECU,0x1F8,TX,OK,D2 29 D5 9D 9B 52 6B 8B
8.4595,DASHBOARD,0x1D8,RX,ERROR,D3 81 5D CF F1 D7 F7 EC
8.4609,ABS_ECU,0x1E9,RX,TIMEOUT,F6 D2 B7 66 8A 5A 5D 65
8.4643,DASHBOARD,0x129,RX,OK,38 77 6A 5B F3 15 5E 8A
8.4654,AIRBAG_ECU,0x11A,TX,ERROR,26 85 CB 12 94 78 3D 65
8.4702,AIRBAG_ECU,0x150,RX,OK,4A F8 C7 01 2F 0F 12 EC
8.4719,DASHBOARD,0x1CF,RX,CRC_FAIL,C0 A7 7D 84 6A BB 6D 60
8.476,AIRBAG_ECU,0x14D,TX,CRC_FAIL,8E 64 9D 55 DB F8 58 D7
8.4783,AIRBAG_ECU,0x110,RX,OK,7F 82 3D 2D 67 13 A4 B4
8.4802,ENGINE_ECU,0x16D,TX,TIMEOUT,9A 58 FE 37 24 05 96 0D
8.4838,STEERING_ECU,0x195,RX,OK,87 22 14 68 6A FB 9D 59
8.4869,AIRBAG_ECU,0x1A1,TX,OK,81 5A 36 EE F0 B2 FE FD
8.4917,STEERING_ECU,0x13D,RX,OK,50 B4 E3 CB 09 F3 BC E4
8.4961,ABS_ECU,0x143,TX,OK,6E 73 05 50 63 0A 71 0C
8.5,STEERING_ECU,0x158,RX,OK,FC A2 A2 F8 5C 86 E1 B1
8.5033,AIRBAG_ECU,0x10F,TX,TIMEOUT,16 19 B4 C0 58 E2 F1 AE
8.5048,STEERING_ECU,0x132,RX,TIMEOUT,FF F2 ED 7A 2E B5 07 A2
8.5059,DASHBOARD,0x10E,RX,OK,47 E9 42 5A 48 68 1F 59
8.5082,STEERING_ECU,0x14D,RX,OK,4C F5 6C DB 74 CA B3 86
8.51,ENGINE_ECU,0x18D,RX,OK,13 E8 D1 E7 00 76 97 E0
8.513,DASHBOARD,0x19B,TX,OK,72 C0 49 94 1E C9 D1 FC
8.517,DASHBOARD,0x125,TX,TIMEOUT,C2 35 9D BA E8 C2 B8 EA
8.5181,AIRBAG_ECU,0x1DB,RX,TIMEOUT,DF DD 35 FB 95 F7 FD 89
8.5208,STEERING_ECU,0x154,TX,OK,D0 E8 EC 60 10 18 5A 9C
8.5232,AIRBAG_ECU,0x158,TX,OK,7A 11 D8 60 74 0C BF FA
8.5275,DASHBOARD,0x194,TX,OK,70 DB 8F AB 16 51 0C 76
8.5299,STEERING_ECU,0x152,TX,TIMEOUT,B3 27 2D CD 8A 10 3D 17
8.5312,DASHBOARD,0x199,RX,CRC_FAIL,A2 22 E2 C7 FD DE 64 EA
8.5358,ENGINE_ECU,0x1AF,TX,OK,E6 7E 03 BA D5 F1 50 67
8.5377,AIRBAG_ECU,0x131,TX,OK,02 B5 ED 64 39 CC E2 7B
8.54,STEERING_ECU,0x16A,RX,ERROR,36 5D 02 19 03 A5 C9 BF
8.5418,DASHBOARD,0x161,RX,OK,73 D5 53 90 6C B1 A0 8A
8.5433,AIRBAG_ECU,0x157,TX,OK,48 2B BD AB 96 5C E4 58
8.5449,STEERING_ECU,0x13D,TX,OK,E6 36 6C C1 F5 B9 0F B1
8.5465,DASHBOARD,0x12C,TX,OK,26 2D C4 77 D3 97 97 1E
8.5506,ENGINE_ECU,0x1F5,RX,OK,F0 67 0F 25 73 6B 4E 31
8.5524,DASHBOARD,0x16D,TX,OK,88 23 42 21 63 D1 82 EB
8.5536,DASHBOARD,0x172,TX,CRC_FAIL,95 95 7B 89 9E 12 72 C8
8.5575,STEERING_ECU,0x1A3,RX,CRC_FAIL,A8 17 B6 69 EA 67 4B 9D
8.5591,ABS_ECU,0x11D,RX,OK,93 9D EF 14 E2 02 E4 3E
8.5623,AIRBAG_ECU,0x165,RX,OK,32 4B 94 88 83 F8 3B B2
8.5654,ABS_ECU,0x104,RX,OK,E0 DB DC 73 0D DB 7C 3D
8.5688,STEERING_ECU,0x1C1,TX,ERROR,68 57 72 81 BC CF 73 FC
8.5724,STEERING_ECU,0x1FD,TX,OK,36 1C 7D DE 3B 40 46 A2
8.5763,AIRBAG_ECU,0x160,TX,ERROR,11 4A A3 8E AF 57 31 76
8.5809,AIRBAG_ECU,0x17E,TX,OK,43 C6 7D AE 66 F9 16 AA
8.582,DASHBOARD,0x114,TX,OK,10 AB 8E 4D B9 94 2E C1
8.5851,ABS_ECU,0x165,RX,TIMEOUT,14 CD E3 F2 2B B5 76 E8
8.5898,ENGINE_ECU,0x163,TX,OK,54 A3 5B F1 1A 7E B9 52
8.5938,ENGINE_ECU,0x151,RX,OK,5B 00 5A E4 27 CD 90 62
8.5976,ENGINE_ECU,0x185,TX,TIMEOUT,20 43 3C EC 37 22 00 E5
8.6005,ENGINE_ECU,0x1A1,RX,OK,04 B9 85 09 11 49 5D BA
8.6052,ENGINE_ECU,0x1EF,RX,OK,19 BA 07 4B E1 FC 93 59
8.6085,ABS_ECU,0x1FF,TX,OK,BE 1D DE DB 53 5B 1F 75
8.6132,AIRBAG_ECU,0x1C4,TX,CRC_FAIL,87 BF 6C 92 A0 57 D4 B2
8.6161,DASHBOARD,0x195,TX,OK,59 1B 9C F3 F4 4A FF 58
8.6174,AIRBAG_ECU,0x1E0,RX,OK,E0 38 E9 F8 50 32 1B BE
8.6215,DASHBOARD,0x173,RX,OK,DA 04 83 E4 4E 6C 27 BE
8.6257,ABS_ECU,0x155,TX,ERROR,32 31 EB BA C3 82 F2 1D
8.6291,AIRBAG_ECU,0x10F,RX,OK,3E C6 3D 3E 6E 56 7B B1
8.6312,DASHBOARD,0x105,TX,OK,42 CA 3C EE C8 36 80 FC
8.6345,AIRBAG_ECU,0x190,TX,TIMEOUT,D9 B0 E0 EE 90 2C EF E0
8.6365,AIRBAG_ECU,0x1B5,RX,CRC_FAIL,B3 34 A1 F1 AA 71 8B EB
8.6395,ENGINE_ECU,0x19A,TX,TIMEOUT,93 CD 00 5D D6 4F 50 A1
8.6436,STEERING_ECU,0x174,TX,OK,A9 5F A4 B0 AD CF EC 98
8.6474,STEERING_ECU,0x1C6,TX,OK,E1 3F 56 04 1F 84 71 26
8.649,DASHBOARD,0x1CE,TX,OK,57 8E EA 65 6C 33 97 84
8.6503,STEERING_ECU,0x173,RX,OK,DE B0 F6 AE FA D6 75 B4
8.6552,STEERING_ECU,0x1E9,RX,OK,1D D2 9F EF 90 79 EC 32
8.6586,ABS_ECU,0x167,RX,OK,6A 20 1E 2A 54 7D 94 A8
8.6626,DASHBOARD,0x12C,RX,OK,70 E4 99 D2 AF 39 9C A8
8.6652,AIRBAG_ECU,0x1D4,RX,OK,AA 23 C8 25 5F E5 B5 55
8.669,DASHBOARD,0x1AE,RX,OK,3A 2B 67 0F 78 20 33 6D
8.6706,ABS_ECU,0x114,TX,OK,73 B3 6F 84 C4 AB 30 39
8.6751,ABS_ECU,0x1DE,TX,OK,FE 95 75 F1 74 7D E0 27
8.68,DASHBOARD,0x1A0,RX,OK,59 F6 49 06 02 89 1E 40
8.685,DASHBOARD,0x178,RX,OK,FA 69 19 95 54 20 37 C7
8.6872,ABS_ECU,0x124,RX,OK,35 F3 C5 41 FD 05 48 C2
8.6895,STEERING_ECU,0x112,RX,OK,40 B4 31 C2 BF 9F DD 17
8.6928,STEERING_ECU,0x157,RX,OK,13 B0 E1 C2 21 23 E8 58
8.6948,ENGINE_ECU,0x170,TX,ERROR,34 33 2D F6 A0 1A A6 1E
8.6964,STEERING_ECU,0x15D,TX,OK,46 BA 01 B4 0B ED 40 DB
8.6992,DASHBOARD,0x112,TX,TIMEOUT,78 57 D5 8A D4 A7 8D 53
8.7032,ABS_ECU,0x184,TX,OK,7D B3 F8 FD 0B 21 29 B5
8.7044,ENGINE_ECU,0x199,RX,ERROR,BB FF 97 59 C2 5E 76 24
8.7057,ENGINE_ECU,0x185,TX,OK,E2 A8 EE 4C 86 74 DC E4
8.7075,ABS_ECU,0x158,RX,OK,8E C2 4D F5 9A 36 D7 95
8.7107,ENGINE_ECU,0x1C7,TX,OK,3A FD 67 7F ED 69 7F 68
8.7145,AIRBAG_ECU,0x1F7,TX,CRC_FAIL,26 12 E9 64 C8 CD 93 F0
8.7175,DASHBOARD,0x146,RX,OK,F7 70 F5 D0 68 8E 68 26
8.7217,AIRBAG_ECU,0x1B0,TX,OK,1F EA B5 B4 12 AC 31 43
8.7261,DASHBOARD,0x115,TX,OK,58 78 31 2E 8C E2 8C B4
8.7276,ENGINE_ECU,0x1D1,TX,OK,53 F9 3F 36 2B 97 10 DB
8.7287,ABS_ECU,0x1BE,TX,ERROR,08 B9 0F F1 DB 52 41 2B
8.7327,STEERING_ECU,0x12D,RX,OK,01 93 CA E5 36 F2 1F CD
8.7366,DASHBOARD,0x165,TX,ERROR,38 E9 1F 88 24 E7 00 19
8.7414,AIRBAG_ECU,0x16B,RX,OK,AB D6 02 AF C1 41 EE 6D
8.7455,AIRBAG_ECU,0x11A,RX,ERROR,62 2E 45 A8 76 B1 8D B5
8.7476,STEERING_ECU,0x181,RX,OK,4B EC 37 02 9D 2B 43 A7
8.7514,DASHBOARD,0x1DC,TX,ERROR,AC A6 A8 C0 36 A6 43 44
8.7537,DASHBOARD,0x147,TX,OK,B6 2B 23 73 FA 58 1A 48
8.7557,STEERING_ECU,0x19A,TX,OK,DC C9 74 FF FD 29 73 16
8.7593,DASHBOARD,0x1C1,RX,CRC_FAIL,E8 AE A4 44 7F E1 B0 26
8.7626,ABS_ECU,0x1EE,RX,OK,26 60 E1 9C 32 F2 9B A7
8.7641,ABS_ECU,0x195,RX,CRC_FAIL,D5 3A 7C 7E 15 91 B5 EB
8.7669,ENGINE_ECU,0x113,TX,OK,D5 35 58 43 81 E8 42 D8
8.7693,AIRBAG_ECU,0x17B,TX,TIMEOUT,EB 81 81 42 4F B3 3A C2
8.7714,AIRBAG_ECU,0x12B,RX,OK,83 8C DD 29 D2 96 F2 CB
8.7761,AIRBAG_ECU,0x195,RX,OK,8F 60 E3 4A 86 64 EF 9C
8.7779,ENGINE_ECU,0x14D,RX,OK,43 4A 24 A8 F4 8C 53 29
8.7814,STEERING_ECU,0x15D,RX,OK,87 3C 0D 91 BF 48 16 13
8.7856,DASHBOARD,0x1C6,RX,OK,9F B8 82 8C BC 25 A8 BF
8.7888,STEERING_ECU,0x163,RX,TIMEOUT,0F 23 A5 90 23 78 EC 72
8.7928,DASHBOARD,0x197,RX,OK,5A B8 20 3F B3 53 F1 80
8.7973,DASHBOARD,0x18E,RX,OK,E7 DF FB C4 7A 30 07 78
8.8001,DASHBOARD,0x168,TX,OK,0E 18 41 4E 1E A5 D0 19
8.802,AIRBAG_ECU,0x195,RX,OK,B5 FA B1 4E 45 86 E0 B6
8.8067,DASHBOARD,0x138,RX,OK,08 D1 46 1D 46 AA 71 A9
8.8111,ENGINE_ECU,0x130,TX,OK,10 C1 86 37 50 5D 62 35
8.8152,ABS_ECU,0x1EF,TX,OK,DB E2 1C 80 03 73 13 14
8.8188,STEERING_ECU,0x131,TX,CRC_FAIL,06 64 8F A5 FD 95 3A 0F
8.8207,AIRBAG_ECU,0x187,RX,OK,81 49 56 04 74 03 80 8B
8.8243,AIRBAG_ECU,0x1E3,TX,ERROR,37 E7 77 43 F2 39 71 8B
8.8259,ENGINE_ECU,0x112,TX,OK,36 67 89 4A 92 48 43 ED
8.83,DASHBOARD,0x1A1,RX,ERROR,EE ED 41 CF 67 4D BB 52
8.832,DASHBOARD,0x1BC,TX,CRC_FAIL,CC 7F 52 04 8D 0F 1A C6
8.8349,AIRBAG_ECU,0x11E,TX,ERROR,9A C6 FD 00 38 72 5C 53
8.8377,DASHBOARD,0x1D6,TX,OK,93 90 20 F5 95 CA 25 6A
8.8421,DASHBOARD,0x1BD,TX,OK,9C 12 AD D4 49 ED 8C 3E
8.846,ABS_ECU,0x10C,TX,OK,81 AE A7 FD F3 30 CA 39
8.8497,ABS_ECU,0x1A1,RX,TIMEOUT,1D 88 50 69 3A C2 72 7B
8.8514,AIRBAG_ECU,0x118,RX,OK,22 3E 74 5A 6D 39 C7 86
8.8558,STEERING_ECU,0x1C8,RX,OK,B0 D1 45 F1 72 E3 37 E6
8.8583,AIRBAG_ECU,0x12A,RX,OK,6E 79 9A 3C DA AC B2 79
8.8621,DASHBOARD,0x149,TX,OK,AA 25 90 68 17 56 E0 EC
8.8639,STEERING_ECU,0x1E9,TX,OK,65 B1 58 31 77 74 9B B6
8.8668,ABS_ECU,0x14C,RX,OK,7F 7F 82 86 4D 3A EB 80
8.8706,DASHBOARD,0x1BC,TX,OK,A6 6D E5 DE 02 73 C6 12
8.8741,ENGINE_ECU,0x112,RX,OK,06 2D 12 0D 7C C7 DB DC
8.8764,ABS_ECU,0x148,RX,OK,CF 3D 96 1F C4 8B 94 7F
8.8811,STEERING_ECU,0x1C9,RX,TIMEOUT,0A E9 E5 D6 A4 2D 5E AF
8.8824,STEERING_ECU,0x1C8,RX,OK,EA E8 F3 D4 91 7A 76 1E
8.887,ABS_ECU,0x11A,TX,OK,56 11 98 F3 70 01 5C C4
8.8899,AIRBAG_ECU,0x11E,TX,OK,63 09 73 64 AA F0 7E 3E
8.8931,STEERING_ECU,0x1BA,RX,ERROR,73 53 BE C4 19 99 B7 87
8.8964,STEERING_ECU,0x18B,TX,TIMEOUT,0B 69 D2 FB FA 4F 0E 61
8.8991,AIRBAG_ECU,0x145,RX,OK,A3 5D AC 52 0A 92 74 58
8.9014,DASHBOARD,0x128,TX,ERROR,E4 25 67 EB 91 20 44 4D
8.9062,DASHBOARD,0x171,RX,OK,C7 10 6B 4A 04 AD 71 EC
8.9094,AIRBAG_ECU,0x1CE,TX,OK,83 22 B6 F6 08 B0 2A 57
8.9138,ENGINE_ECU,0x1B7,RX,CRC_FAIL,D4 B2 2F FC 63 FC 34 9C
8.9184,STEERING_ECU,0x17B,TX,OK,0A 61 FD 96 4F 42 00 1E
8.9204,DASHBOARD,0x1DE,RX,OK,7C 72 88 D7 DF 6B 64 AB
8.9214,AIRBAG_ECU,0x1C8,RX,OK,79 FD EE 32 92 13 9A 39
8.9262,AIRBAG_ECU,0x10A,TX,CRC_FAIL,B2 C2 2F B1 E7 6F 70 C1
8.9275,AIRBAG_ECU,0x195,RX,OK,85 C6 A7 72 A0 4E 71 99
8.93,ENGINE_ECU,0x150,TX,OK,1B BE 39 9C 86 93 2F 60
8.9324,DASHBOARD,0x18E,RX,OK,5C C2 5E 6F FD 1B 36 19
8.9361,ABS_ECU,0x186,TX,OK,8D 27 85 A2 81 E9 BF EA
8.9394,DASHBOARD,0x103,TX,OK,62 04 78 24 D3 65 1F B5
8.9428,STEERING_ECU,0x1A9,RX,CRC_FAIL,E6 0F 83 55 4C 7C C8 7F
8.9449,DASHBOARD,0x1BC,TX,OK,42 23 18 2B 16 8F 88 AA
8.9464,ABS_ECU,0x19C,RX,OK,F7 E9 B0 C4 5B 92 62 06
8.9514,DASHBOARD,0x1B0,RX,OK,55 BD 77 2E AC 3A A4 AC
8.9535,AIRBAG_ECU,0x1CC,TX,ERROR,7E F6 B5 8D 0B 29 04 C4
8.9555,ABS_ECU,0x188,TX,OK,7F 6A 5A 7E DD A5 80 DF
8.9587,ABS_ECU,0x115,RX,OK,A2 13 80 76 75 F4 BD 9C
8.9631,AIRBAG_ECU,0x1D5,RX,OK,88 D1 A0 AE FC 83 85 9E
8.9663,ENGINE_ECU,0x1D0,RX,TIMEOUT,D8 BF 62 63 3D 99 C9 FD
8.9691,DASHBOARD,0x1AB,TX,OK,A3 F8 6F 7E 6D 03 0F 9E
8.9724,ABS_ECU,0x136,RX,OK,64 3D 22 19 01 AA 54 55
8.9735,AIRBAG_ECU,0x131,TX,OK,B1 7D 38 4D BF 4E 9D DC
8.9751,AIRBAG_ECU,0x101,RX,OK,87 2A 13 6B C2 B1 DA B0
8.9788,DASHBOARD,0x100,RX,OK,37 AC 6A 5D 13 CE BD 23
8.9827,DASHBOARD,0x106,TX,OK,2A 68 43 DD DF 70 DF 79
8.9873,ENGINE_ECU,0x1B4,TX,TIMEOUT,E5 0F 0B 92 92 7B 4F CD
8.9896,STEERING_ECU,0x162,RX,ERROR,87 95 F0 C9 5D AE 81 54
8.9911,STEERING_ECU,0x11D,RX,ERROR,EC 2A 14 00 F9 C8 37 CB
8.9946,ABS_ECU,0x1D7,TX,OK,08 82 F7 97 8A 29 DE 56
8.999,DASHBOARD,0x1DE,RX,TIMEOUT,2B FF 2A F5 4A F7 51 C7
9.0011,AIRBAG_ECU,0x180,TX,OK,A2 16 EA 8A A3 8F BE DB
9.0046,ABS_ECU,0x161,RX,OK,C8 52 C0 B5 85 E8 70 5E
9.0083,STEERING_ECU,0x15D,TX,OK,35 80 78 42 79 5E 54 D1
9.0097,DASHBOARD,0x103,TX,OK,7A 33 B2 F3 CB AA 8B EE
9.0137,AIRBAG_ECU,0x19B,RX,OK,CE 91 D5 64 E2 D4 5E 54
9.0173,STEERING_ECU,0x17E,RX,OK,66 38 96 4F 54 46 00 CB
9.0211,ABS_ECU,0x127,TX,OK,28 D2 AA BF D1 D3 FB 13
9.0224,ABS_ECU,0x153,TX,OK,EA 0A B4 55 65 61 99 A6
9.0246,ABS_ECU,0x11F,RX,OK,02 34 EE A6 40 FF DF 2E
9.0293,ABS_ECU,0x1A7,RX,OK,E9 9E 60 E5 10 33 E9 21
9.0308,DASHBOARD,0x103,TX,OK,45 97 B7 AA 8B A1 D3 E5
9.0355,ENGINE_ECU,0x1DD,TX,OK,0A 16 D4 A9 15 6A F9 EC
9.0385,ABS_ECU,0x102,RX,OK,A0 EA 2C 3D 7B ED FF F0
9.0425,AIRBAG_ECU,0x107,RX,CRC_FAIL,1C B0 28 3F 2D 46 41 0B
9.0464,DASHBOARD,0x191,RX,OK,10 1A 21 06 9B AD 7D 93
9.0512,STEERING_ECU,0x19B,TX,ERROR,3B 63 94 51 6C A0 75 E1
9.0539,ENGINE_ECU,0x1DF,TX,OK,03 1B D8 FE B8 BD AF CD
9.0563,ENGINE_ECU,0x1C2,TX,OK,38 14 D5 D2 62 7A DF F5
9.0605,STEERING_ECU,0x1D1,TX,OK,B7 AB 59 22 BC 26 8B 7F
9.0623,AIRBAG_ECU,0x149,TX,ERROR,3E A4 AB 9F 3F B7 5C FA
9.064,AIRBAG_ECU,0x13B,TX,CRC_FAIL,E0 F4 90 74 BC E3 6D 40
9.0666,ABS_ECU,0x18C,TX,OK,C4 87 7E 80 4C AC E3 B1
9.0687,STEERING_ECU,0x111,TX,OK,0E DD F6 37 68 7B 1C 34
9.072,DASHBOARD,0x118,TX,OK,87 CA 31 58 99 5B 51 EB
9.0758,ENGINE_ECU,0x18A,RX,CRC_FAIL,C4 91 37 3A 4A 96 E2 B3
9.0789,ENGINE_ECU,0x1B7,RX,TIMEOUT,5C 1C 2E E1 FE 5D 07 31
9.083,STEERING_ECU,0x1E7,RX,CRC_FAIL,0F BE 12 C9 09 7C 3A AD
9.0851,ABS_ECU,0x1A2,TX,OK,1E 02 C5 01 0E D1 B4 53
9.0865,STEERING_ECU,0x164,RX,OK,F5 4B B3 8C 98 D2 5E D2
9.0896,STEERING_ECU,0x11E,RX,OK,92 BD C6 DB 80 AA 53 9F
9.093,DASHBOARD,0x1AC,RX,TIMEOUT,1E 33 16 90 3F 25 CF 5F
9.0978,ABS_ECU,0x15B,RX,OK,60 FD D8 61 0C 7D 26 64
9.1001,AIRBAG_ECU,0x19F,RX,OK,F9 45 BC 63 3A ED 6C 22
9.1023,DASHBOARD,0x16E,TX,ERROR,BF 9B 0F 3A 89 43 81 8A
9.1049,DASHBOARD,0x1D3,TX,OK,83 9C 55 1C 8E 33 43 CE
9.1064,AIRBAG_ECU,0x1F9,RX,ERROR,C4 82 88 EF 89 7C 21 67
9.1075,DASHBOARD,0x10A,TX,TIMEOUT,C0 F5 D8 23 27 3E 63 07
9.1122,AIRBAG_ECU,0x103,TX,OK,3C 32 23 CC 02 BB 81 C8
9.1164,DASHBOARD,0x1F5,RX,OK,EB FA A7 02 B0 B6 F4 9F
9.1201,DASHBOARD,0x1F9,TX,OK,6F 22 74 30 68 F7 4E 85
9.1239,ABS_ECU,0x19D,TX,OK,52 E8 4A 05 F3 8B 5A 7A
9.125,STEERING_ECU,0x1CD,RX,OK,FA 52 2B 20 B5 4D 52 28
9.1283,DASHBOARD,0x11B,RX,OK,6D 34 CF 47 BE 1E 13 AE
9.1303,ENGINE_ECU,0x1DE,TX,OK,12 96 A9 03 E8 67 58 40
9.1348,DASHBOARD,0x1C3,RX,OK,CB 75 8E 0B 65 58 04 53
9.1372,STEERING_ECU,0x1C0,TX,OK,77 91 A7 D7 22 D3 B2 58
9.142,STEERING_ECU,0x10F,RX,OK,F1 9E 39 AC 68 85 74 F2
9.145,DASHBOARD,0x153,RX,TIMEOUT,42 2F 70 CC 44 13 D6 A8
9.1492,DASHBOARD,0x1A6,RX,CRC_FAIL,0D B0 22 DE 9C 32 CC CB
9.1522,ENGINE_ECU,0x107,RX,OK,D4 0B 8E 6A 10 E3 D2 0F
9.1548,STEERING_ECU,0x19C,TX,ERROR,B0 F3 CD 63 CB DB 04 42
9.1559,ENGINE_ECU,0x1FA,TX,OK,D2 EA 57 4D 75 EF E9 2E
9.1598,DASHBOARD,0x139,TX,OK,76 2B CD EA 55 45 97 C7
9.1617,ABS_ECU,0x13C,RX,OK,A1 0C 52 E1 96 C8 68 FB
9.1647,STEERING_ECU,0x1A4,TX,OK,98 80 89 90 A3 90 CD E2
9.1668,DASHBOARD,0x1FF,TX,OK,9C 40 9A FA 45 B2 40 EB
9.1686,DASHBOARD,0x117,TX,OK,2A 31 C1 B0 06 3B 28 66
9.1732,ENGINE_ECU,0x188,RX,OK,D4 32 CA 98 3E F9 03 31
9.1755,AIRBAG_ECU,0x16C,RX,OK,BC 9E 91 D7 A7 08 3B 74
9.1795,ABS_ECU,0x1B1,RX,ERROR,14 AE 8C F3 9B BE E0 98
9.1821,ABS_ECU,0x126,TX,OK,13 A0 63 21 62 E2 90 8C
9.1851,STEERING_ECU,0x1E4,RX,OK,1F 50 5F B2 40 60 90 BC
9.1866,ABS_ECU,0x102,RX,OK,EC C0 8B D7 8B 94 E7 D8
9.1915,ENGINE_ECU,0x1E3,RX,OK,4F 35 86 07 C2 2B F7 C2
9.1944,AIRBAG_ECU,0x17C,TX,CRC_FAIL,08 84 0F D6 67 54 53 D4
9.1994,AIRBAG_ECU,0x152,TX,OK,81 57 E0 2B 2D E3 EF 0D
9.2043,ENGINE_ECU,0x12B,TX,OK,28 E5 74 D3 59 EE DE 5D
9.209,ENGINE_ECU,0x1C5,RX,OK,47 22 DF EA C9 E2 D6 50
9.2119,ENGINE_ECU,0x15C,RX,TIMEOUT,86 D7 BD B2 4A DC C3 81
9.2158,AIRBAG_ECU,0x1A2,TX,OK,F5 3C A6 AC 1D 16 CB 7C
9.2171,STEERING_ECU,0x1DA,RX,OK,BA 04 DC 88 82 5B DD 8E
9.2214,DASHBOARD,0x1EF,RX,OK,AA E4 06 B0 D3 3E 99 B7
9.2228,ABS_ECU,0x11D,RX,OK,38 87 87 04 AA 6A CB 8A
9.226,ENGINE_ECU,0x123,TX,OK,71 70 C2 07 9E 70 A0 23
9.2306,ENGINE_ECU,0x16C,RX,TIMEOUT,6E 02 1B 3A EC B2 B1 27
9.2352,STEERING_ECU,0x101,TX,OK,11 87 46 6C 3C F2 4C 3D
9.2379,ENGINE_ECU,0x10E,RX,OK,79 F2 E2 69 7D CA 90 32
9.2404,ABS_ECU,0x1B3,TX,TIMEOUT,4B BF D1 67 A6 77 66 2D
9.2417,ENGINE_ECU,0x1DE,RX,CRC_FAIL,2B 57 21 BB 14 B2 74 E2
9.2453,STEERING_ECU,0x167,RX,OK,6E AE 96 17 F0 FE 70 4D
9.247,AIRBAG_ECU,0x171,TX,OK,66 92 16 19 C1 3C 5C BD
9.2507,DASHBOARD,0x13B,RX,OK,02 5D C8 F1 0D DF 67 2C
9.254,AIRBAG_ECU,0x195,RX,OK,5D A3 10 AD 3E AF D2 C9
9.2586,DASHBOARD,0x15C,RX,OK,C4 31 A6 B2 0F FB 3B 2F
9.2597,AIRBAG_ECU,0x1D9,TX,OK,E6 97 27 A5 C3 1B ED C5
9.2609,ENGINE_ECU,0x104,RX,OK,7B 13 DF 6A 68 43 17 82
9.2658,STEERING_ECU,0x1BE,TX,CRC_FAIL,C0 72 66 6F 60 D4 99 B4
9.2691,DASHBOARD,0x147,RX,OK,0C 79 28 A1 11 22 50 F5
9.2734,ENGINE_ECU,0x1E1,TX,CRC_FAIL,65 E4 22 B7 4F 26 ED 49
9.2775,STEERING_ECU,0x175,TX,OK,FB C9 8B 06 44 FB 5A 3F
9.2814,ABS_ECU,0x182,RX,OK,05 EF 8E 35 87 D0 7A 92
9.2826,ENGINE_ECU,0x1C9,RX,OK,C8 C9 D4 57 72 F4 5D 90
9.2845,ABS_ECU,0x105,RX,OK,1A 0F 08 DA 72 DE B1 7D
9.2892,STEERING_ECU,0x150,TX,OK,ED 8A 8E 11 0E 4E 24 28
9.2929,ABS_ECU,0x1D9,RX,OK,AD D5 F8 EF 3E F0 A2 62
9.2959,ABS_ECU,0x1B1,RX,OK,44 AD 4B 5B 73 AF 4F 6E
9.299,STEERING_ECU,0x1B9,TX,CRC_FAIL,E9 72 3F 8D E0 FE 0E FF
9.3039,ABS_ECU,0x1FB,RX,OK,2D C2 73 9B CA DD 30 A2
9.3054,ABS_ECU,0x164,RX,OK,30 55 B5 FB 16 8F EB D6
9.3099,DASHBOARD,0x17F,RX,OK,B3 C5 11 FB F3 52 A9 AF
9.313,ENGINE_ECU,0x15D,RX,CRC_FAIL,02 94 DE 3A DB 69 EC FF
9.3143,ENGINE_ECU,0x1D5,RX,OK,FC 81 81 C0 3D CF BD 99
9.316,ENGINE_ECU,0x1F0,RX,OK,77 C8 59 63 EA B5 03 AB
9.3172,ENGINE_ECU,0x1A8,TX,OK,06 3C F4 0C 44 E9 F3 91
9.3188,ENGINE_ECU,0x1DF,TX,OK,BD C9 42 F7 80 60 9D 4A
9.3211,STEERING_ECU,0x1C1,RX,ERROR,AD 8C B4 BF D0 2A 1C 91
9.3226,ENGINE_ECU,0x11C,RX,OK,D8 01 C6 0C B1 F7 D6 FA
9.3272,ABS_ECU,0x108,RX,OK,32 E8 B6 E5 D5 A4 6E C5
9.3315,ENGINE_ECU,0x14C,TX,OK,91 AE 19 DC DD 6D 1F 81
9.3349,ENGINE_ECU,0x164,TX,OK,65 93 28 DE 76 3F 7B A4
9.3382,ABS_ECU,0x12E,TX,OK,57 17 4E A7 1F 20 75 EF
9.3421,DASHBOARD,0x106,TX,TIMEOUT,40 7E 63 4D AD 23 AE B8
9.3459,STEERING_ECU,0x1B0,RX,OK,AF 55 DF 6F 4D E2 27 38
9.3502,AIRBAG_ECU,0x1E2,RX,OK,5C 48 5F 1D D9 10 45 9C
9.3542,ABS_ECU,0x125,TX,TIMEOUT,D1 70 78 46 A5 91 38 53
9.3577,ABS_ECU,0x139,RX,OK,84 E2 CA 1B 3B 68 C3 0E
9.3605,ABS_ECU,0x13B,TX,OK,E3 AD B0 21 C5 9F 3C 95
9.3639,AIRBAG_ECU,0x148,RX,OK,8C 24 45 A6 B6 79 4E 57
9.3674,AIRBAG_ECU,0x1DC,TX,OK,A3 FC 01 14 5B 96 F1 13
9.3687,STEERING_ECU,0x16D,TX,ERROR,96 86 5B 33 19 92 55 30
9.3702,ABS_ECU,0x174,RX,TIMEOUT,03 84 7B 5F 01 BC 17 8C
9.3724,ENGINE_ECU,0x115,RX,OK,D8 1A 47 9E 01 B1 84 6B
9.3749,ABS_ECU,0x13E,RX,OK,42 93 70 1F C8 B9 C7 56
9.3759,AIRBAG_ECU,0x17B,RX,OK,5C 5D 51 D5 44 EC 2A 29
9.3773,DASHBOARD,0x168,TX,CRC_FAIL,EB AE 08 88 15 50 A4 68
9.3814,ENGINE_ECU,0x19A,RX,CRC_FAIL,8F 53 C5 F8 6F 0A 14 F4
9.3838,ABS_ECU,0x13D,RX,ERROR,4B 59 9C B7 AC 51 D7 73
9.3887,STEERING_ECU,0x1D6,TX,OK,B2 42 B6 05 7D 98 B3 A9
9.3915,ENGINE_ECU,0x117,TX,OK,A8 C4 A8 55 BE 2A 75 1F
9.3938,STEERING_ECU,0x197,RX,OK,02 1E F1 C3 7C 55 03 B1
9.3957,STEERING_ECU,0x100,RX,OK,39 32 10 DC 56 72 DC 6E
9.3981,ABS_ECU,0x1B4,TX,OK,C1 24 CF F0 60 6F F8 2B
9.4029,ENGINE_ECU,0x136,RX,OK,EE D1 66 9F A0 D0 FC AE
9.406,STEERING_ECU,0x16F,RX,OK,85 C5 2D 63 4B A2 FF 15
9.4105,ENGINE_ECU,0x132,RX,OK,79 02 CC 13 79 5A A9 76
9.4131,DASHBOARD,0x1AE,RX,OK,34 E3 39 B5 6D EC A7 37
9.4166,AIRBAG_ECU,0x1AB,TX,OK,88 3B 2E 94 C9 C5 7A 0E
9.4186,AIRBAG_ECU,0x18C,RX,OK,F6 D8 CA 83 25 45 91 67
9.4222,ENGINE_ECU,0x1CD,RX,OK,4C DA E6 F6 A6 39 02 B3
9.4271,DASHBOARD,0x18B,TX,OK,C0 40 42 21 60 BF F4 1A
9.4286,AIRBAG_ECU,0x1EB,RX,OK,EB 2C A0 65 6F B5 6B BC
9.4309,DASHBOARD,0x16C,RX,TIMEOUT,A1 D1 7A 0E E9 66 97 15
9.4322,AIRBAG_ECU,0x14A,RX,OK,18 5E 28 C3 45 E9 80 CC
9.4363,DASHBOARD,0x159,TX,OK,20 9C 02 C3 26 B8 F7 72
9.4375,AIRBAG_ECU,0x19B,RX,OK,83 C7 16 4C 87 11 2D F4
9.4425,AIRBAG_ECU,0x1A7,RX,OK,57 2D 5E 9E AB 2D 0E 03
9.4462,ABS_ECU,0x11C,TX,ERROR,36 15 1C CE 73 07 31 44
9.4481,AIRBAG_ECU,0x1BA,TX,TIMEOUT,1E D0 EF C6 83 7C 0B F0
9.4519,STEERING_ECU,0x1E5,TX,OK,12 92 43 22 66 C1 2D 5B
9.4529,DASHBOARD,0x15A,TX,OK,C6 EE 12 29 3C 3B E1 18
9.4545,DASHBOARD,0x122,TX,ERROR,35 80 DF B8 E2 EC EC 73
9.4564,DASHBOARD,0x14B,RX,TIMEOUT,EE 6B 2D 8A DF D7 2F EB
9.4609,ENGINE_ECU,0x1E0,RX,OK,54 FE 27 91 15 DE CD 45
9.4652,ABS_ECU,0x1DE,RX,TIMEOUT,5F CB EA 5E 75 93 FA E9
9.4687,DASHBOARD,0x158,RX,OK,8E 3A 74 13 DE 5B 39 61
9.4724,ABS_ECU,0x170,TX,OK,2E 1A A7 2D 34 80 5F FE
9.4762,AIRBAG_ECU,0x135,RX,TIMEOUT,20 49 0E B8 3F 1C D7 FF
9.4791,ABS_ECU,0x146,TX,ERROR,85 1B 12 B2 AB BA DC 56
9.4822,ENGINE_ECU,0x128,TX,OK,2F 19 57 71 D8 58 06 90
9.4847,ABS_ECU,0x1BB,RX,OK,6F 0B D3 81 90 25 C1 19
9.487,AIRBAG_ECU,0x116,RX,OK,47 94 34 C4 CE 99 B8 44
9.4896,DASHBOARD,0x17F,TX,TIMEOUT,33 12 0E 41 6B E7 DC 54
9.4932,AIRBAG_ECU,0x19A,TX,OK,32 A2 05 70 08 4F A8 CD
9.4982,AIRBAG_ECU,0x1BC,TX,OK,55 E3 4D E0 D7 CD A9 AC
9.5017,ENGINE_ECU,0x15A,TX,OK,53 1F B6 55 EE 6F E4 73
9.5038,DASHBOARD,0x142,TX,OK,5A B5 61 DB CF 85 A1 BB
9.5081,DASHBOARD,0x1FC,RX,OK,51 51 DC 5F 69 9F 11 F1
9.5114,ENGINE_ECU,0x18C,RX,OK,47 4C DC A1 60 AC 2F DD
9.515,ENGINE_ECU,0x124,RX,ERROR,CE 27 4D E9 69 98 3E 7C
9.517,ENGINE_ECU,0x19B,TX,CRC_FAIL,FD 05 83 0C F3 A7 9F 09
9.5199,ABS_ECU,0x1E7,TX,OK,27 7D 1A A4 85 17 94 9E
9.5212,STEERING_ECU,0x180,TX,OK,EF CE 39 C6 F7 54 92 92
9.5228,AIRBAG_ECU,0x1E6,RX,OK,F8 15 77 0E A1 FB 7F 82
9.5268,ENGINE_ECU,0x1B9,TX,OK,2D DE BC A5 A2 A2 AE FC
9.5288,DASHBOARD,0x1F7,TX,OK,99 6E E6 F6 C5 E6 D4 33
9.531,AIRBAG_ECU,0x11C,TX,OK,A6 9E AC 09 DB B3 88 AB
9.5336,STEERING_ECU,0x1D1,RX,CRC_FAIL,0F 65 E8 57 74 18 D8 C7
9.5383,AIRBAG_ECU,0x1D4,RX,OK,EA F8 90 55 BC B5 3A 07
9.5417,AIRBAG_ECU,0x1AA,TX,OK,A4 84 0C EB 01 01 1E 80
9.5451,DASHBOARD,0x1E7,RX,OK,B3 D4 4E 4F 1D 32 9C 18
9.5477,DASHBOARD,0x1E5,TX,OK,7C 92 07 FD 99 2B A8 DA
9.5501,STEERING_ECU,0x19B,TX,OK,AF 58 BC F9 EA 37 02 DD
9.5529,DASHBOARD,0x136,TX,OK,43 17 4B 35 63 9F E7 D9
9.5551,ENGINE_ECU,0x194,RX,OK,3A B0 34 4E F3 D5 06 66
9.5574,STEERING_ECU,0x1FD,TX,OK,B4 4E A3 8C 57 FA FE F9
9.5608,ENGINE_ECU,0x10F,RX,OK,0E 64 79 9C B5 87 D4 DA
9.565,DASHBOARD,0x1A6,RX,OK,E9 C6 3E FF CA 76 E8 9E
9.5686,ENGINE_ECU,0x134,RX,OK,FD 36 E9 F3 16 5E FB 52
9.5697,STEERING_ECU,0x1B9,TX,OK,71 2C 00 BF B8 94 52 AD
9.5719,DASHBOARD,0x149,RX,OK,7C 2B 71 09 0B 7E 3F A4
9.5754,ENGINE_ECU,0x1AC,RX,ERROR,17 3A 20 16 3A 24 28 A3
9.579,STEERING_ECU,0x1F5,TX,OK,5F 02 32 84 76 CB 23 8E
9.5824,ENGINE_ECU,0x1C8,TX,OK,41 78 22 08 F1 4E C3 1A
9.5838,ENGINE_ECU,0x176,RX,OK,FE AA C8 AD 61 9C A0 DC
9.5877,STEERING_ECU,0x1A6,TX,OK,55 D8 91 96 81 8E CA CA
9.5901,DASHBOARD,0x1D1,RX,OK,2E E9 FC 4C 95 1E B5 81
9.5915,ABS_ECU,0x129,RX,CRC_FAIL,4F D5 8E FA C3 B8 38 DE
9.5942,AIRBAG_ECU,0x1B0,RX,ERROR,06 7E 6A 9C 3F E2 29 41
9.5971,AIRBAG_ECU,0x11D,RX,OK,60 47 5E 51 50 D5 FB D4
9.5998,ABS_ECU,0x100,TX,CRC_FAIL,C8 E1 28 0F 2D 96 22 0E
9.6014,ABS_ECU,0x117,RX,TIMEOUT,DC 78 45 65 1F B9 99 92
9.6051,AIRBAG_ECU,0x1BD,RX,OK,C0 64 E4 90 8D 5A 53 A5
9.6088,ABS_ECU,0x122,TX,OK,63 1C 2E 1C E8 27 F9 5B
9.6137,DASHBOARD,0x123,RX,CRC_FAIL,3E EF 76 D2 32 87 63 06
9.6163,ABS_ECU,0x1E9,RX,OK,C8 A1 35 33 49 56 3C A0
9.6209,ABS_ECU,0x13B,TX,OK,88 43 0D 71 2C F3 82 19
9.6241,AIRBAG_ECU,0x1B2,RX,OK,AA AC F2 6A 8C 0C 7C 6B
9.628,DASHBOARD,0x15E,RX,OK,A4 B6 D4 82 AE 36 2F 33
9.6317,ABS_ECU,0x1A1,TX,OK,CB 05 FD 3F E3 51 86 48
9.6334,ENGINE_ECU,0x1C3,TX,OK,C6 43 00 0C E3 DD 55 63
9.6346,AIRBAG_ECU,0x196,RX,ERROR,AC 66 91 03 BF 81 FD EB
9.6374,STEERING_ECU,0x1B5,TX,OK,A5 50 35 28 79 2C 87 95
9.6409,ENGINE_ECU,0x11D,RX,OK,B6 4F 67 D3 56 DA E9 94
9.6452,ENGINE_ECU,0x1D8,RX,TIMEOUT,D0 FF 47 87 4F 94 18 8E
9.6485,STEERING_ECU,0x1EB,TX,OK,BF B8 4E 33 8D 78 77 56
9.653,STEERING_ECU,0x19B,RX,OK,C5 8D 95 79 E2 C5 16 85
9.6557,STEERING_ECU,0x1B8,TX,TIMEOUT,80 35 7C 0B 56 87 2B 09
9.6568,DASHBOARD,0x10C,TX,TIMEOUT,EF ED C2 0E 06 3C 60 C5
9.6592,ENGINE_ECU,0x1D9,TX,OK,C4 08 EC FA 5E 7A 2C A3
9.6615,ABS_ECU,0x1D9,TX,OK,6B 2B 30 56 B7 97 9E BB
9.6646,AIRBAG_ECU,0x16A,TX,OK,52 42 13 6C 09 F0 06 10
9.6683,DASHBOARD,0x1CD,RX,CRC_FAIL,A4 41 03 7B 80 53 D4 0F
9.6709,ABS_ECU,0x175,TX,OK,F2 02 24 2E 8A 50 4D 6C
9.6758,ENGINE_ECU,0x134,RX,OK,92 AA 69 05 D7 EC D3 8F
9.6771,DASHBOARD,0x116,RX,OK,6D 2F A4 F0 3F 63 51 D5
9.6796,AIRBAG_ECU,0x1C4,RX,CRC_FAIL,B0 25 85 17 A3 FB AA 9A
9.6812,ENGINE_ECU,0x147,RX,OK,2F F1 02 E3 31 23 09 F8
9.6833,AIRBAG_ECU,0x1E8,RX,OK,73 BE 1E 05 34 DB 69 BB
9.6856,ABS_ECU,0x118,RX,OK,A9 ED 20 B4 1C 12 3B CB
9.6867,AIRBAG_ECU,0x17C,RX,CRC_FAIL,41 A9 96 7B D3 B2 20 41
9.6902,DASHBOARD,0x121,RX,OK,7B F0 13 84 66 71 C8 56
9.695,DASHBOARD,0x18E,RX,OK,56 22 1F 23 86 DF 00 9C
9.6977,DASHBOARD,0x1A0,RX,OK,EF C1 5F 24 FE 62 E9 DC
9.7013,ENGINE_ECU,0x164,RX,OK,B1 82 C8 73 1F 46 DE C6
9.7024,AIRBAG_ECU,0x118,TX,ERROR,F7 09 7E 87 CB A9 12 96
9.7043,STEERING_ECU,0x1B0,TX,OK,CA 18 5C F4 FA 4D A6 61
9.707,ABS_ECU,0x1F3,TX,OK,8E 3F 90 8D 6C 58 3D 6F
9.7089,STEERING_ECU,0x135,TX,OK,EE 06 9C F8 DB 95 E6 14
9.7125,STEERING_ECU,0x18D,RX,OK,C0 AF B8 ED FC 48 FE DC
9.7138,AIRBAG_ECU,0x114,TX,OK,78 7F 5A 5A 39 27 39 0C
9.7166,AIRBAG_ECU,0x19A,RX,TIMEOUT,78 90 87 BA 8A 30 7E 59
9.7205,ABS_ECU,0x11B,RX,OK,77 9B 3A B7 CA 6E 1A F7
9.7245,ABS_ECU,0x11A,RX,OK,C7 7F 27 A1 E6 BC F0 CD
9.7266,AIRBAG_ECU,0x10A,RX,OK,DB 40 51 87 AA 0D DD 6F
9.7281,AIRBAG_ECU,0x16C,TX,OK,CA F6 AC 60 64 84 AF A9
9.7315,STEERING_ECU,0x1E3,TX,OK,76 E0 2B BC 17 70 C7 09
9.7357,AIRBAG_ECU,0x147,TX,OK,1F 82 56 64 17 E9 E5 65
9.7389,STEERING_ECU,0x1ED,RX,CRC_FAIL,A4 8E 53 8B 84 83 92 82
9.7437,STEERING_ECU,0x16E,TX,OK,D4 0D 12 1B 04 1C 2C E9
9.7456,ENGINE_ECU,0x15E,TX,OK,74 58 BD 6D D6 97 DA 20
9.7478,AIRBAG_ECU,0x120,TX,OK,F0 55 E9 CC 25 65 31 AD
9.7489,AIRBAG_ECU,0x147,RX,OK,78 7A 4A 37 E4 84 C0 28
9.7517,AIRBAG_ECU,0x17A,RX,OK,55 25 25 3E F5 7D AB F2
9.7564,AIRBAG_ECU,0x178,RX,OK,72 B4 A1 AA 97 43 F5 37
9.7611,STEERING_ECU,0x179,RX,OK,03 DB DD 1A 6B 1A CD E3
9.7626,STEERING_ECU,0x1A8,TX,OK,72 66 DC 33 24 6A 63 2C
9.7663,ABS_ECU,0x159,TX,ERROR,15 E8 BF E3 1F 04 A5 F8
9.7707,ENGINE_ECU,0x176,RX,OK,F2 C3 CF 96 6A 2F EB 7D
9.7718,DASHBOARD,0x1C5,TX,ERROR,09 82 C3 9C 7B 19 E5 10
9.7735,DASHBOARD,0x162,RX,TIMEOUT,EC 60 64 6D C6 02 CE 8A
9.7783,STEERING_ECU,0x1CD,RX,OK,E8 33 F1 B5 09 92 4A 14
9.7797,ABS_ECU,0x1FD,TX,CRC_FAIL,FE 90 BB 43 DC 11 41 86
9.781,STEERING_ECU,0x122,TX,CRC_FAIL,8D E9 6E B9 B1 ED EB B9
9.7844,DASHBOARD,0x168,TX,CRC_FAIL,D5 5E E5 2C 0E 32 3D 44
9.7876,ENGINE_ECU,0x1B2,RX,OK,DE 02 CB 5D 1C 23 27 B5
9.7895,AIRBAG_ECU,0x1DD,TX,ERROR,E8 1F 48 A0 B2 D5 79 74
9.7923,ABS_ECU,0x119,RX,TIMEOUT,A2 31 92 41 75 9A 6F B0
9.7945,DASHBOARD,0x151,RX,OK,C2 2C E3 5A AE 1E 5B 60
9.7962,ABS_ECU,0x1BE,RX,CRC_FAIL,D6 35 10 80 AB 34 44 9E
9.7976,ABS_ECU,0x180,TX,OK,B6 9E 8D CB 54 DB 0A 25
9.8023,ABS_ECU,0x18C,RX,TIMEOUT,50 A8 CD 76 F9 F9 D8 30
9.8054,ENGINE_ECU,0x161,RX,OK,E5 72 9D B4 05 B9 FD A1
9.8093,ABS_ECU,0x106,TX,OK,BA 28 02 A1 E1 B0 0E 59
9.8137,STEERING_ECU,0x107,RX,CRC_FAIL,BF FD 73 0F 97 47 35 0F
9.8166,AIRBAG_ECU,0x1FA,TX,ERROR,D0 17 E1 11 86 BD 50 DB
9.8207,ABS_ECU,0x194,TX,OK,51 28 2B CA 71 7F 50 00
9.8238,ENGINE_ECU,0x124,TX,OK,B8 83 8A 01 0B 09 DC 9C
9.8285,DASHBOARD,0x14D,RX,OK,33 D2 8B 33 9E E2 72 81
9.8331,ABS_ECU,0x144,TX,OK,D1 5B 3E 4F 95 4A C9 17
9.8375,STEERING_ECU,0x136,RX,OK,A0 2D A5 27 AA FE 0D 43
9.8386,DASHBOARD,0x1DC,RX,OK,4D FF A9 47 AE C5 3E 0A
9.8425,ENGINE_ECU,0x13C,TX,TIMEOUT,39 94 95 12 FE BE 46 64
9.8462,ABS_ECU,0x1DC,TX,OK,EA F5 BF DD 63 BA C9 86
9.85,ENGINE_ECU,0x193,RX,OK,14 CE 5F 62 42 F5 32 76
9.8519,AIRBAG_ECU,0x154,TX,TIMEOUT,F1 2D 23 75 C1 94 A5 45
9.8529,STEERING_ECU,0x14D,TX,OK,7C 66 70 6A F2 04 1A DC
9.8577,ABS_ECU,0x114,TX,OK,2C 75 F9 27 E5 BD 32 1E
9.8601,ABS_ECU,0x1E5,RX,OK,37 73 31 B6 D7 A0 E2 25
9.8626,AIRBAG_ECU,0x167,RX,OK,D4 F9 61 C2 D1 1D 99 93
9.8651,DASHBOARD,0x1A4,RX,OK,54 48 20 58 A0 2C E7 D3
9.87,ABS_ECU,0x1D7,TX,ERROR,30 81 A4 54 2B 15 48 85
9.8718,ABS_ECU,0x1CF,TX,OK,73 33 0A 93 CC 33 91 CF
9.874,DASHBOARD,0x1BF,RX,TIMEOUT,5B C0 14 F4 84 A0 D7 17
9.8757,ABS_ECU,0x102,RX,OK,5A 75 B5 0F 02 4E 27 77
9.8806,AIRBAG_ECU,0x16E,TX,OK,CB EF 0E 37 8D 8D 02 14
9.8851,DASHBOARD,0x1C1,TX,TIMEOUT,99 92 DD 2E 01 66 2C 4D
9.8867,DASHBOARD,0x1CC,RX,OK,3A 7A 16 5C 92 B1 6C 11
9.8903,DASHBOARD,0x194,TX,CRC_FAIL,B2 49 7E 93 64 D5 F1 39
9.8938,ABS_ECU,0x17F,TX,OK,36 C8 8F 32 93 F6 91 CA
9.8976,ABS_ECU,0x125,TX,OK,2F 50 0F FC CC BB 99 61
9.9004,DASHBOARD,0x1C6,RX,OK,93 54 A6 07 70 C8 EB A5
9.9047,ENGINE_ECU,0x17F,RX,OK,B9 AD 00 43 AB 1E 81 C1
9.9087,ABS_ECU,0x185,RX,OK,96 C7 2F 1A E0 FE 58 FD
9.9129,ENGINE_ECU,0x1E8,TX,OK,9D 19 B0 AB 9E 87 0B E5
9.9173,ENGINE_ECU,0x131,RX,CRC_FAIL,E1 A9 C9 75 5B D8 97 42
9.9204,ABS_ECU,0x1BF,TX,OK,BD 6E 8A FD A6 D4 86 37
9.9253,ABS_ECU,0x15D,RX,TIMEOUT,A8 BC DF F7 84 BD 40 02
9.9267,STEERING_ECU,0x119,RX,OK,B2 50 A3 1C 8F 3C 26 38
9.9307,ABS_ECU,0x10A,RX,OK,E1 5A BC 12 78 16 CE 75
9.9322,ENGINE_ECU,0x1A9,TX,CRC_FAIL,5D 72 53 B5 A0 AA 13 32
9.9352,DASHBOARD,0x1C5,RX,OK,DC BB 56 2E F3 16 CD F0
9.9366,AIRBAG_ECU,0x15E,RX,OK,5C A6 07 DE 39 AF FA C3
9.9391,AIRBAG_ECU,0x152,TX,OK,5C 0E 41 43 29 D8 E3 D1
9.9415,AIRBAG_ECU,0x118,TX,ERROR,7E C9 7A 0F AE E2 99 DB
9.944,ENGINE_ECU,0x10E,TX,OK,AE 63 E1 11 3F E8 76 46
9.949,STEERING_ECU,0x11B,RX,TIMEOUT,61 C9 30 18 6D 38 90 4B
9.9524,STEERING_ECU,0x159,RX,OK,E7 9E E1 B2 92 94 3F E1
9.9549,ABS_ECU,0x11F,RX,OK,7E 3A 16 0F 91 95 25 13
9.957,AIRBAG_ECU,0x104,RX,CRC_FAIL,18 25 65 02 98 37 B1 F0
9.9617,AIRBAG_ECU,0x179,RX,ERROR,82 48 06 1D 29 68 6F 94
9.9643,AIRBAG_ECU,0x1CC,TX,OK,47 DB DF 10 2D 3C 33 A6
9.9685,ENGINE_ECU,0x14E,TX,OK,E9 75 95 14 A4 F7 96 BC
9.9735,ENGINE_ECU,0x12B,RX,CRC_FAIL,B5 00 BA F4 44 10 27 75
9.9758,DASHBOARD,0x18F,TX,OK,49 C1 FB F0 1F D8 9F 2D
9.9801,ENGINE_ECU,0x189,TX,OK,2D 0D 21 E1 09 1D 8A 1B
9.9825,DASHBOARD,0x1AB,TX,OK,A8 10 5E BA 54 26 AB 6A
9.9839,STEERING_ECU,0x153,TX,OK,86 2C 11 88 78 A7 13 D4
9.9887,ENGINE_ECU,0x1FB,TX,OK,EA E6 4F 8B 2C C9 FF 1F
9.9924,DASHBOARD,0x1C9,TX,ERROR,B9 35 22 4D D1 29 10 64
9.9937,ABS_ECU,0x1F7,TX,TIMEOUT,28 52 C9 87 58 50 65 D2
9.9973,ABS_ECU,0x107,RX,TIMEOUT,C1 90 0A 5E 4C A6 BA AA
9.999,DASHBOARD,0x1A9,TX,OK,F5 A6 6D 6B 5D 25 4F 48
10.002,ENGINE_ECU,0x19B,TX,OK,81 65 F1 97 F5 D4 09 1C
10.0049,ENGINE_ECU,0x15A,TX,OK,37 C7 83 23 B2 38 7D 72
10.0085,DASHBOARD,0x12A,RX,OK,5C 07 00 75 8E 00 80 4D
10.0102,ENGINE_ECU,0x1A6,TX,ERROR,CF E0 06 4D 15 AB 4F 26
10.0137,ENGINE_ECU,0x1D7,RX,OK,52 D1 83 9A E6 9E CF 61
10.0183,DASHBOARD,0x1B5,TX,TIMEOUT,09 82 08 A8 91 05 39 DA
10.022,AIRBAG_ECU,0x1BC,RX,OK,1B 3E E5 E6 C9 14 CC D8
10.0258,ABS_ECU,0x18D,TX,OK,8D C8 27 C4 10 1F 19 73
10.0305,AIRBAG_ECU,0x1EF,TX,ERROR,23 DE A9 76 D4 8C 2E BC
10.0335,ABS_ECU,0x1E9,TX,OK,E0 E5 2E B4 7C 52 0D 71
10.0381,ABS_ECU,0x147,TX,CRC_FAIL,7C 5A 44 34 22 7A D7 97
10.0419,AIRBAG_ECU,0x181,TX,OK,AB 81 EA 0B A5 11 F4 64
10.0443,ABS_ECU,0x103,TX,OK,D1 76 C1 98 93 7F 1B 99
10.0485,ENGINE_ECU,0x155,RX,OK,F0 27 99 78 EA 23 66 10
10.0514,ENGINE_ECU,0x136,RX,OK,2C A9 2F 88 E5 CD B0 A3
10.0545,DASHBOARD,0x1CC,TX,OK,40 A6 E6 44 44 51 FF D5
10.0578,AIRBAG_ECU,0x1B4,RX,OK,37 34 A9 2B C1 00 1C BF
10.0589,AIRBAG_ECU,0x1BE,TX,OK,F3 CF 28 89 6C 8C 6A 6E
10.0636,AIRBAG_ECU,0x181,TX,OK,DD A2 AC B0 8D 32 57 D8
10.0648,ABS_ECU,0x183,RX,OK,23 B2 23 82 2F 3B 59 D7
10.0664,ENGINE_ECU,0x1A7,RX,TIMEOUT,A7 DC 71 11 00 85 13 1F
10.069,STEERING_ECU,0x176,RX,OK,7A BC B1 B0 5A 15 C6 64
10.0736,ENGINE_ECU,0x18D,TX,CRC_FAIL,BD 41 5B EA 0A D4 57 88
10.0759,ENGINE_ECU,0x18E,RX,TIMEOUT,52 0A 82 B1 E6 A4 5F 3F
10.0794,DASHBOARD,0x18E,TX,OK,23 8B A2 2E DF 9A F2 24
10.0829,ENGINE_ECU,0x10D,TX,OK,ED 8A 9E 90 22 BB 7F 47
10.0852,ABS_ECU,0x1DF,TX,TIMEOUT,BE 7F F8 FB 3A 8E 62 B6
10.0887,DASHBOARD,0x12C,RX,OK,53 9C 29 C3 7B D4 A3 6F
10.0935,AIRBAG_ECU,0x1E7,TX,OK,7E A9 2C 1F FE C7 BA 08
10.0955,AIRBAG_ECU,0x1DB,RX,OK,7E EC 80 10 6D 0A 16 5D
10.0986,DASHBOARD,0x1CC,TX,CRC_FAIL,32 4A 7E 40 71 15 7A E4
10.1018,DASHBOARD,0x14E,TX,OK,66 1F D1 CB BF 4C F4 2B
10.1046,ABS_ECU,0x171,RX,OK,F8 46 EC F0 6F 95 AA 89
10.1069,STEERING_ECU,0x1D1,TX,OK,E7 08 AE F5 32 30 22 CA
10.1081,AIRBAG_ECU,0x1EA,TX,OK,25 D6 D8 0D 4D 62 7E 1D
10.1126,ABS_ECU,0x117,TX,OK,3F AA D9 6B CD 47 BC 8B
10.1162,ENGINE_ECU,0x174,TX,OK,C0 16 22 CC 16 0D FC B0
10.12,ENGINE_ECU,0x159,RX,CRC_FAIL,53 34 D9 CC CF 66 99 BA
10.1216,DASHBOARD,0x182,RX,CRC_FAIL,5F 24 FA 03 6F 2F AA 4A
10.1239,ABS_ECU,0x147,RX,OK,40 8F 38 F3 8D 13 E2 F9
10.1267,ENGINE_ECU,0x1BF,TX,OK,B0 D3 4F 70 00 5E 47 51
10.1292,DASHBOARD,0x1BB,RX,OK,B9 1D 0E A2 2E 4E 13 3F
10.1302,AIRBAG_ECU,0x1EF,TX,CRC_FAIL,93 50 81 74 71 5C 03 B9
10.1336,ENGINE_ECU,0x16B,TX,OK,FC 31 AA 8A F0 B5 8F F0
10.1357,AIRBAG_ECU,0x1D2,TX,CRC_FAIL,06 5F EB 6D FE 8B 58 04
10.1371,DASHBOARD,0x113,RX,OK,8B C7 C4 C3 9C 97 D6 93
10.1408,ABS_ECU,0x147,TX,OK,38 62 48 08 70 D1 A7 89
10.1457,STEERING_ECU,0x1B8,TX,OK,B3 65 3F 67 90 00 21 9C
10.148,DASHBOARD,0x14A,TX,OK,A8 30 E7 A9 75 D8 02 FD
10.1524,DASHBOARD,0x149,TX,OK,C3 CA 18 D1 0E 2A 91 00
10.1562,ABS_ECU,0x1A9,TX,OK,90 6D E2 B0 BF 72 D9 25
10.1592,ABS_ECU,0x156,RX,OK,AF 7D 3A BD 86 55 A3 E5
10.1611,AIRBAG_ECU,0x118,TX,OK,75 82 96 C0 29 10 62 CA
10.1647,DASHBOARD,0x1D6,TX,OK,1F 07 6F 8E B8 25 BA FC
10.1691,ENGINE_ECU,0x170,RX,OK,5A 9C 0F 79 DE E6 BD F4
10.174,DASHBOARD,0x124,TX,OK,71 24 F9 CC 1B DC A6 85
10.1772,STEERING_ECU,0x15A,TX,ERROR,68 D9 EC 8A AD E4 99 C8
10.1815,ENGINE_ECU,0x16D,TX,OK,E4 09 E2 52 20 48 CA 72
10.186,ENGINE_ECU,0x1FA,RX,OK,C5 BD 70 FB 51 4A 5C B5
10.1904,ENGINE_ECU,0x119,RX,OK,12 99 08 C2 E5 3A 55 08
10.193,AIRBAG_ECU,0x16C,RX,OK,C4 0C 28 0A 63 D9 17 6A
10.1951,AIRBAG_ECU,0x1ED,TX,ERROR,AE 54 F1 AB D2 E9 60 F8
10.1997,STEERING_ECU,0x167,TX,OK,49 D1 C5 F5 2A 49 1D 13
10.2021,STEERING_ECU,0x153,RX,OK,2E EE C3 E1 D2 DA A8 38
10.2044,STEERING_ECU,0x1DA,TX,OK,7C F5 98 15 9C 8A 5E A9
10.2085,ENGINE_ECU,0x1C9,RX,OK,75 A6 00 EB 5C 6A 09 3F
10.2097,DASHBOARD,0x173,TX,TIMEOUT,A6 3A 63 A0 81 95 12 F7
10.2121,AIRBAG_ECU,0x119,TX,OK,BF D9 02 15 F0 C6 FB DE
10.2159,DASHBOARD,0x14B,TX,OK,CF 13 7A C4 B7 7A 0D DC
10.2196,DASHBOARD,0x1CD,TX,OK,BF C0 B6 70 B3 15 CD F4
10.224,STEERING_ECU,0x1EC,RX,OK,53 F3 6F 96 7A CE 1C 46
10.2281,ABS_ECU,0x1AA,RX,OK,36 7B DD 03 81 3E 70 F9
10.2328,STEERING_ECU,0x106,TX,ERROR,E9 02 74 EA 5E 6C 56 DF
10.2377,AIRBAG_ECU,0x1E3,TX,OK,1F 3B CE FF 6F 4F 25 AA
10.2421,DASHBOARD,0x1A6,RX,OK,D4 BF 82 64 08 F7 D2 88
10.2458,ENGINE_ECU,0x100,TX,OK,B3 AD 71 3A AF 6B C2 1E
10.2498,DASHBOARD,0x1EC,TX,OK,3F ED 1A A4 82 E4 52 2A
10.2538,DASHBOARD,0x15D,RX,OK,20 72 F9 0A 62 2A A4 EA
10.2581,STEERING_ECU,0x15E,TX,OK,31 86 22 BC BB F9 7D 08
10.2619,AIRBAG_ECU,0x193,RX,OK,2E C6 8B D8 99 F2 2B 53
10.2665,DASHBOARD,0x1A2,RX,OK,3C 34 33 B6 58 29 D7 31
10.271,ENGINE_ECU,0x11C,TX,ERROR,AE DE 82 5E D4 49 03 D7
10.2736,DASHBOARD,0x176,TX,OK,14 75 10 41 D9 55 AA 73
10.2784,ABS_ECU,0x131,TX,OK,4A B6 D5 7D DB 37 EA 98
10.2834,ABS_ECU,0x14E,RX,OK,A3 89 74 7C 9D 09 0F 6B
10.2859,ENGINE_ECU,0x10A,RX,OK,6D AC 99 81 3C 43 21 A5
10.2873,STEERING_ECU,0x1BF,TX,OK,17 D1 A3 B6 77 E4 EB 6A
10.2915,DASHBOARD,0x1A8,TX,CRC_FAIL,A4 33 E0 F8 D6 65 FB 77
10.2954,DASHBOARD,0x140,RX,OK,C3 59 C6 71 5C 3F 0C BA
10.2977,AIRBAG_ECU,0x134,RX,OK,6E 4F 91 7C B1 AF AC 23
10.2996,ABS_ECU,0x17C,TX,TIMEOUT,50 1F 36 63 9C 37 32 EF
10.3007,ENGINE_ECU,0x1E6,RX,OK,BA 40 A9 64 C0 79 BE 1F
10.3033,DASHBOARD,0x145,RX,ERROR,0A 54 AA B0 C9 CB 81 7E
10.3078,ENGINE_ECU,0x1CE,TX,OK,1A 79 FF 80 4A 34 15 5D
10.3095,AIRBAG_ECU,0x104,TX,OK,B4 41 8D A1 E5 F9 17 55
10.3124,ABS_ECU,0x18B,RX,OK,E4 78 09 0C 73 0B 1F 61
10.3172,STEERING_ECU,0x197,RX,OK,FB 6A 1C 5E 63 B0 0A CA
10.3211,STEERING_ECU,0x1DC,TX,OK,20 2A CD 5B A2 16 57 41
10.3243,STEERING_ECU,0x1D5,RX,OK,8B 30 73 BE ED A4 40 3C
10.3268,STEERING_ECU,0x1CB,RX,CRC_FAIL,8E EA 7C 14 97 17 FF BC
10.3283,AIRBAG_ECU,0x1FB,TX,OK,9E 47 F0 94 AC 72 B1 DE
10.3302,DASHBOARD,0x1AE,RX,ERROR,A9 61 7B 0E BB F0 1E 13
10.3341,ABS_ECU,0x164,TX,OK,3A 8D 85 9D 96 CC 6F DE
10.3354,ABS_ECU,0x116,RX,OK,E6 52 02 A0 60 44 7C 8B
10.3386,STEERING_ECU,0x155,RX,OK,1C A8 48 4E 6A 43 85 76
10.3417,ABS_ECU,0x147,RX,OK,E2 44 74 D8 07 43 07 18
10.3452,ENGINE_ECU,0x171,TX,OK,4B C2 E4 77 80 06 6F AE
10.3488,ENGINE_ECU,0x1DE,TX,OK,63 B2 2F 0F 5E 00 46 DC
10.3513,DASHBOARD,0x1F5,RX,OK,9B D5 D1 38 1C D0 5F A4
10.3534,ABS_ECU,0x1E4,TX,CRC_FAIL,77 DA C4 10 51 31 5F FC
10.3557,ABS_ECU,0x104,TX,TIMEOUT,5C 3A FC C6 11 3E 41 FB
10.3573,DASHBOARD,0x14B,RX,OK,52 C4 6E 75 EE 06 2B A5
10.3616,ENGINE_ECU,0x1AD,TX,OK,13 18 68 F7 FB 60 9E 36
10.3637,ENGINE_ECU,0x14D,RX,OK,63 C8 E6 1F 98 77 D1 AF
10.3668,ABS_ECU,0x175,TX,OK,8C 06 76 C5 D0 0D 35 28
10.3717,DASHBOARD,0x12D,RX,ERROR,36 57 BF D5 C3 15 E1 88
10.3736,DASHBOARD,0x1E8,TX,OK,0A 1A D9 15 1C 36 FD 0D
10.3767,ABS_ECU,0x100,RX,OK,72 7C D3 EC 3B 26 82 11
10.3814,ABS_ECU,0x14D,TX,ERROR,A1 D3 33 97 FF FE 37 0A
10.3824,ENGINE_ECU,0x161,RX,ERROR,E8 7C D2 0C 50 8B A2 A6
10.3862,AIRBAG_ECU,0x1B5,TX,OK,B5 66 F1 A4 CA 27 2A 9C
10.391,STEERING_ECU,0x172,TX,OK,09 B0 11 C0 8A 6B 07 00
10.3954,DASHBOARD,0x1FE,RX,OK,6C 00 F1 02 F0 85 78 14
10.3984,STEERING_ECU,0x1A3,TX,OK,6C 15 5D B0 9B 81 3B A9
10.4013,STEERING_ECU,0x137,RX,OK,E2 20 95 12 87 CF B6 FA
10.4057,STEERING_ECU,0x166,TX,ERROR,D8 F9 ED FE B2 08 6A ED
10.4072,DASHBOARD,0x1E2,RX,OK,4F 25 88 10 42 34 4F 93
10.4102,AIRBAG_ECU,0x143,RX,CRC_FAIL,C6 29 DA F3 18 BC 39 A5
10.4149,ABS_ECU,0x185,TX,TIMEOUT,23 E2 EA 86 7E 50 99 40
10.4177,AIRBAG_ECU,0x178,TX,OK,EF 57 7F ED 98 13 C8 E8
10.4211,AIRBAG_ECU,0x18C,TX,OK,90 EB B7 25 05 C4 12 05
10.4247,STEERING_ECU,0x123,RX,OK,45 AD 54 22 B1 91 E1 3A
10.4267,DASHBOARD,0x103,TX,OK,96 1A 8E 22 F6 D8 FD 8C
10.4299,ABS_ECU,0x116,RX,OK,8F C6 9D 14 21 3D 01 D8
10.4327,AIRBAG_ECU,0x1B4,TX,TIMEOUT,B9 77 AA 32 9D 10 A6 70
10.4356,ABS_ECU,0x117,TX,OK,FD E4 34 0B 83 40 6C D6
10.4398,STEERING_ECU,0x1C8,TX,OK,7F 7A BD BB F5 7B 46 25
10.4438,ENGINE_ECU,0x138,TX,OK,A2 EE 09 41 E9 74 F0 53
10.446,DASHBOARD,0x1BE,TX,CRC_FAIL,9E 81 B2 87 4C 3B 70 70
10.4474,DASHBOARD,0x197,RX,OK,18 2C 32 8F 5E CA 82 29
10.4491,ENGINE_ECU,0x127,TX,ERROR,38 63 67 F2 F6 49 31 10
10.4529,STEERING_ECU,0x1E8,RX,OK,4A AB B7 12 73 3B 04 69
10.4575,AIRBAG_ECU,0x198,TX,TIMEOUT,9A 39 80 0C F7 D1 42 04
10.4592,ENGINE_ECU,0x1FF,RX,TIMEOUT,34 0A 25 C6 61 AC 7E 55
10.4623,AIRBAG_ECU,0x12D,RX,ERROR,F6 4A E3 EC FE 88 33 76
10.4672,AIRBAG_ECU,0x170,RX,OK,E5 2B E3 B0 EC A6 46 B1
10.4709,DASHBOARD,0x1D4,TX,OK,8C 45 D4 5A 07 B6 BE 8F
10.475,DASHBOARD,0x10A,TX,OK,AA 26 0D 21 33 43 3F 9A
10.4784,ABS_ECU,0x1AE,RX,OK,BF E2 8D 4C C4 EA 1C E7
10.482,AIRBAG_ECU,0x171,RX,OK,D5 A5 CC 5B 0C 5F 61 3B
10.4842,ENGINE_ECU,0x16B,TX,TIMEOUT,A2 6F EE F0 77 EF AF 85
10.4872,ABS_ECU,0x15A,TX,OK,EE 8F 74 7C D7 E1 10 71
10.4917,STEERING_ECU,0x192,TX,OK,55 33 A8 C7 9E 96 3D 8C
10.4936,ENGINE_ECU,0x16D,RX,OK,C9 60 66 02 DE 3F 46 64
10.4964,ABS_ECU,0x11A,TX,ERROR,38 B7 88 57 E6 21 96 3F
10.4974,ABS_ECU,0x1F7,RX,OK,EF 93 EC 5D D3 00 CD 65
10.4988,STEERING_ECU,0x1AF,TX,OK,88 16 6C 28 86 59 A8 4B
10.5025,ENGINE_ECU,0x1F8,RX,OK,AB E0 6D 02 C4 B5 63 4A
10.5036,STEERING_ECU,0x182,RX,OK,47 1A 85 93 92 41 E0 C0
10.507,AIRBAG_ECU,0x140,TX,OK,32 D7 4D D7 3C 32 7E E1
10.5089,ENGINE_ECU,0x109,RX,OK,97 DE 75 21 46 E4 91 08
10.5125,ABS_ECU,0x165,TX,OK,E9 51 20 05 CC 6B 7F 0A
10.5161,ENGINE_ECU,0x1C8,TX,OK,74 AF E0 A2 5E 33 B0 8B
10.5193,ABS_ECU,0x1C4,TX,CRC_FAIL,A8 9B 5F 28 68 8C A5 CF
10.5208,DASHBOARD,0x1CA,RX,OK,63 BD F0 E5 F2 F2 36 64
10.5244,STEERING_ECU,0x198,TX,OK,F8 66 AF 4B FE 8E 79 E3
10.5273,DASHBOARD,0x1DA,RX,OK,6D 8C 74 AF 6C D5 A4 AB
10.5291,DASHBOARD,0x137,RX,OK,E7 C5 71 FA 70 D1 08 E0
10.5306,STEERING_ECU,0x1EF,TX,OK,DE 9D B1 98 1D 51 0D 81
10.533,AIRBAG_ECU,0x138,TX,OK,F7 13 71 BD 7E 29 03 C2
10.5363,AIRBAG_ECU,0x156,RX,TIMEOUT,2A F5 A6 B2 6F BD 66 83
10.5375,ABS_ECU,0x14F,TX,OK,AF C0 3A 64 E1 E1 1A FB
10.5402,ENGINE_ECU,0x12C,RX,OK,21 5A C8 59 25 8E B2 BC
10.5446,ENGINE_ECU,0x1A2,RX,ERROR,E7 EC 7A C4 12 C2 AE 37
10.5485,ABS_ECU,0x150,TX,CRC_FAIL,6C D4 4C 84 25 C3 33 1F
10.5498,ABS_ECU,0x1A0,RX,OK,A6 91 B4 81 EE 77 89 A7
10.5533,STEERING_ECU,0x1B9,TX,OK,EE 28 78 28 F6 BD 35 C3
10.5555,STEERING_ECU,0x13A,RX,CRC_FAIL,E0 DD AA 13 2D 41 BB 59
10.5592,ENGINE_ECU,0x197,TX,OK,DE 07 4F 81 CE 88 01 E8
10.563,STEERING_ECU,0x154,TX,TIMEOUT,C5 81 AD 75 FB 4B F0 53
10.5679,ABS_ECU,0x159,TX,OK,F1 3B 82 19 0D D7 1C C3
10.5728,ABS_ECU,0x1AE,RX,OK,14 C7 D6 A3 8E 0B EF 01
10.5753,STEERING_ECU,0x10E,TX,OK,0B 20 20 03 B3 EC 58 B0
10.5793,DASHBOARD,0x143,RX,OK,BC 37 88 3E 23 AF A3 3B
10.5838,DASHBOARD,0x1DB,TX,OK,BE EC 77 C5 0F 85 D0 6A
10.5869,ABS_ECU,0x121,TX,OK,7C CB 09 50 A2 BC A5 6F
10.5912,ENGINE_ECU,0x1D7,TX,OK,76 0A FD 02 A9 35 FD 1E
10.5962,ENGINE_ECU,0x1DA,RX,CRC_FAIL,35 5B B1 1E D5 B4 C9 BA
10.5995,AIRBAG_ECU,0x1B7,RX,OK,E9 65 EC 3D 3D 62 0D D0
10.6021,AIRBAG_ECU,0x15B,RX,TIMEOUT,F7 26 AE E1 64 26 1D 7D
10.6067,AIRBAG_ECU,0x1C9,TX,CRC_FAIL,E2 DB 0E 99 B1 81 13 44
10.6109,DASHBOARD,0x1DE,RX,OK,51 A8 E1 E9 F2 16 CF D4
10.6154,AIRBAG_ECU,0x176,RX,TIMEOUT,87 2F C8 47 9E E5 33 53
10.6202,ENGINE_ECU,0x120,RX,TIMEOUT,A4 D3 E9 62 E0 0B DC C1
10.6221,ABS_ECU,0x1BC,RX,OK,41 FB 68 01 97 84 20 12
10.6235,ABS_ECU,0x19B,TX,OK,73 88 71 F1 C8 82 0A AC
10.6265,ABS_ECU,0x17F,TX,OK,D5 40 36 04 D5 31 FD 16
10.6312,STEERING_ECU,0x13F,RX,ERROR,62 69 9A A2 7A 9F C7 9C
10.6352,AIRBAG_ECU,0x1AE,RX,CRC_FAIL,1D 42 E1 AD 1B 70 4A FC
10.6399,AIRBAG_ECU,0x19B,RX,CRC_FAIL,CF 79 45 E1 A0 28 84 2A
10.6414,AIRBAG_ECU,0x1F0,TX,OK,92 8A 03 15 60 8B 4E 32
10.6432,STEERING_ECU,0x1DF,RX,OK,63 D8 29 A3 FC 2A BA F5
10.6455,ABS_ECU,0x1CB,RX,TIMEOUT,C2 CE 7C 7F 4A EE 33 12
10.6504,STEERING_ECU,0x1CB,TX,OK,A2 28 49 4B A0 C2 A5 12
10.6533,AIRBAG_ECU,0x1BD,TX,OK,39 D5 16 60 26 61 13 92
10.6544,ABS_ECU,0x119,TX,OK,0F 63 24 50 75 FA D0 15
10.6585,ABS_ECU,0x18D,RX,OK,94 DC C4 25 A2 ED 37 06
10.6597,DASHBOARD,0x174,RX,OK,C4 FF 73 C7 68 B3 33 81
10.6627,DASHBOARD,0x183,TX,TIMEOUT,F4 47 29 C0 A4 B1 5D 33
10.6641,AIRBAG_ECU,0x1AA,TX,TIMEOUT,CB 95 13 78 B9 A9 87 BA
10.6668,AIRBAG_ECU,0x1E0,RX,OK,88 45 AB 85 C3 F5 D0 82
10.6704,AIRBAG_ECU,0x1CE,RX,OK,CA 19 18 15 E2 61 C6 15
10.6734,AIRBAG_ECU,0x19D,RX,OK,7C 39 A6 A2 A9 B2 E7 92
10.6764,DASHBOARD,0x113,RX,CRC_FAIL,AB F1 43 FC 86 87 9D 5B
10.6774,STEERING_ECU,0x1CC,TX,CRC_FAIL,00 69 93 CB 16 7E 9D 03
10.6808,ENGINE_ECU,0x111,RX,OK,FD BA 2A EA BE 35 10 1E
10.6853,AIRBAG_ECU,0x102,TX,CRC_FAIL,D8 05 FB D4 A5 1A F5 B1
10.6897,DASHBOARD,0x101,TX,OK,83 3B 8E 50 EC ED 1E 0F
10.6927,AIRBAG_ECU,0x1D2,TX,OK,49 D7 94 40 F9 C1 13 FA
10.6945,AIRBAG_ECU,0x185,TX,OK,A4 64 7D B0 20 31 01 9F
10.6991,DASHBOARD,0x161,TX,OK,3A A8 3B 66 44 07 5B 62
10.7018,ENGINE_ECU,0x199,RX,OK,7A 7D DA 1A 0A B5 BD B4
10.7043,STEERING_ECU,0x130,TX,OK,34 3F EB 1F 70 A1 23 A1
10.7067,STEERING_ECU,0x161,RX,OK,56 AB DA 48 8B 0C 2F F2
10.7078,STEERING_ECU,0x128,TX,CRC_FAIL,82 D1 9A 10 8A 5C 3C F2
10.7101,STEERING_ECU,0x175,TX,OK,C9 5F A7 70 17 C1 5C 36
10.715,ENGINE_ECU,0x1C4,TX,OK,AF AD 4A 52 37 E2 24 18
10.7174,STEERING_ECU,0x104,RX,TIMEOUT,43 11 56 27 B1 B4 A6 5A
10.7218,STEERING_ECU,0x13A,RX,CRC_FAIL,90 DE 93 19 FE B9 F8 1C
10.7238,ENGINE_ECU,0x101,RX,OK,01 EA 26 14 39 A1 D3 A5
10.7261,ENGINE_ECU,0x187,RX,ERROR,A4 68 2E 40 83 CC D3 32
10.7296,STEERING_ECU,0x116,TX,OK,64 D7 80 05 F6 30 90 EA
10.7325,ABS_ECU,0x186,TX,OK,65 2D 4A 45 C5 C6 E1 AF
10.737,DASHBOARD,0x17C,TX,CRC_FAIL,29 F5 09 B3 FB 51 A9 D2
10.7395,AIRBAG_ECU,0x19F,TX,OK,8E 26 35 F9 A0 9F 1A 56
10.7444,DASHBOARD,0x123,TX,CRC_FAIL,E3 B0 93 19 E0 B2 E0 E4
10.7457,DASHBOARD,0x193,RX,ERROR,22 C9 99 CA 18 95 3B 4B
10.7494,ENGINE_ECU,0x194,TX,OK,90 27 64 D2 BF 7C 5D AE
10.7525,DASHBOARD,0x117,RX,OK,7A AB 37 9A DB 22 A1 A1
10.7558,AIRBAG_ECU,0x1CE,RX,ERROR,7A E5 B3 D0 72 38 6A B3
10.7582,ABS_ECU,0x102,TX,TIMEOUT,DE EF 14 4C 3E 2F 09 2F
10.7593,DASHBOARD,0x186,RX,OK,DF A7 FF 75 43 09 7A FE
10.7622,ABS_ECU,0x120,RX,OK,E3 C2 20 45 5E 64 59 4B
10.7637,STEERING_ECU,0x1AA,RX,OK,7A C3 71 89 53 20 C0 76
10.7656,ENGINE_ECU,0x1B6,RX,CRC_FAIL,FF DD 75 24 B4 B8 BC 83
10.7692,ABS_ECU,0x1F4,TX,TIMEOUT,65 B4 EE 3B 2C B9 0E 9C
10.7711,ABS_ECU,0x181,RX,OK,F0 61 A8 FB 66 BF F7 61
10.7752,DASHBOARD,0x131,RX,OK,30 E2 58 E0 A2 B4 E6 9C
10.7787,AIRBAG_ECU,0x1ED,TX,CRC_FAIL,3A C8 57 B6 1E 96 34 01
10.7826,DASHBOARD,0x190,RX,CRC_FAIL,06 FA 98 83 42 27 C1 4F
10.787,DASHBOARD,0x12F,RX,OK,0E BA 02 17 A9 C2 7E 8B
10.7907,AIRBAG_ECU,0x156,TX,OK,02 F3 77 27 A7 B6 68 A3
10.7924,ABS_ECU,0x16E,RX,OK,96 98 7C E6 04 C6 55 02
10.7956,ABS_ECU,0x110,RX,OK,75 05 36 6C C4 99 AB B8
10.7998,STEERING_ECU,0x1EB,RX,OK,D1 F7 46 F1 45 F7 CA 5D
10.8044,STEERING_ECU,0x17E,TX,OK,24 12 0E DD F9 CF A0 3B
10.8094,ABS_ECU,0x1DF,TX,OK,FA EB 24 D6 06 2D 15 82
10.8126,DASHBOARD,0x139,RX,OK,71 17 A2 A4 05 E8 FF 2E
10.815,STEERING_ECU,0x196,TX,OK,8F 21 20 5A 9C A7 38 A8
10.8183,DASHBOARD,0x18F,TX,OK,C1 97 67 4D 80 B5 2B 18
10.8198,STEERING_ECU,0x1B9,RX,CRC_FAIL,1D 09 3E 09 ED 0E 91 F5
10.8227,ABS_ECU,0x16D,RX,OK,6F 7E 4F 0C EA BA 5A FC
10.8267,DASHBOARD,0x176,RX,OK,75 7C 83 E7 6C D3 F1 87
10.8302,STEERING_ECU,0x119,RX,OK,51 B2 76 75 A7 DC C0 B3
10.8331,ABS_ECU,0x13C,TX,OK,1A 14 96 BC 37 5E E7 15
10.8379,STEERING_ECU,0x170,RX,OK,85 11 99 68 1E DC 1A 81
10.8396,DASHBOARD,0x14D,TX,OK,31 E7 6E 4B 9A 01 96 FC
10.8415,AIRBAG_ECU,0x19A,RX,CRC_FAIL,CC 91 3D 9D 05 66 70 24
10.8445,STEERING_ECU,0x17E,TX,OK,F4 B2 17 4B 3D 28 8E EE
10.8474,ENGINE_ECU,0x1C0,TX,OK,A7 77 64 05 6F AC D5 92
10.8511,DASHBOARD,0x1CB,RX,OK,40 C1 DB 3B 00 D5 D1 16
10.8558,ENGINE_ECU,0x1A9,RX,OK,7D F4 3C 94 1E 3A 52 34
10.8596,AIRBAG_ECU,0x1D2,TX,TIMEOUT,D1 26 5C 87 99 D8 89 6B
10.863,DASHBOARD,0x131,RX,OK,2C E0 BE 9D 0E 7F D4 AE
10.8646,AIRBAG_ECU,0x18B,RX,OK,1D 96 33 72 07 55 42 F3
10.8696,AIRBAG_ECU,0x1FB,RX,OK,E8 0E 95 64 17 EA 42 33
10.8737,ABS_ECU,0x147,RX,OK,3A FD 55 23 63 F9 3F 4D
10.8763,DASHBOARD,0x12A,TX,OK,9F 25 1E 86 A7 C2 B6 D3
10.8798,STEERING_ECU,0x1D6,RX,OK,BC 5E 6A F7 72 C4 99 BE
10.8827,ENGINE_ECU,0x15F,RX,OK,0F 70 18 56 E9 AE 97 6F
10.8867,STEERING_ECU,0x117,TX,OK,E7 8C 71 F9 17 07 E3 13
10.89,AIRBAG_ECU,0x1CE,RX,ERROR,18 63 3F 4C 56 0A EA B9
10.894,DASHBOARD,0x19B,TX,OK,61 13 26 EA CD 5F C5 57
10.8957,DASHBOARD,0x1F9,RX,OK,F6 D9 11 20 4D 85 E6 3E
10.8972,STEERING_ECU,0x1AE,RX,OK,56 15 72 1E 85 26 CD 4C
10.8997,AIRBAG_ECU,0x1B5,RX,TIMEOUT,24 A9 35 10 95 E5 C8 DC
10.9015,AIRBAG_ECU,0x1AA,RX,OK,8C 04 09 A5 42 C2 95 6B
10.9057,STEERING_ECU,0x146,RX,OK,29 EA 14 AA 00 8A 4A 2E
10.9069,AIRBAG_ECU,0x193,TX,OK,82 F5 0E 20 AB 14 63 64
10.9094,ENGINE_ECU,0x168,TX,TIMEOUT,F0 92 2F 8D 34 EA 42 81
10.9139,ENGINE_ECU,0x162,TX,TIMEOUT,5D B9 C7 62 29 91 DF A2
10.916,ABS_ECU,0x175,TX,OK,06 99 95 8E 8C 8E 5C 0C
10.9204,DASHBOARD,0x1BD,RX,OK,7E 75 AD C9 A1 EE 28 19
10.9247,ABS_ECU,0x1F8,RX,OK,23 A4 44 0E CC B4 F5 61
10.9297,ENGINE_ECU,0x127,TX,OK,4A 32 85 C6 A4 36 4D 8B
10.9323,ENGINE_ECU,0x133,TX,OK,8B D9 53 CD AC B2 01 24
10.9357,ENGINE_ECU,0x146,RX,OK,6B 35 E2 C9 CC 0D 0E 1E
10.9396,ABS_ECU,0x162,TX,CRC_FAIL,E2 01 C0 BB 10 3A 6B DF
10.9446,STEERING_ECU,0x1B1,TX,OK,F1 85 1A 60 79 69 D7 45
10.9457,ABS_ECU,0x18E,TX,OK,AD 6D 9D DB 32 F0 2F 0F
10.949,DASHBOARD,0x1A6,TX,OK,41 76 FC 2B BC F0 50 9F
10.9511,ABS_ECU,0x1E6,TX,ERROR,9C 35 47 46 42 18 2A 85
10.9546,STEERING_ECU,0x1C0,TX,OK,7F DF 3C 19 97 FD AF EA
10.9567,AIRBAG_ECU,0x141,RX,ERROR,12 EC C8 07 FD 3F 17 B0
10.9613,AIRBAG_ECU,0x192,RX,OK,50 CA CA 48 68 AC D6 2C
10.9631,DASHBOARD,0x133,RX,OK,61 5F 38 89 E5 9F 0B BC
10.9677,AIRBAG_ECU,0x176,RX,CRC_FAIL,89 CE CA F8 EF 7C 7E AB
10.9715,ABS_ECU,0x1D9,TX,OK,6C 04 8A DD 4B 5B F1 E3
10.9734,AIRBAG_ECU,0x1D7,RX,OK,6E A1 09 F1 3C 81 C2 AE
10.9777,DASHBOARD,0x108,RX,OK,C5 99 6A CA 08 5D A2 31
10.9799,DASHBOARD,0x1D9,RX,OK,71 EC 6C 92 5E 63 BC AE
10.9847,DASHBOARD,0x1CF,RX,OK,78 8A 03 AA 5C 93 4B AF
10.9894,STEERING_ECU,0x158,TX,OK,59 F0 AE D8 24 E5 60 AC
10.9916,AIRBAG_ECU,0x1B3,TX,OK,0C CA 0B 90 15 1A 6F 19
10.9945,DASHBOARD,0x15D,RX,OK,77 92 A2 CA 18 E6 29 58
10.9972,ABS_ECU,0x143,RX,OK,68 BE 67 47 E9 FB 6E 6C
11.0005,ABS_ECU,0x1C2,RX,OK,1D BF AF 84 D4 97 24 5E
11.0019,ENGINE_ECU,0x1FB,RX,CRC_FAIL,11 96 47 75 02 04 BF 42
11.0029,DASHBOARD,0x1CB,TX,OK,E0 A6 49 F2 31 6C D3 06
11.0039,AIRBAG_ECU,0x1D4,RX,OK,CB B0 81 C0 8F 6F 23 DF
11.0058,STEERING_ECU,0x1D4,RX,OK,2E 0C 18 3E 1F 6C 7E 3D
11.0082,ENGINE_ECU,0x1F8,RX,ERROR,C5 B4 67 42 DE CC C4 04
11.0105,ENGINE_ECU,0x1B2,TX,CRC_FAIL,52 71 99 BF D0 3A 17 DB
11.012,AIRBAG_ECU,0x1A9,TX,OK,40 8C 68 26 81 4D 9D 02
11.0165,ABS_ECU,0x1F3,TX,CRC_FAIL,EA 4E 5C E8 BC 30 46 12
11.0207,STEERING_ECU,0x136,TX,OK,59 52 FC 8C FB 9D 84 77
11.0242,STEERING_ECU,0x194,TX,OK,F5 D1 49 41 9C 1C 93 85
11.028,DASHBOARD,0x10D,RX,ERROR,B0 CC 48 2C 96 36 7A C9
11.0293,ABS_ECU,0x1F8,RX,OK,4F 83 7E 93 12 49 36 20
11.0338,ENGINE_ECU,0x188,TX,OK,1F 04 E6 0B 5C B2 FD 94
11.0352,ENGINE_ECU,0x1F9,TX,OK,97 33 E2 A6 63 B1 3C 49
11.0401,STEERING_ECU,0x1B0,RX,OK,53 F3 CB 04 A7 29 EE 0C
11.0413,STEERING_ECU,0x188,RX,OK,38 D7 EE 19 50 DA 4F D1
11.0424,STEERING_ECU,0x199,RX,ERROR,21 E1 D6 84 46 D1 51 D4
11.0443,AIRBAG_ECU,0x125,RX,CRC_FAIL,F8 02 24 5D AB 08 13 15
11.0476,ABS_ECU,0x1B7,TX,OK,48 51 F1 20 39 50 DE C7
11.0502,AIRBAG_ECU,0x12F,TX,OK,DD 7B 9B 5D 02 E2 30 E4
11.0513,ABS_ECU,0x1A4,TX,OK,B1 8E 32 5F 2D 34 5A 78
11.0538,ENGINE_ECU,0x1F5,TX,OK,F8 0D 6C 03 B1 EA 25 B6
11.0577,ENGINE_ECU,0x1E3,RX,OK,27 43 F1 0B 4D DE 7F A1
11.0598,ABS_ECU,0x1FB,TX,OK,71 68 17 CB D9 E6 68 CE
11.064,ABS_ECU,0x1DB,RX,OK,1E 54 4F 59 E4 8F BC 44
11.0685,STEERING_ECU,0x1B7,RX,OK,50 94 A4 85 5F 9E 80 B0
11.0718,ENGINE_ECU,0x198,RX,OK,92 44 44 4E 85 2E 09 8B
11.0729,DASHBOARD,0x13E,RX,TIMEOUT,45 35 BA 38 B8 35 6E 0A
11.0769,AIRBAG_ECU,0x1FE,TX,OK,C3 43 87 97 44 16 89 B1
11.0803,ENGINE_ECU,0x113,TX,CRC_FAIL,A4 95 64 3F D2 7C A0 60
11.0824,DASHBOARD,0x192,TX,ERROR,6A 71 03 0B F2 0C 3B B9
11.0862,AIRBAG_ECU,0x10F,RX,OK,87 77 8A A5 22 CA 07 35
11.0899,STEERING_ECU,0x133,TX,OK,8F 98 97 C8 9C 4A 85 F0
11.0947,ABS_ECU,0x155,TX,OK,80 F2 8F 8C FE EC C1 EA
11.0991,DASHBOARD,0x1A3,RX,OK,C8 95 FA 1D 6F 0B 52 58
11.1021,DASHBOARD,0x140,RX,OK,A3 2C 37 BF 31 88 6A 4D
11.1047,DASHBOARD,0x186,RX,OK,86 F1 C8 11 54 68 4D C9
11.1086,DASHBOARD,0x167,RX,OK,D3 23 45 B3 12 0B 5A 48
11.1116,AIRBAG_ECU,0x12F,RX,OK,03 FA 13 D3 12 0A AE 68
11.1142,AIRBAG_ECU,0x130,TX,CRC_FAIL,7A 76 DA C7 83 53 72 E6
11.1179,DASHBOARD,0x1A3,TX,OK,79 B4 35 6A A7 07 52 DC
11.1223,ENGINE_ECU,0x1E8,RX,OK,9B C8 D1 88 A4 6B AE E4
11.1241,DASHBOARD,0x160,TX,OK,14 48 33 CB 63 09 9C BE
11.129,ENGINE_ECU,0x140,TX,OK,8A 31 A0 D1 45 7C C8 9D
11.1303,ABS_ECU,0x1F5,RX,OK,A7 86 68 49 CE 34 A7 AC
11.1337,DASHBOARD,0x10E,RX,OK,62 AE 3B 3E D5 D0 68 A2
11.1382,STEERING_ECU,0x1CA,RX,OK,51 CA 97 83 5B 05 CC 42
11.1398,ABS_ECU,0x1A6,RX,OK,1A D5 C7 0A C9 61 72 B8
11.1441,ABS_ECU,0x1D8,TX,OK,CE 1B C0 F4 43 D8 13 38
11.1466,DASHBOARD,0x13B,RX,OK,D2 34 30 A8 74 3F F3 DA
11.1494,ABS_ECU,0x1D3,TX,OK,90 C6 84 4C CF 80 7C 87
11.1513,AIRBAG_ECU,0x1AF,TX,OK,2A F0 D4 60 4E 5D 98 CF
11.153,ENGINE_ECU,0x133,TX,OK,66 A6 36 82 EA F7 85 08
11.154,DASHBOARD,0x168,TX,OK,C3 08 65 B1 3D 22 F6 99
11.1587,ENGINE_ECU,0x14E,RX,OK,50 9A 0C 00 1A 39 92 35
11.1617,ABS_ECU,0x15A,TX,TIMEOUT,16 66 EA 33 98 6B 09 1F
11.1636,STEERING_ECU,0x121,RX,ERROR,1C 4D 85 F3 89 2E 60 CD
11.1648,ENGINE_ECU,0x1D3,RX,OK,CF 47 7C 77 B4 63 3E AA
11.1675,ABS_ECU,0x1A2,TX,ERROR,28 D3 F3 91 52 5A 71 16
11.1688,ENGINE_ECU,0x15D,TX,OK,C5 6B D1 27 E9 B5 C7 0F
11.1699,DASHBOARD,0x1E5,RX,TIMEOUT,74 62 48 32 E8 04 DF 37
11.1745,ABS_ECU,0x107,TX,CRC_FAIL,F6 F7 82 08 29 60 BF BD
11.1791,STEERING_ECU,0x1DC,TX,OK,32 EB 72 4E D7 1F D1 8E
11.183,DASHBOARD,0x1D9,TX,ERROR,75 C6 69 08 5C 0E A1 0E
11.1852,STEERING_ECU,0x16B,RX,OK,35 96 EA 04 97 46 CD 09
11.1898,STEERING_ECU,0x1F9,TX,OK,48 4A 34 7F 9D CE BE BB
11.1947,AIRBAG_ECU,0x13A,RX,CRC_FAIL,33 86 2C C3 9E D6 AC B3
11.1978,AIRBAG_ECU,0x1B0,RX,OK,4E 5F E1 47 21 FD F9 3D
11.2024,STEERING_ECU,0x15D,RX,OK,50 76 AB E2 8E BB 97 53
11.2059,STEERING_ECU,0x15D,TX,OK,32 4B FE BD DF 86 DE 42
11.2075,STEERING_ECU,0x159,RX,OK,F4 FA BA 8B 19 DF 0E B7
11.2101,ENGINE_ECU,0x1BF,TX,OK,DF 00 D1 7F FE 25 82 4B
11.2129,STEERING_ECU,0x11F,TX,OK,20 05 AB 90 27 5D 11 0E
11.214,ENGINE_ECU,0x1F2,RX,CRC_FAIL,49 FF 67 E6 62 2F 17 7E
11.2177,STEERING_ECU,0x1D6,RX,OK,FC D9 CE B9 40 2B B2 84
11.2193,AIRBAG_ECU,0x15A,RX,OK,23 52 5B 8F 8D 6C 33 D0
11.224,DASHBOARD,0x1A4,RX,OK,EF E0 07 7E C9 E5 BF A4
11.2257,STEERING_ECU,0x1FA,RX,CRC_FAIL,F4 2A 60 85 8D F3 AC 41
11.2292,AIRBAG_ECU,0x1CB,RX,OK,34 2B CE 81 C6 73 D5 F7
11.2324,ENGINE_ECU,0x19B,TX,OK,B8 BE 40 27 27 BE E2 12
11.2334,STEERING_ECU,0x1E4,TX,OK,12 4B A2 9A DA 5E F4 B0
11.2377,STEERING_ECU,0x120,TX,OK,82 F5 57 88 96 2C 8F DE
11.2392,ABS_ECU,0x188,RX,OK,8A E9 2A 47 D4 DA 32 96
11.2434,DASHBOARD,0x149,RX,OK,42 8B 7F 95 C1 98 36 96
11.245,STEERING_ECU,0x15C,TX,OK,7F E7 6A CF C4 C3 42 FB
11.2493,AIRBAG_ECU,0x126,TX,ERROR,15 47 DD E4 C2 42 5B 9F
11.2521,DASHBOARD,0x133,RX,OK,C4 93 4C E7 90 70 6F E1
11.2567,DASHBOARD,0x1A1,RX,OK,C8 69 DC 7E 00 95 AD 20
11.2614,ENGINE_ECU,0x147,TX,OK,91 0A DB 27 68 CA B8 B3
11.2625,DASHBOARD,0x1FA,TX,ERROR,4C 61 9F 0F 77 CF 95 EB
11.2657,AIRBAG_ECU,0x137,TX,CRC_FAIL,0F 7B 66 16 4F 3A 28 59
11.267,DASHBOARD,0x17E,TX,OK,4F F0 01 C7 57 4B 01 58
11.2697,STEERING_ECU,0x19A,RX,TIMEOUT,44 EE 1E 50 86 B2 99 1B
11.2728,ABS_ECU,0x150,RX,TIMEOUT,49 7F 6E 77 C2 64 6B 7B
11.275,ABS_ECU,0x1CF,TX,OK,BA C5 2C E9 12 21 F5 21
11.2791,STEERING_ECU,0x1C6,RX,OK,B0 0F AF CF 92 83 1D 78
11.2815,ENGINE_ECU,0x106,TX,OK,1C 89 D3 92 D3 92 29 1F
11.2846,DASHBOARD,0x135,TX,OK,58 80 92 16 0A 98 C8 DF
11.2886,DASHBOARD,0x139,RX,OK,70 21 E9 63 1D 5D 51 0B
11.2935,ABS_ECU,0x1B0,RX,ERROR,BA 0C BE 25 AB 54 D2 A9
11.296,ABS_ECU,0x1E5,RX,OK,E9 69 5B 81 52 ED A3 A6
11.2994,STEERING_ECU,0x1B3,TX,OK,2D ED 21 A6 3F EA 69 52
11.3012,STEERING_ECU,0x142,TX,OK,A6 48 1D DB 35 4C 84 B9
11.3027,ENGINE_ECU,0x14E,RX,TIMEOUT,14 C5 F8 A5 54 EB 8E 6D
11.3049,STEERING_ECU,0x112,TX,OK,F8 8E 7F DC C0 CB BA 1F
11.3061,AIRBAG_ECU,0x1F3,TX,TIMEOUT,77 ED BB 23 1A D1 33 BB
11.3071,DASHBOARD,0x1B6,TX,OK,CD 0D AE DA 01 22 B9 70
11.3104,ABS_ECU,0x12E,RX,OK,10 66 07 6E AE 99 B0 4D
11.3148,STEERING_ECU,0x18A,TX,OK,40 2F 4C CF 9E 39 E0 9D
11.3177,STEERING_ECU,0x1AA,RX,OK,6C 6B D0 23 F0 D7 21 76
11.3218,ENGINE_ECU,0x17D,RX,OK,3F 4C 63 55 17 57 AE 64
11.3253,DASHBOARD,0x11E,TX,TIMEOUT,DE 57 0B 1E CC B8 D2 22
11.33,ENGINE_ECU,0x1A2,TX,CRC_FAIL,43 41 85 19 02 4D 31 12
11.3326,ABS_ECU,0x18E,TX,CRC_FAIL,88 5F 07 F5 33 FA B2 82
11.3373,AIRBAG_ECU,0x1CC,TX,OK,FF 2E 8B D4 84 21 E0 77
11.3414,AIRBAG_ECU,0x113,RX,OK,6A 4F BA 71 08 38 53 31
11.3439,DASHBOARD,0x1CF,RX,ERROR,2A EF 01 18 6B FE E8 1A
11.3477,AIRBAG_ECU,0x1A7,TX,TIMEOUT,40 D7 F5 E5 EE A4 19 7D
11.3491,ABS_ECU,0x14A,RX,OK,90 3D BA 54 06 55 71 BC
11.3525,STEERING_ECU,0x165,TX,ERROR,A2 D2 6D 24 9B 50 D9 F7
11.3537,ENGINE_ECU,0x1DC,RX,CRC_FAIL,76 C8 3B 29 C4 14 BE 62
11.3565,ENGINE_ECU,0x188,RX,OK,A9 B9 00 FD 39 0A 20 D3
11.3608,AIRBAG_ECU,0x130,RX,OK,97 40 71 4A 41 01 21 F0
11.364,ABS_ECU,0x10E,RX,OK,9A 0D 92 46 5B 3D 1A 4C
11.3685,ENGINE_ECU,0x169,TX,OK,C7 2C BD 72 35 DA E2 7D
11.3713,AIRBAG_ECU,0x1EE,RX,CRC_FAIL,5C 15 D2 D4 3A 3A C6 D9
11.3744,STEERING_ECU,0x1BE,RX,OK,B3 CE 48 4B B3 11 69 8D
11.3769,ABS_ECU,0x186,RX,OK,C9 C6 CD A2 4A 48 3D 1C
11.3804,STEERING_ECU,0x1E6,RX,OK,DF 55 F2 CA 5A 59 BA 5D
11.3837,ABS_ECU,0x18F,RX,CRC_FAIL,70 2C B2 38 AA 4D 9A 29
11.3869,ENGINE_ECU,0x12E,RX,OK,7C 44 ED 7B 35 9C 34 60
11.3885,ENGINE_ECU,0x13F,TX,OK,2B 49 E6 78 15 F0 30 57
11.3902,STEERING_ECU,0x158,TX,OK,9A 32 09 C4 F5 DA 85 FA
11.3945,STEERING_ECU,0x1B9,RX,OK,D6 44 C8 B0 A5 75 FA 29
11.3964,ABS_ECU,0x12A,RX,OK,C2 5B BE E4 C5 1B FC 6E
11.3986,ABS_ECU,0x1BF,TX,OK,93 FE A8 2A F2 B4 9A 0C
11.403,ABS_ECU,0x1D2,RX,ERROR,4B F3 04 ED E6 4B 77 84
11.4067,AIRBAG_ECU,0x164,TX,OK,25 27 D5 A5 CE 5B 1A DF
11.4104,STEERING_ECU,0x159,RX,OK,8F 9F B5 A9 51 5B C0 31
11.4139,ABS_ECU,0x1B8,RX,OK,22 81 B4 6E FE 7C E7 00
11.4185,STEERING_ECU,0x1FF,TX,OK,96 78 F0 BA 0C EE 76 96
11.4209,DASHBOARD,0x121,RX,OK,7C 22 74 97 04 D5 AC EE
11.4248,STEERING_ECU,0x18D,RX,OK,C1 2B 9A F7 BE BF BE 01
11.4278,ENGINE_ECU,0x12E,RX,OK,8F 87 33 D2 D3 54 09 01
11.4315,DASHBOARD,0x1A5,RX,OK,66 43 4A C1 2A F8 14 B0
11.4345,STEERING_ECU,0x146,TX,OK,A1 F2 22 4B 8B 70 E5 FE
11.4361,ENGINE_ECU,0x13D,TX,OK,55 7C 99 DC E8 73 A6 9B
11.4408,ENGINE_ECU,0x1C9,TX,CRC_FAIL,BF C5 B3 3E 1B F5 D3 92
11.4425,AIRBAG_ECU,0x1A9,TX,OK,E5 87 6C FA 8C 5A 21 A5
11.4452,STEERING_ECU,0x1ED,RX,OK,F1 EA D0 72 92 B8 FB 2C
11.4469,DASHBOARD,0x1EB,RX,OK,47 34 45 11 94 C4 4F B1
11.4484,AIRBAG_ECU,0x177,RX,OK,D0 4E F5 31 42 29 08 5C
11.4518,DASHBOARD,0x179,TX,OK,FF FF 65 10 99 6D A2 4B
11.4537,DASHBOARD,0x1F0,RX,OK,25 08 C7 6F 07 98 4A A3
11.4586,ENGINE_ECU,0x14C,RX,OK,59 59 29 A6 C5 FA 45 4E
11.4624,AIRBAG_ECU,0x141,RX,CRC_FAIL,BE FB CB AC FC A0 8C 1E
11.4647,ENGINE_ECU,0x1C4,TX,OK,00 5D 06 7A BB B5 92 89
11.4675,STEERING_ECU,0x101,TX,OK,FE 8F 88 B6 B7 42 ED 6C
11.4696,DASHBOARD,0x1B9,TX,OK,DB 77 98 95 01 64 87 B2
11.471,AIRBAG_ECU,0x125,TX,OK,E4 FC 23 BD 2A 18 41 59
11.4732,AIRBAG_ECU,0x15D,TX,TIMEOUT,A6 E8 D1 96 5F 75 CF 2C
11.4751,ABS_ECU,0x19C,TX,OK,91 88 FD 46 8C 36 54 05
11.4791,ENGINE_ECU,0x174,TX,OK,F1 9E 37 BA 70 1C 69 AF
11.4808,STEERING_ECU,0x1FD,RX,OK,1E 2D C9 01 68 1E 6F 64
11.4851,DASHBOARD,0x12C,TX,OK,25 CD F9 02 56 90 9C 16
11.489,AIRBAG_ECU,0x1A2,RX,OK,66 79 77 93 E7 DD C9 6D
11.4915,AIRBAG_ECU,0x19E,TX,OK,6F 5C D3 D4 E6 42 A3 2A
11.4958,AIRBAG_ECU,0x1F8,TX,OK,D2 F1 F1 D5 4A DD C0 8D
11.4982,STEERING_ECU,0x162,TX,OK,AD 07 24 34 55 11 A5 FE
11.5003,ENGINE_ECU,0x101,RX,OK,58 10 2F 4A D5 F2 2B 76
11.5014,DASHBOARD,0x141,TX,OK,CA 7B 8A 52 EB 34 94 EF
11.5034,DASHBOARD,0x1A5,TX,OK,7F 02 A0 36 72 9D 4A 39
11.5073,ABS_ECU,0x152,TX,TIMEOUT,8D AF 5D FF 6D F3 9B 59
11.5116,AIRBAG_ECU,0x19A,RX,TIMEOUT,4B E7 A2 99 BD 9B C3 AA
11.5153,DASHBOARD,0x175,RX,OK,40 20 61 D8 55 22 01 7D
11.5175,STEERING_ECU,0x192,RX,OK,4F 2A 5F CF 5F CE 17 C5
11.5206,ABS_ECU,0x1AE,RX,OK,5D 4E 93 5B 47 06 A3 8C
11.522,STEERING_ECU,0x110,TX,OK,40 F9 E0 5C DD AE DE A7
11.5239,STEERING_ECU,0x167,TX,OK,D8 E7 AC 02 10 7A 54 D8
11.5253,ENGINE_ECU,0x117,TX,OK,F2 E8 FE E9 D7 AC 9D 92
11.5268,ABS_ECU,0x1A2,RX,OK,4D B6 99 B1 87 D8 38 EE
11.5295,AIRBAG_ECU,0x1D3,RX,OK,09 DE 1F AC 16 A7 30 D5
11.5312,ABS_ECU,0x154,RX,OK,19 D6 04 5B FF A1 36 ED
11.5359,DASHBOARD,0x17A,TX,TIMEOUT,D7 4F E2 91 21 06 88 0F
11.5388,ABS_ECU,0x144,RX,OK,1B 1C A2 4F F5 8D D4 21
11.5399,STEERING_ECU,0x150,TX,OK,24 B3 E6 2C 08 69 6C 47
11.5429,STEERING_ECU,0x155,RX,OK,48 38 7A 32 76 15 B9 3E
11.5457,AIRBAG_ECU,0x18B,RX,CRC_FAIL,4C B7 5A 2A 05 E3 48 AE
11.5474,STEERING_ECU,0x117,RX,TIMEOUT,CE 4D EB A5 8D A5 30 2F
11.5522,ABS_ECU,0x189,TX,OK,55 6E 38 AF C8 02 44 72
11.5555,ENGINE_ECU,0x16D,RX,OK,EA 1A 8F DB 63 16 D8 E2
11.5574,AIRBAG_ECU,0x1BD,TX,OK,89 DB 0E 01 43 53 5C C5
11.5597,DASHBOARD,0x1BA,RX,ERROR,B6 A9 4A 7C 36 5F 37 56
11.5635,ABS_ECU,0x136,TX,OK,50 3B 1C B7 6D 7D 76 D8
11.5667,STEERING_ECU,0x130,RX,OK,2E E0 ED 50 F2 19 89 36
11.5681,ABS_ECU,0x143,TX,ERROR,BE 5C 54 CB B4 46 E4 85
11.5715,DASHBOARD,0x1F3,RX,OK,8B 12 D9 BF 03 68 B5 FE
11.5749,DASHBOARD,0x1AB,TX,TIMEOUT,A7 C9 92 62 0F E5 A2 6F
11.5761,ABS_ECU,0x1CF,RX,OK,BA BE E1 0D F8 BD ED EA
11.5805,ABS_ECU,0x1B4,RX,OK,5C 97 3E 0F 7A 52 23 9C
11.5817,ENGINE_ECU,0x199,RX,OK,7D 66 45 9E 81 3F E1 24
11.5852,STEERING_ECU,0x1FA,RX,OK,E4 A8 59 4B A9 BE 69 2A
11.5897,STEERING_ECU,0x101,RX,OK,A7 0B 35 C5 93 89 17 2C
11.5946,ENGINE_ECU,0x1BD,TX,ERROR,37 99 57 DA CB D8 4F 06
11.5971,STEERING_ECU,0x1BB,TX,OK,7B EB 0F 2C 06 68 B5 A5
11.6003,DASHBOARD,0x134,TX,OK,14 44 66 CD 70 13 37 67
11.6053,ABS_ECU,0x148,RX,OK,D8 FF 80 F0 A8 7C 77 8E
11.6066,ENGINE_ECU,0x12C,RX,OK,0D 7F 52 10 42 6F 9D 9D
11.6095,ENGINE_ECU,0x1A8,RX,OK,5B C5 05 CC B2 EB 61 37
11.6117,AIRBAG_ECU,0x18D,RX,OK,D1 E7 0D F9 2C 79 55 65
11.6157,ENGINE_ECU,0x107,RX,OK,D4 3C 0B DF C1 7E E1 70
11.6191,AIRBAG_ECU,0x1A7,TX,OK,04 7C 1E D6 89 20 CD 8C
11.6217,ABS_ECU,0x1A1,RX,OK,57 51 AD 75 E1 C1 3F C9
11.6251,ABS_ECU,0x149,TX,OK,AF 43 70 8F 62 BF 07 E1
11.628,STEERING_ECU,0x137,RX,OK,45 E2 30 73 6E A0 5E 53
11.6328,ENGINE_ECU,0x1DD,TX,OK,E9 BF DD A6 D3 52 F4 FE
11.6364,ABS_ECU,0x1E7,TX,OK,A8 6F A1 DC B0 97 3A AE
11.6405,AIRBAG_ECU,0x1B1,RX,OK,0A 38 7A 2F 75 D8 3B 26
11.6437,AIRBAG_ECU,0x15F,RX,ERROR,E4 9F DA 4E 2F BD D3 48
11.6456,AIRBAG_ECU,0x14F,TX,OK,50 7E 22 8D D9 60 47 58
11.6487,ABS_ECU,0x185,RX,OK,51 44 60 D0 21 E2 06 14
11.6531,AIRBAG_ECU,0x1A7,RX,OK,75 75 6B 57 42 90 B5 2D
11.6576,ENGINE_ECU,0x15A,RX,CRC_FAIL,D4 49 8A A2 0A 59 22 46
11.6589,ENGINE_ECU,0x1BD,TX,OK,88 E0 7C CA 3A C9 EC 7E
11.662,ABS_ECU,0x1E8,TX,OK,BF 69 F2 4E 5A 1D D0 84
11.6634,DASHBOARD,0x137,TX,OK,82 23 E0 F7 4D 13 BF 3A
11.6668,ABS_ECU,0x152,RX,OK,78 F2 0D BB 45 88 58 90
11.6716,AIRBAG_ECU,0x1A7,RX,ERROR,B4 6E 61 08 E0 6C 15 9A
11.675,ENGINE_ECU,0x11C,TX,CRC_FAIL,13 55 71 14 2E E2 BD C6
11.6766,ENGINE_ECU,0x127,TX,OK,48 06 7C CB 2B 31 75 A8
11.6816,AIRBAG_ECU,0x1EC,RX,TIMEOUT,77 B2 FE A5 48 10 7C A2
11.6845,ABS_ECU,0x1CB,RX,OK,37 8F E1 F7 88 C3 9C 19
11.6875,AIRBAG_ECU,0x164,RX,OK,FB 21 7F 8B 83 3C 9F 32
11.6892,STEERING_ECU,0x1F4,TX,OK,9B D0 E8 22 50 46 53 24
11.6935,STEERING_ECU,0x1AF,TX,TIMEOUT,ED 4F 51 FA D3 90 3F CB
11.6955,ENGINE_ECU,0x1BB,RX,OK,70 BE 41 D6 ED 6A 9D C9
11.7003,STEERING_ECU,0x13C,RX,TIMEOUT,40 1A B7 72 98 45 FD A9
11.7027,DASHBOARD,0x132,RX,OK,6A 25 CC 5F 95 91 6F 51
11.7045,ENGINE_ECU,0x109,TX,OK,79 27 66 CC 02 A0 F8 EF
11.7074,ENGINE_ECU,0x1FA,RX,ERROR,9D CF 6A 77 19 9A CE 3E
11.7123,ABS_ECU,0x1A2,TX,OK,51 C4 35 AB 00 A8 64 62
11.7162,ENGINE_ECU,0x120,RX,OK,5C 30 37 9D 77 F0 26 9C
11.72,DASHBOARD,0x1A6,TX,OK,36 44 AB 2A 2A E1 A0 DE
11.7223,ABS_ECU,0x1D1,TX,OK,D3 E0 8C 19 6D 3C A1 1F
11.7269,ABS_ECU,0x1FB,TX,CRC_FAIL,02 68 A6 E3 1A 8D DE 25
11.7314,DASHBOARD,0x19E,RX,TIMEOUT,9E F8 54 D1 C0 04 99 34
11.7331,DASHBOARD,0x1C5,RX,OK,B5 61 70 52 85 F1 11 CE
11.7341,AIRBAG_ECU,0x101,RX,OK,71 9B 70 32 3B D2 4C 2A
11.7353,ENGINE_ECU,0x179,TX,TIMEOUT,78 02 7A 8F CA BF 11 70
11.7385,STEERING_ECU,0x1B5,RX,TIMEOUT,EA D0 EE 6D DA CA 68 4B
11.742,AIRBAG_ECU,0x1BC,RX,OK,81 74 75 D9 26 EE 17 75
11.7431,STEERING_ECU,0x1F4,RX,OK,8C B5 E8 91 39 7E 39 11
11.7471,AIRBAG_ECU,0x1F3,TX,OK,C0 03 44 69 98 60 9D C7
11.7512,ENGINE_ECU,0x121,TX,OK,D5 71 7E AE FF 53 49 DE
11.7533,ABS_ECU,0x157,RX,OK,9F 0B D3 7F 36 9C E7 54
11.7553,STEERING_ECU,0x1DF,RX,OK,78 9A 85 23 83 D4 CA 62
11.7587,DASHBOARD,0x19D,RX,CRC_FAIL,E7 53 FF 6A 31 6A 83 DF
11.7604,ABS_ECU,0x10E,TX,OK,1E AF 50 08 F8 48 4B C9
11.7633,DASHBOARD,0x1C6,TX,OK,21 B0 17 AB 4F F8 0D AB
11.7659,AIRBAG_ECU,0x19C,TX,OK,B5 B9 E6 CE 05 D6 B7 C3
11.7697,DASHBOARD,0x165,RX,OK,5F 61 A2 8D 43 D9 F0 AF
11.7711,DASHBOARD,0x182,RX,CRC_FAIL,FD 20 F5 B1 B3 2B 1E FF
11.7731,ABS_ECU,0x1B7,TX,OK,91 0E F4 E2 17 60 58 3E
11.777,ABS_ECU,0x18D,RX,OK,BB 87 0F A7 04 B6 9A A3
11.7785,AIRBAG_ECU,0x1B2,TX,OK,E3 AA 3E 31 2F 73 A5 A5
11.7818,ENGINE_ECU,0x1DA,TX,OK,E1 DD 9A A7 15 37 C6 1B
11.786,DASHBOARD,0x18F,TX,OK,B1 DE 8A 3E 0E 92 2F B2
11.7887,AIRBAG_ECU,0x1E0,TX,OK,79 8C 7F 8F EB 94 1E C9
11.7929,AIRBAG_ECU,0x105,TX,ERROR,27 1D 80 B5 1A 2E D4 A8
11.7948,ABS_ECU,0x1B1,TX,OK,CC C4 96 1F 43 2A 81 E5
11.7978,DASHBOARD,0x114,RX,OK,C8 D3 2D 70 C5 20 3C 27
11.8002,DASHBOARD,0x19B,RX,OK,0C 98 77 C6 3C EF 0B 12
11.8025,STEERING_ECU,0x197,TX,ERROR,A7 28 28 A0 94 B2 37 45
11.8066,ABS_ECU,0x1DC,TX,OK,2E B2 CD 50 46 98 70 4A
11.8078,AIRBAG_ECU,0x15B,TX,OK,3C 0D F2 D4 00 14 1F 6F
11.8109,ENGINE_ECU,0x1B1,RX,ERROR,45 34 71 7D 48 0C 53 90
11.8133,DASHBOARD,0x1CC,RX,CRC_FAIL,4F 93 FD 6E 36 19 13 D5
11.8182,ABS_ECU,0x16A,RX,OK,C9 3A C4 09 12 E9 EB 40
11.8219,DASHBOARD,0x1DB,TX,CRC_FAIL,5A 63 24 5B 7F B4 C8 3F
11.8255,DASHBOARD,0x188,RX,OK,75 B8 E5 0D 83 81 4D AF
11.8292,DASHBOARD,0x136,RX,TIMEOUT,B7 2C EF 02 18 44 D5 B4
11.8334,ABS_ECU,0x17B,TX,OK,18 1E 8D 55 09 FF 1C 17
11.836,ENGINE_ECU,0x135,RX,OK,96 FD 36 35 4E 1F 98 9C
11.8391,ABS_ECU,0x1F0,TX,OK,C2 7B 55 B1 30 CD D9 0F
11.843,AIRBAG_ECU,0x167,TX,OK,E4 35 B1 57 BF 90 2C 9D
11.8448,AIRBAG_ECU,0x1FF,TX,CRC_FAIL,4F EA C2 9B C9 A3 9F 83
11.8482,AIRBAG_ECU,0x185,TX,OK,39 3F 27 66 36 CB 21 32
11.8529,STEERING_ECU,0x1E1,RX,TIMEOUT,D7 7D AE 7D 8F 85 0D 4D
11.856,ENGINE_ECU,0x106,TX,OK,1B 76 AB B7 3F C1 F6 B8
11.8593,AIRBAG_ECU,0x1B7,RX,OK,F0 4F C1 9C BF 0F 14 62
11.8608,AIRBAG_ECU,0x10F,RX,OK,C2 5F FD 60 38 9D 62 DF
11.8638,ABS_ECU,0x156,RX,OK,3C 68 9B 24 81 8D 06 9C
11.8679,STEERING_ECU,0x100,TX,OK,26 C9 A4 11 78 FF 6C 71
11.8697,ABS_ECU,0x1B4,TX,OK,21 C5 12 07 85 3E F4 68
11.8711,STEERING_ECU,0x13B,TX,OK,3A EA BB CE 4D EA 92 C0
11.8726,AIRBAG_ECU,0x114,TX,CRC_FAIL,09 FE 44 38 F2 5F 8D D9
11.8768,ABS_ECU,0x14E,TX,OK,29 4D 77 AB F1 5E AC C2
11.881,DASHBOARD,0x1B3,TX,OK,AA F4 87 39 E3 C3 18 DC
11.8828,DASHBOARD,0x179,TX,OK,9F ED 08 C3 0E 37 9C C6
11.8851,STEERING_ECU,0x146,TX,OK,A6 3D 18 8E 6A 0A 31 7E
11.8869,ENGINE_ECU,0x1AC,TX,OK,80 E7 21 4A 7E 48 C4 7B
11.8916,AIRBAG_ECU,0x1DB,TX,ERROR,A9 2E 38 27 56 40 28 1F
11.8927,AIRBAG_ECU,0x195,RX,CRC_FAIL,B9 1A 0A A4 4B D9 9B 0B
11.8975,ABS_ECU,0x17B,TX,OK,B2 E6 4A 63 6E 8E 1E 34
11.9011,AIRBAG_ECU,0x1C5,RX,OK,09 C8 D5 11 39 BF 42 10
11.9041,AIRBAG_ECU,0x104,RX,ERROR,AD 10 10 8A F8 31 5F 57
11.908,ENGINE_ECU,0x1BA,RX,OK,5A FD 21 C4 57 14 1E 5A
11.9109,ENGINE_ECU,0x111,TX,ERROR,54 E1 07 7E 40 D5 E7 E6
11.9146,ENGINE_ECU,0x1B8,TX,OK,20 DF 27 A4 45 11 6F A4
11.9171,ENGINE_ECU,0x1F3,RX,OK,AA CE 50 C2 D6 8F 67 85
11.9198,ENGINE_ECU,0x1D5,TX,OK,BB FC 80 4E 9A 2E DB BD
11.9212,STEERING_ECU,0x105,RX,OK,78 F6 5E A7 2D 4A 83 68
11.9259,DASHBOARD,0x1D9,RX,OK,85 AE 27 1B 42 8B 37 DD
11.9308,ENGINE_ECU,0x159,RX,OK,4C 7C E3 C3 E9 41 19 5B
11.9333,AIRBAG_ECU,0x191,TX,OK,0A 7D 64 D8 52 2C 36 A4
11.9359,AIRBAG_ECU,0x1E0,RX,OK,8C 63 82 22 21 C2 2E 52
11.9373,ABS_ECU,0x1D7,TX,OK,13 CD 2E 0E 3A BB 85 F6
11.9409,ENGINE_ECU,0x1DD,RX,OK,F8 42 1C 3D 7C 76 1A 2C
11.943,STEERING_ECU,0x1F1,RX,OK,84 F5 4A 80 7A 14 79 1B
11.9467,DASHBOARD,0x1C2,TX,ERROR,81 53 78 1C B2 19 68 CE
11.9497,STEERING_ECU,0x160,TX,OK,E5 0C 12 0C 22 57 DB 8B
11.9517,AIRBAG_ECU,0x105,RX,OK,AC 6D 0A 25 CF EF 30 CA
11.9541,AIRBAG_ECU,0x1CD,TX,OK,8F CE 16 60 86 D4 87 1E
11.958,STEERING_ECU,0x1BF,RX,ERROR,42 48 65 E0 0B 4B 34 F0
11.9601,AIRBAG_ECU,0x1B1,TX,OK,D6 E0 43 EC 34 FE BD 2B
11.9628,ABS_ECU,0x124,TX,ERROR,09 7B FC E5 24 07 01 30
11.965,STEERING_ECU,0x159,TX,OK,50 B1 70 4D 4F D6 DD F7
11.9683,ABS_ECU,0x159,RX,OK,29 DC 8F 4C 83 44 32 03
11.9709,AIRBAG_ECU,0x1B7,TX,OK,4D 1D E7 F9 0F 5D 26 0B
11.9752,ENGINE_ECU,0x141,TX,OK,C7 34 6F 95 3A 31 48 47
11.979,DASHBOARD,0x1C9,TX,OK,FB 91 E9 AD D9 FE F3 F8
11.9823,ABS_ECU,0x189,RX,OK,3F 36 78 05 4E 85 22 CE
11.9851,STEERING_ECU,0x1EF,RX,OK,FB 16 F1 CA 57 F1 9B 16
11.9887,ENGINE_ECU,0x164,RX,CRC_FAIL,84 0F FE 77 00 3F 68 DF
11.9907,AIRBAG_ECU,0x10A,TX,TIMEOUT,A4 6B 71 D9 36 F3 18 1A
11.9925,ENGINE_ECU,0x10A,RX,TIMEOUT,00 9B 38 D4 00 40 E8 35
11.9965,AIRBAG_ECU,0x160,TX,CRC_FAIL,57 95 FE 34 D2 B4 A1 70
12.0014,ENGINE_ECU,0x133,TX,OK,A3 0D F5 5D D9 48 4F 30
12.0057,ENGINE_ECU,0x1FE,RX,OK,73 84 7D D0 7A 78 95 93
12.0105,STEERING_ECU,0x1A9,TX,OK,C0 AA 77 D6 7C E2 53 73
12.014,DASHBOARD,0x10E,RX,OK,10 B3 72 9D 5C 95 FF 5B
12.0165,ENGINE_ECU,0x15F,RX,OK,A4 63 DD 63 A6 EF 4D AD
12.0202,ENGINE_ECU,0x10D,RX,TIMEOUT,0A C5 C9 E0 16 01 D4 7B
12.0236,AIRBAG_ECU,0x1B1,TX,OK,E9 37 D8 AC BB 73 0A 94
12.028,AIRBAG_ECU,0x1F8,TX,ERROR,02 24 F5 08 9A 06 F5 C8
12.0326,ABS_ECU,0x166,TX,OK,9B 0E 77 B0 A4 0C 90 C0
12.0352,DASHBOARD,0x14B,TX,CRC_FAIL,88 40 57 C8 36 2A 7E D8
12.0374,STEERING_ECU,0x18E,RX,OK,0D 6B FB 0C EC A5 3B EB
12.0406,STEERING_ECU,0x167,TX,TIMEOUT,7E A0 E4 7A 65 38 83 5F
12.0435,AIRBAG_ECU,0x1F1,TX,OK,27 D4 76 75 85 42 1F 70
12.0464,ABS_ECU,0x173,TX,OK,5C 50 42 FD 2A AE 27 F2
12.0501,AIRBAG_ECU,0x1CC,RX,OK,9F 69 FC 1C 35 E2 8F 35
12.0531,DASHBOARD,0x14F,TX,OK,92 AD 73 DC 71 D6 76 68
12.0547,AIRBAG_ECU,0x128,TX,ERROR,59 E8 59 4B 48 03 54 96
12.0588,ABS_ECU,0x1DA,RX,OK,5A 33 50 80 13 AF 7F C2
12.0635,ABS_ECU,0x110,RX,OK,62 60 82 D1 9E E0 8D CA
12.0671,STEERING_ECU,0x1FB,RX,ERROR,B6 4B 57 F2 0B 6E 02 9D
12.069,ABS_ECU,0x1A9,TX,OK,2B 9B CA 19 BC 98 7D FD
12.0712,DASHBOARD,0x1AA,TX,OK,1B 34 84 0A 3F 6D 00 B9
12.0733,ENGINE_ECU,0x182,TX,OK,C5 EA B1 57 BE 7B 2E 2E
12.0751,ENGINE_ECU,0x1FF,TX,OK,5F 58 B9 D1 72 6A BA 87
12.0794,DASHBOARD,0x1CF,TX,TIMEOUT,53 24 A2 3F 31 54 2C D0
12.0827,AIRBAG_ECU,0x1BE,RX,TIMEOUT,A3 E9 E7 B2 83 D7 9D 9A
12.0867,ENGINE_ECU,0x1D8,RX,OK,D3 12 53 BB 03 BC 9C DD
12.0887,STEERING_ECU,0x133,RX,OK,EB A0 24 76 C1 8F 7A E5
12.0932,ENGINE_ECU,0x11B,TX,OK,92 05 F8 F4 97 FD A6 92
12.0945,STEERING_ECU,0x118,RX,CRC_FAIL,C8 66 3B BC A1 55 9D D9
12.0987,ENGINE_ECU,0x1F9,RX,OK,25 88 3B 2D EC 2C AE CB
12.101,ABS_ECU,0x1B5,RX,CRC_FAIL,42 1E 1B AE 35 24 A0 47
12.1026,ABS_ECU,0x1D7,RX,OK,2C E1 D7 39 0B D1 3B 25
12.1045,ABS_ECU,0x1AF,RX,OK,0A 80 AE 55 8D E3 2B 5E
12.1069,AIRBAG_ECU,0x176,RX,OK,9D 87 FF 87 5A 52 B2 7B
12.1095,STEERING_ECU,0x156,TX,OK,DD AE 08 A7 71 6B 18 0A
12.1105,ABS_ECU,0x166,TX,OK,6C E6 72 6D 1A D3 6F 66
12.1137,AIRBAG_ECU,0x194,RX,OK,2B CD 7F 43 77 99 5B 5A
12.1151,STEERING_ECU,0x111,RX,OK,F7 8E F8 A4 19 F4 EF 56
12.12,AIRBAG_ECU,0x173,RX,TIMEOUT,38 BD FF 47 81 3B 30 CD
12.1237,AIRBAG_ECU,0x195,RX,OK,6D B3 5C 02 CA 16 B2 BF
12.1272,ABS_ECU,0x19B,TX,OK,BE A7 50 2C 8A D3 2F 97
12.1291,DASHBOARD,0x12F,RX,OK,F4 19 E9 D9 53 8B 78 60
12.1313,ENGINE_ECU,0x128,RX,OK,AF 9D A0 31 38 90 D3 3F
12.1324,ABS_ECU,0x127,RX,OK,FD EB 2D AA E2 80 AB 4C
12.1372,ENGINE_ECU,0x1A7,RX,OK,D5 ED 7E 13 5C CB 89 C4
12.1406,ABS_ECU,0x1C4,RX,ERROR,CE AC 2A CC 3C E5 E9 86
12.1423,DASHBOARD,0x1F8,RX,OK,8D F9 BA 61 AC 90 A0 6D
12.1437,ABS_ECU,0x1D3,RX,OK,69 E2 F8 E7 E8 6E CD 46
12.1448,STEERING_ECU,0x1C1,TX,OK,37 0E E3 06 5A 01 2A 4E
12.1491,ENGINE_ECU,0x144,TX,OK,A7 F0 42 F6 4D 85 79 99
12.1529,ENGINE_ECU,0x167,TX,OK,AD E9 F6 14 7C 90 D8 EB
12.1556,AIRBAG_ECU,0x1D6,RX,OK,D5 42 BD EC 47 F1 38 44
12.1604,ENGINE_ECU,0x1FD,TX,OK,26 C6 D9 86 68 91 87 8E
12.1619,ABS_ECU,0x144,TX,OK,EB CD CA EA E0 15 B6 90
12.1667,AIRBAG_ECU,0x186,RX,OK,77 CE CE A1 6B 1A 19 57
12.1715,AIRBAG_ECU,0x1B2,RX,OK,D4 53 87 D5 46 63 82 15
12.1749,DASHBOARD,0x1ED,RX,OK,05 FE 43 9E 19 A3 E1 A5
12.1784,ENGINE_ECU,0x102,TX,OK,53 91 B2 60 82 D2 25 7A
12.183,STEERING_ECU,0x1F5,TX,ERROR,00 6C 30 16 62 11 5C E3
12.1867,ENGINE_ECU,0x148,TX,OK,31 BD B7 85 6D ED DC B8
12.1879,AIRBAG_ECU,0x1D2,TX,CRC_FAIL,2F E3 7E 38 28 1A 75 DE
12.1924,STEERING_ECU,0x1EA,TX,CRC_FAIL,86 BB E5 BB 05 2A CA 5F
12.1934,AIRBAG_ECU,0x113,RX,OK,C2 96 30 19 FF 25 BF 6A
12.1969,DASHBOARD,0x119,RX,OK,1D 79 34 2C 53 52 D7 88
12.2009,AIRBAG_ECU,0x189,RX,OK,19 B2 BC 30 EE D2 64 A6
12.2032,DASHBOARD,0x197,TX,OK,FD E4 F5 06 8C ED 05 90
12.2061,DASHBOARD,0x106,TX,OK,70 D8 B8 FB 72 CB 27 86
12.2093,STEERING_ECU,0x10D,RX,OK,EB A3 DD B4 9E 5D 7D 22
12.2122,ABS_ECU,0x1C8,TX,ERROR,05 E6 48 2D F7 51 0A 44
12.2165,ABS_ECU,0x141,TX,OK,28 A4 A9 9D 74 7A B5 D0
12.2211,STEERING_ECU,0x122,RX,OK,AE 63 35 24 34 75 90 5B
12.223,ENGINE_ECU,0x123,TX,OK,1E C8 FC 74 FD C3 1C A3
12.2274,ABS_ECU,0x157,RX,OK,6C 73 9B C1 42 D4 10 4A
12.2294,STEERING_ECU,0x1A9,RX,OK,34 29 33 07 E6 37 A5 60
12.2316,AIRBAG_ECU,0x1A1,TX,OK,98 6B 17 1F 8A 95 67 85
12.2332,AIRBAG_ECU,0x146,TX,OK,E2 AF EA 56 5D 2A BF C1
12.2356,ENGINE_ECU,0x130,TX,OK,34 0E 4B D5 A2 74 F8 20
12.2405,DASHBOARD,0x1E6,RX,OK,02 A4 5E 0F FE 6D 1F CD
12.2437,ENGINE_ECU,0x1C7,TX,OK,F2 19 34 A6 25 25 C1 43
12.2482,STEERING_ECU,0x1A2,RX,OK,F2 30 CD 32 DB DE C2 98
12.2517,AIRBAG_ECU,0x1A1,RX,OK,4C CE 5C E5 B9 05 B8 37
12.2557,ENGINE_ECU,0x145,TX,OK,65 4E 92 18 BF 2A BE 6B
12.2569,ENGINE_ECU,0x1E5,TX,OK,DC B7 C9 FB 84 A4 4F C9
12.2598,ENGINE_ECU,0x111,RX,OK,D9 32 4E 82 9C 63 A7 74
12.2639,DASHBOARD,0x157,TX,CRC_FAIL,5E 80 93 00 D2 42 9A CB
12.266,DASHBOARD,0x147,RX,OK,F7 A3 EF F6 C7 2F 47 26
12.2697,ENGINE_ECU,0x1D7,RX,OK,1D E4 A7 DE 4B 77 5D 5C
12.2722,STEERING_ECU,0x134,TX,OK,A6 EC 0A CB 06 8D 66 8F
12.2746,ENGINE_ECU,0x1AF,RX,ERROR,19 E0 53 25 37 D2 52 BE
12.2779,DASHBOARD,0x199,RX,OK,4D C1 E9 65 6C 90 A2 C7
12.2821,ABS_ECU,0x141,TX,OK,E3 99 C8 07 F7 DA C3 F2
12.2858,ENGINE_ECU,0x124,TX,OK,D7 AF 44 E7 48 78 BD 98
12.2902,ABS_ECU,0x14C,RX,OK,5F 86 B9 41 E0 24 08 EA
12.2919,DASHBOARD,0x1A1,TX,OK,3A B3 95 4A C7 83 EB 49
12.2964,STEERING_ECU,0x1C9,TX,OK,9E 9F 8C 99 63 0D D1 C0
12.2998,ENGINE_ECU,0x116,RX,OK,1F 53 38 44 2C 9B 32 7C
12.3032,STEERING_ECU,0x1CB,TX,OK,0F 35 79 B3 DE 82 00 75
12.3062,ABS_ECU,0x1A9,TX,OK,03 A3 A7 85 12 A1 A9 A8
12.3094,ENGINE_ECU,0x1DD,RX,ERROR,10 BF CE D1 6B 63 D2 64
12.3127,AIRBAG_ECU,0x1D5,TX,OK,4D 8C 6F BC 78 EE 23 8F
12.3172,DASHBOARD,0x181,RX,OK,0A 66 31 0D 71 7A E9 58
12.3212,ABS_ECU,0x18A,TX,CRC_FAIL,EB D9 74 9B 8A 7B 2C 08
12.3242,AIRBAG_ECU,0x1A5,RX,OK,D1 DF 8B 1E F2 25 8D CF
12.3274,DASHBOARD,0x10E,RX,OK,76 C5 D1 C6 78 8B 98 6A
12.329,STEERING_ECU,0x165,TX,ERROR,B2 2A 43 39 48 90 6E F2
12.3324,AIRBAG_ECU,0x1E4,TX,CRC_FAIL,D1 E8 D8 C1 51 29 66 EC
12.3337,ENGINE_ECU,0x155,TX,OK,C0 10 96 E6 A0 07 F9 A6
12.3349,ABS_ECU,0x180,RX,ERROR,30 7F C7 38 07 D7 6D F6
12.3376,ABS_ECU,0x113,TX,OK,2B B6 E2 A7 FC 67 0E 1B
12.3418,STEERING_ECU,0x1FB,TX,OK,F2 3D AE 95 C3 17 F5 3F
12.3448,ABS_ECU,0x1FE,TX,TIMEOUT,E7 1A F9 FD 6A 80 03 00
12.3498,STEERING_ECU,0x10E,RX,OK,B1 EB CE 68 D1 C7 28 17
12.3533,ENGINE_ECU,0x1B3,RX,OK,61 9D 6D FF 79 5E 96 B3
12.3573,ENGINE_ECU,0x116,TX,OK,B0 86 8D 6C 36 24 66 6B
12.3617,ABS_ECU,0x1A4,RX,CRC_FAIL,16 0E A3 32 85 CE 1D 87
12.3637,DASHBOARD,0x108,TX,OK,C9 0E CB C2 4C A9 AC 9F
12.3665,DASHBOARD,0x132,RX,OK,61 7C DE 64 65 1F D2 CA
12.3708,DASHBOARD,0x18C,TX,OK,03 8C 3C 46 51 D0 4F 99
12.3754,STEERING_ECU,0x186,TX,TIMEOUT,16 E9 10 CF 68 0B 18 96
12.3771,DASHBOARD,0x193,RX,TIMEOUT,D8 1B 8C 92 CA 44 C4 4E
12.3812,DASHBOARD,0x1EA,RX,OK,13 45 D1 86 60 E9 96 50
12.3836,ENGINE_ECU,0x11F,TX,OK,26 D7 17 79 D7 45 A4 98
12.3869,ABS_ECU,0x100,TX,OK,D2 EA 05 AD 57 D4 F8 E4
12.3887,AIRBAG_ECU,0x16A,TX,OK,D3 FB 8B 72 79 E6 48 D2
12.3909,ABS_ECU,0x132,RX,OK,B0 7E 4B 4A DB B9 46 F9
12.3942,DASHBOARD,0x1C7,RX,OK,28 00 B0 7A 46 CB AE C0
12.3953,DASHBOARD,0x16B,RX,OK,13 08 9A CE F8 B8 FE 4D
12.3998,STEERING_ECU,0x17E,TX,OK,F2 40 00 E2 D7 A7 53 CF
12.4031,AIRBAG_ECU,0x1DD,RX,OK,0D D3 AE 07 71 96 40 0D
12.405,DASHBOARD,0x1DD,RX,CRC_FAIL,2E 06 51 D3 7C 7E CE 25
12.4072,AIRBAG_ECU,0x127,TX,TIMEOUT,E6 1A 26 80 43 C3 CF C6
12.4096,AIRBAG_ECU,0x129,RX,OK,AB E4 B4 30 16 75 CB 5E
12.414,ENGINE_ECU,0x1FF,RX,OK,48 59 5E 39 E0 AE 93 95
12.4162,AIRBAG_ECU,0x181,RX,OK,9A 95 1B 50 FC FA 69 3F
12.4176,ENGINE_ECU,0x124,RX,OK,3B 19 B2 AB B0 BC 04 B9
12.4224,STEERING_ECU,0x147,TX,CRC_FAIL,10 55 17 11 F7 D5 FA 1D
12.426,ENGINE_ECU,0x130,RX,OK,71 BE E8 94 27 DC D3 AC
12.4286,STEERING_ECU,0x166,TX,CRC_FAIL,46 C3 8F 03 D6 86 F0 4D
12.4332,STEERING_ECU,0x169,RX,OK,5E 92 EA 6B 18 50 48 47
12.4379,ENGINE_ECU,0x10C,RX,OK,B7 F6 2C 31 FB 71 37 C8
12.4427,STEERING_ECU,0x14E,TX,OK,E6 1A 8E 13 5E 84 C6 7F
12.4446,ABS_ECU,0x199,TX,OK,41 59 47 7B 40 E7 4A 3B
12.4485,STEERING_ECU,0x1C3,TX,OK,19 E2 E2 9F 47 69 E0 DF
12.4511,STEERING_ECU,0x19C,TX,OK,13 CF FE CD 6A 77 B4 05
12.4529,STEERING_ECU,0x10B,TX,OK,97 CC B8 D3 2C 40 8D D3
12.4567,AIRBAG_ECU,0x1E5,RX,OK,FB FA 9F 22 3D 7B 5E 81
12.4603,ABS_ECU,0x153,TX,OK,B4 63 C6 1C F3 50 4E A2
12.465,ABS_ECU,0x199,TX,OK,9E 99 B4 18 BF 62 F2 77
12.4663,ENGINE_ECU,0x102,TX,OK,83 A7 36 EB 11 B6 C5 BB
12.4703,ABS_ECU,0x107,RX,OK,85 E1 02 0E 65 F9 6B 79
12.475,AIRBAG_ECU,0x167,TX,CRC_FAIL,D5 E8 23 A1 B6 31 43 89
12.478,ABS_ECU,0x199,TX,CRC_FAIL,52 20 24 A4 F0 60 73 9B
12.4822,DASHBOARD,0x1C5,RX,OK,B9 13 A9 53 BE 7E 58 8E
12.4869,DASHBOARD,0x182,RX,OK,54 E1 FB DB 2E 07 98 DC
12.4885,ABS_ECU,0x171,TX,OK,98 39 85 81 E2 5F 80 C9
12.4916,STEERING_ECU,0x182,TX,OK,82 1B 6B 38 C1 88 DA E9
12.4942,AIRBAG_ECU,0x1EC,TX,CRC_FAIL,23 6F 6C FD EF 25 F1 90
12.496,AIRBAG_ECU,0x136,RX,ERROR,10 11 F6 18 CE 4D A7 EF
12.5003,ABS_ECU,0x1CB,TX,ERROR,25 A7 86 2A EC B7 21 F4
12.5031,DASHBOARD,0x1E1,TX,OK,0D 8F 8A C1 C0 7B A0 57
12.5062,ABS_ECU,0x185,RX,CRC_FAIL,8D 0C 46 DA 99 B0 42 B0
12.5074,STEERING_ECU,0x195,RX,ERROR,1E 5D 67 FA 57 76 B7 49
12.5093,AIRBAG_ECU,0x1D0,RX,OK,B2 D2 63 79 4A ED E0 E3
12.5122,DASHBOARD,0x16F,TX,OK,7A 00 C8 B7 38 A1 5A 23
12.5161,DASHBOARD,0x126,TX,OK,9B B1 E5 00 CD C1 44 C0
12.5195,ENGINE_ECU,0x180,TX,OK,E5 58 25 F7 B4 68 95 98
12.5219,AIRBAG_ECU,0x1A3,RX,OK,2D 67 E7 51 EA 20 70 0A
12.5251,ENGINE_ECU,0x16B,RX,OK,DF 1A 76 F3 A6 61 B0 43
12.528,STEERING_ECU,0x1B0,RX,OK,C9 19 10 C0 27 64 7B 12
12.5328,DASHBOARD,0x175,TX,CRC_FAIL,8E 3A FC BE E8 58 EF BC
12.5342,AIRBAG_ECU,0x1C9,RX,OK,40 DE 88 8F 1E EF C8 65
12.5355,AIRBAG_ECU,0x185,RX,ERROR,5C 9B 7B 99 AA 4A 40 8A
12.5371,DASHBOARD,0x181,TX,OK,E4 73 CA E0 B5 1D B7 01
12.539,AIRBAG_ECU,0x13B,TX,OK,0E 4E F7 98 EB 31 8A 3A
12.5409,STEERING_ECU,0x1F5,RX,OK,7F 3B E2 14 5A 31 47 E8
12.5449,ENGINE_ECU,0x1A0,TX,OK,72 4F D5 FB 44 9E 1B F2
12.5485,DASHBOARD,0x125,TX,OK,E7 58 29 54 A4 FA 9A 73
12.5533,ABS_ECU,0x110,TX,OK,11 9B 87 00 84 AA 71 18
12.5573,ENGINE_ECU,0x1CD,RX,OK,76 9C B1 00 92 76 73 FF
12.559,AIRBAG_ECU,0x170,TX,CRC_FAIL,A5 8D 21 5C 22 04 EA 9E
12.5639,DASHBOARD,0x163,RX,OK,95 61 C9 A4 D5 B4 90 D5
12.567,ABS_ECU,0x102,RX,OK,06 01 78 16 CD CF A7 AE
12.5686,ENGINE_ECU,0x189,RX,OK,8C D0 EB C6 66 1E 51 9A
12.5701,ABS_ECU,0x169,RX,CRC_FAIL,BB 4F D8 7B 22 9A 93 26
12.5746,DASHBOARD,0x129,TX,TIMEOUT,C4 DE 31 9F 54 B1 5C 70
12.5775,DASHBOARD,0x1F5,RX,OK,29 9B 3F 8A CA 9C 16 60
12.5808,STEERING_ECU,0x14C,RX,TIMEOUT,9A B8 80 B4 79 0C 58 75
12.5831,STEERING_ECU,0x140,TX,CRC_FAIL,62 97 85 29 FC 7E 2E 48
12.5843,AIRBAG_ECU,0x11D,RX,OK,EB EA 8F E5 3D 13 F6 9D
12.5875,AIRBAG_ECU,0x178,RX,CRC_FAIL,0E CE C5 99 3A 0B A9 E4
12.591,ENGINE_ECU,0x155,RX,OK,21 19 01 AC 8E 00 8B 34
12.5926,DASHBOARD,0x157,TX,OK,33 DC 55 C1 2B 54 7C C5
12.5944,DASHBOARD,0x171,RX,OK,C1 8E 0B BE 05 93 08 71
12.598,ENGINE_ECU,0x160,TX,OK,FF BF 69 19 84 D3 9B 96
12.6024,STEERING_ECU,0x179,TX,OK,A4 8E 8E 1A 35 CF 42 55
12.6051,STEERING_ECU,0x1B1,TX,OK,44 04 7A 46 5C 97 6B 6A
12.6063,ABS_ECU,0x188,RX,OK,7A DF 5B F9 E5 B6 3E 00
12.6092,ENGINE_ECU,0x1BD,RX,TIMEOUT,F4 C9 EB 8B 73 4F 96 35
12.6109,AIRBAG_ECU,0x15B,TX,OK,E4 4B 8F 29 E7 DF D5 13
12.6122,AIRBAG_ECU,0x101,TX,OK,54 97 E2 C9 D5 78 8C 93
12.6164,DASHBOARD,0x122,RX,OK,38 85 3B 9E B9 05 EB BA
12.6206,ABS_ECU,0x1D5,TX,OK,40 B5 A4 FF 0C 8C 6F F9
12.6236,AIRBAG_ECU,0x1FC,RX,OK,87 2C A4 26 4C 01 F3 15
12.6247,ABS_ECU,0x167,RX,OK,DE 08 A1 33 E5 6D 67 C7
12.6294,ENGINE_ECU,0x15D,RX,OK,BF DB 74 06 A9 C8 60 3D
12.6307,STEERING_ECU,0x1EA,RX,OK,BA EC FE 67 B6 4A 43 90
12.6335,DASHBOARD,0x12E,RX,OK,64 65 C0 35 72 84 55 91
12.6378,DASHBOARD,0x1EF,TX,OK,06 B5 E5 AC 65 D7 C9 C1
12.6416,DASHBOARD,0x106,RX,OK,14 CF B5 21 0B DC 98 5B
12.6442,DASHBOARD,0x107,RX,OK,3C 00 58 A5 55 8D F5 67
12.6469,ABS_ECU,0x11E,RX,OK,E0 8A 10 43 1E BE 56 EC
12.6509,AIRBAG_ECU,0x1BF,TX,OK,27 22 F8 69 3B 05 8C F2
12.6547,STEERING_ECU,0x149,RX,OK,8C 24 AD 8D A9 DC 84 65
12.6581,DASHBOARD,0x1F6,RX,OK,C2 1A F5 7E B1 65 C7 AB
12.6611,ABS_ECU,0x124,TX,ERROR,D0 6C 5E 5D E8 02 8F E9
12.6658,ABS_ECU,0x157,RX,OK,27 FC 8B 05 0A 36 19 4D
12.6688,AIRBAG_ECU,0x173,TX,CRC_FAIL,96 C1 A4 00 FF E4 91 51
12.6709,AIRBAG_ECU,0x1F4,TX,OK,1F A8 B8 DA DC 54 DB 3C
12.6744,DASHBOARD,0x125,RX,OK,73 A0 FF 95 04 10 DF 98
12.6761,DASHBOARD,0x1E5,RX,OK,2A CC F6 C4 19 ED 7A A9
12.6805,AIRBAG_ECU,0x1EF,RX,OK,0A 85 11 64 DD AE 61 0C
12.6854,AIRBAG_ECU,0x17F,RX,OK,F6 C3 D0 C5 57 DA 0E F3
12.6866,AIRBAG_ECU,0x166,RX,OK,E8 32 11 72 A1 E2 13 43
12.6893,DASHBOARD,0x105,RX,OK,B0 40 36 09 0D AF 65 EC
12.6913,ENGINE_ECU,0x13D,RX,ERROR,83 46 A3 4E FC 6F D3 AF
12.6962,AIRBAG_ECU,0x1E2,TX,CRC_FAIL,C0 A2 E8 7E 2F 33 23 5F
12.7004,AIRBAG_ECU,0x16B,TX,OK,61 A2 D5 58 B3 72 4F F6
12.7021,STEERING_ECU,0x1A3,TX,OK,BA 65 45 ED DB 2E 6A 09
12.7051,DASHBOARD,0x1DF,RX,OK,68 AE EE 7D CD 98 41 D4
12.7066,STEERING_ECU,0x145,RX,OK,3D A0 FE 25 F4 B5 27 C4
12.7095,AIRBAG_ECU,0x177,TX,OK,F5 60 4F 62 95 4C 59 0F
12.713,DASHBOARD,0x1BA,TX,OK,9D AE 3C BC 20 1A 79 A6
12.7172,AIRBAG_ECU,0x156,RX,OK,1A FC 17 49 84 4C 90 EA
12.7207,ABS_ECU,0x1FC,TX,ERROR,39 F7 A0 74 D3 DF 93 A7
12.7231,ENGINE_ECU,0x195,TX,TIMEOUT,EA 47 D5 0E 3C 6B 54 D1
12.7242,ABS_ECU,0x180,TX,OK,E0 CB 74 A0 A9 2D DB C1
12.7285,STEERING_ECU,0x17E,TX,OK,AB 7F 61 EB 26 58 ED 3F
12.7297,ABS_ECU,0x181,RX,OK,FC 1F 4C 6C CC C1 CC 15
12.7343,DASHBOARD,0x1E3,TX,OK,4C 76 E1 0A 3C DA 81 3E
12.7379,DASHBOARD,0x120,TX,OK,A9 73 95 52 F8 87 45 55
12.7428,AIRBAG_ECU,0x19F,RX,OK,0A A5 FF 32 01 A0 CE 4B
12.7454,AIRBAG_ECU,0x1A9,RX,OK,A1 61 94 20 9A F2 70 A2
12.7469,STEERING_ECU,0x1C0,TX,CRC_FAIL,13 F1 A8 21 5B 19 05 85
12.7479,ENGINE_ECU,0x1EA,RX,OK,00 E6 99 03 D3 18 09 6E
12.7502,ABS_ECU,0x1E0,RX,OK,98 D7 92 4F 43 14 42 59
12.7515,AIRBAG_ECU,0x114,RX,OK,D6 4C 83 7E E3 E6 7F 41
12.7532,ABS_ECU,0x10A,RX,OK,96 18 BD E9 79 A2 E9 7F
12.7572,DASHBOARD,0x10A,TX,TIMEOUT,93 7F 95 91 48 0F 93 31
12.7615,ENGINE_ECU,0x109,TX,TIMEOUT,A4 69 F5 1A 82 79 76 72
12.7654,DASHBOARD,0x1DF,RX,OK,DC 6B E3 22 F0 A4 44 53
12.7678,ABS_ECU,0x1E5,TX,ERROR,C3 9E 0F 06 0C D9 CD 05
12.7698,AIRBAG_ECU,0x153,RX,OK,1E 87 07 28 0B 7B 24 59
12.7742,DASHBOARD,0x13C,TX,OK,E4 07 F9 21 D2 7D 7F AB
12.7753,STEERING_ECU,0x153,TX,ERROR,0C C8 03 1B C9 9D 62 99
12.7772,ENGINE_ECU,0x140,TX,OK,1F 07 A2 B5 8F 9A 19 18
12.7822,AIRBAG_ECU,0x12D,RX,OK,26 6F B6 16 BC BE 70 2C
12.7858,AIRBAG_ECU,0x14C,RX,OK,AF 54 B8 03 97 CC 43 5C
12.7882,ENGINE_ECU,0x1B2,TX,OK,4D CF 70 58 CC 79 26 AC
12.7901,DASHBOARD,0x1EE,RX,OK,5D 4C 12 40 CA 16 77 76
12.7937,STEERING_ECU,0x132,TX,TIMEOUT,D4 85 DD A4 11 6A 89 FB
12.7973,ENGINE_ECU,0x177,TX,OK,BF 90 22 D6 B0 77 96 B0
12.8009,DASHBOARD,0x14B,TX,OK,F2 FF 6B B0 D4 6E 4A EF
12.8033,DASHBOARD,0x180,TX,OK,FB D3 B4 05 B0 0C 75 3E
12.8075,ABS_ECU,0x10E,TX,ERROR,A8 6A 47 EB 42 64 24 25
12.8125,AIRBAG_ECU,0x103,RX,OK,CA D3 F6 30 E5 1C F9 43
12.8155,ABS_ECU,0x107,TX,OK,81 A8 3D 49 31 99 28 BD
12.82,STEERING_ECU,0x10B,RX,ERROR,7D D4 83 8A 3A 26 7D BE
12.821,ENGINE_ECU,0x17A,TX,OK,62 BC 75 78 C1 7F AF 80
12.8246,ENGINE_ECU,0x171,TX,OK,E0 D9 3C 2C BF 70 25 F9
12.8284,STEERING_ECU,0x16D,RX,TIMEOUT,05 FB 0A AE 67 6B 34 86
12.8298,DASHBOARD,0x1B2,RX,OK,49 E7 38 27 7A AE CD D1
12.8321,STEERING_ECU,0x14A,TX,OK,B1 2B F3 80 81 47 91 5C
12.8341,DASHBOARD,0x1AB,TX,OK,D5 86 D2 AA 6F FD FA 0F
12.8362,ENGINE_ECU,0x1F4,TX,ERROR,3B C9 39 E9 09 46 0E 1B
12.8403,STEERING_ECU,0x14E,RX,OK,BD 03 B8 D1 87 09 66 DE
12.8442,ENGINE_ECU,0x1DD,RX,OK,76 1F 28 5F 61 7B DC B7
12.849,ENGINE_ECU,0x1E4,TX,OK,F1 15 80 67 A7 68 A8 4D
12.8524,STEERING_ECU,0x1DF,RX,OK,4D A8 2F 33 31 00 19 EF
12.8553,STEERING_ECU,0x153,TX,OK,76 72 56 CE 4D 95 32 0C
12.8574,ENGINE_ECU,0x1C9,TX,TIMEOUT,CE 9D FC BA 47 34 11 16
12.8587,ABS_ECU,0x10B,TX,OK,F2 A0 BA ED AF F4 36 25
12.8611,ENGINE_ECU,0x147,TX,OK,88 60 4A 8E 33 7E 88 E7
12.8639,ABS_ECU,0x128,TX,OK,E5 E1 B7 97 D6 E4 79 0C
12.8664,AIRBAG_ECU,0x1DC,TX,OK,56 11 1B 0D A6 C9 5D E7
12.871,AIRBAG_ECU,0x1EA,TX,OK,08 F5 96 7C 7C CA 0D 32
12.8743,ENGINE_ECU,0x160,RX,OK,7F 15 C4 F9 D5 89 84 80
12.8754,DASHBOARD,0x124,RX,OK,10 D0 1D 94 98 CC 13 B0
12.8766,ABS_ECU,0x109,TX,OK,FE 4E F7 E6 52 84 60 9A
12.8785,ABS_ECU,0x1D7,TX,CRC_FAIL,93 04 61 74 81 E9 F3 1A
12.8832,DASHBOARD,0x10D,RX,OK,4B 80 5F 5D 75 6F EA 47
12.8845,ENGINE_ECU,0x175,TX,ERROR,33 FB 25 31 4A 5F D1 6A
12.8894,ABS_ECU,0x19D,TX,ERROR,D3 B5 94 DA 25 9F 7A A2
12.8922,STEERING_ECU,0x14F,RX,OK,90 79 11 32 C0 B3 77 55
12.8947,AIRBAG_ECU,0x129,TX,OK,A3 F3 6D 3E C7 05 A2 B7
12.8974,AIRBAG_ECU,0x111,RX,CRC_FAIL,20 FC D3 1B 68 95 33 75
12.9001,AIRBAG_ECU,0x162,TX,OK,EB AC 82 2D CA C0 97 11
12.9047,ENGINE_ECU,0x17C,TX,CRC_FAIL,59 19 DE 72 34 22 F7 5D
12.9093,ABS_ECU,0x1B3,RX,OK,DA D7 AF B3 0C DC 6E 56
12.9138,ABS_ECU,0x15A,RX,TIMEOUT,43 B2 50 C4 EF 1E 8C AC
12.9168,STEERING_ECU,0x10F,TX,OK,F3 F1 18 38 23 27 C4 1E
12.9185,DASHBOARD,0x1F5,TX,OK,CC 66 44 5E 41 1E D3 08
12.9233,STEERING_ECU,0x172,RX,OK,3C 90 8B 71 9F 43 BC 78
12.9283,STEERING_ECU,0x1A1,TX,OK,3E 15 DE 5B DC 30 DC 10
12.93,DASHBOARD,0x184,RX,OK,A2 10 67 87 81 6B 62 5D
12.9321,ENGINE_ECU,0x170,TX,OK,11 20 24 2F 5D 6D 9E 23
12.9351,ENGINE_ECU,0x19D,TX,OK,A9 9D D9 79 59 EB DA C9
12.938,ABS_ECU,0x11F,RX,OK,3E 68 91 7E 4A 94 9B F7
12.9421,AIRBAG_ECU,0x13D,RX,OK,F8 43 9E 8E FA 7D 6E 06
12.9444,DASHBOARD,0x1AC,RX,OK,B7 6B 2B 82 B6 5D 9A 26
12.9467,ABS_ECU,0x128,TX,OK,45 09 11 73 BB 12 60 0D
12.9483,DASHBOARD,0x1A2,TX,OK,4A B6 0F 50 94 22 87 E6
12.9509,AIRBAG_ECU,0x1F9,RX,OK,9B 74 79 15 13 87 6D B9
12.9559,ABS_ECU,0x166,TX,ERROR,B7 C3 28 1F 0C 2A C2 B8
12.9592,STEERING_ECU,0x1E0,TX,OK,5F AE 92 1D C2 44 CD 24
12.9616,ENGINE_ECU,0x179,RX,OK,FE 10 6C BC C1 3D 1D 1C
12.9643,ABS_ECU,0x11C,RX,OK,E3 DF BE 2C 79 83 22 89
12.9654,STEERING_ECU,0x195,TX,OK,A4 B2 AC 6C 44 78 8A 56
12.969,STEERING_ECU,0x1B5,RX,ERROR,D4 DD 2B 02 89 F2 EF 77
12.9719,STEERING_ECU,0x147,TX,TIMEOUT,D2 1D 89 38 33 4A 25 F5
12.9742,ABS_ECU,0x1A1,TX,OK,2D B8 16 9E 6A 4B 7B 81
12.9759,DASHBOARD,0x1E3,TX,OK,98 F5 F5 D7 BE 6D 99 0C
12.9783,ENGINE_ECU,0x1CB,RX,OK,E0 27 35 6D DB E3 2F DC
12.9797,ABS_ECU,0x11B,TX,OK,B8 C7 B5 4C 87 B3 10 3C
12.9818,STEERING_ECU,0x148,TX,CRC_FAIL,F6 70 AF 71 B1 34 8D 9C
12.9848,DASHBOARD,0x13B,RX,OK,AE 1E 9E 94 7E 9B A0 88
12.9878,STEERING_ECU,0x1EA,TX,OK,86 5C 5D CC 50 DE 66 07
12.9919,STEERING_ECU,0x187,TX,OK,17 C4 77 FE 68 7E F8 69
12.9941,STEERING_ECU,0x1FA,TX,OK,CD A1 8B C4 19 4A D6 D4
12.9956,ABS_ECU,0x147,RX,OK,73 92 02 80 DC CB 09 6B
12.9974,ENGINE_ECU,0x138,TX,TIMEOUT,E1 BB 35 68 7C 4C EE 12
13.0022,ABS_ECU,0x193,RX,TIMEOUT,FC E0 E3 68 F3 1E 1C 2E
13.0051,ENGINE_ECU,0x1FE,TX,OK,C6 2C 54 2A 6C 00 46 8F
13.0069,DASHBOARD,0x1BA,RX,OK,C7 53 2A C6 9A 46 D5 56
13.0119,AIRBAG_ECU,0x1FC,RX,OK,FB AA BB D9 DC BA 89 7A
13.013,ABS_ECU,0x1D1,TX,OK,0B 98 2E 54 C5 D6 9F 03
13.0147,DASHBOARD,0x1A5,TX,TIMEOUT,F2 4E E2 85 80 6B 41 6B
13.0161,ABS_ECU,0x116,TX,OK,45 71 47 99 5F 8D AC 7B
13.0181,STEERING_ECU,0x103,RX,OK,3D 0C 9F 46 D3 FF 2D 7A
13.021,ENGINE_ECU,0x164,TX,OK,18 DA C2 B9 6E 18 84 45
13.0249,DASHBOARD,0x12C,TX,OK,AF C6 24 CF 11 3E 88 89
13.0269,STEERING_ECU,0x1BE,RX,OK,E8 82 FF C6 A0 15 20 02
13.0305,ENGINE_ECU,0x1E6,RX,OK,E8 FF 80 72 51 6E 59 02
13.0334,ABS_ECU,0x1ED,RX,OK,AA 9A 13 F0 29 91 33 11
13.0345,ENGINE_ECU,0x1FF,RX,OK,48 7F F1 BC 93 72 81 E6
13.0362,AIRBAG_ECU,0x12D,RX,OK,EE 19 AD 91 BE FA 15 2F
13.0397,ENGINE_ECU,0x1DD,RX,OK,04 DC 8F CA 4A 58 A0 5E
13.0437,ENGINE_ECU,0x1BB,TX,OK,CB A0 DF D4 34 EB E2 16
13.0472,ABS_ECU,0x1E4,TX,OK,97 76 07 EF 7D E8 14 C0
13.049,DASHBOARD,0x156,RX,OK,07 34 AC 23 93 0A 6F 41
13.0529,ENGINE_ECU,0x137,TX,OK,36 F0 09 C3 EF CB A7 75
13.0569,ENGINE_ECU,0x189,RX,OK,32 11 56 64 5B 5E 27 68
13.0583,DASHBOARD,0x1CD,TX,CRC_FAIL,B4 5F 28 62 9C 08 C8 66
13.0613,AIRBAG_ECU,0x19F,RX,OK,3E 50 D3 C9 8F 9D B5 14
13.0639,STEERING_ECU,0x12E,TX,OK,9D 56 C0 B4 C2 F0 A0 7E
13.0669,ENGINE_ECU,0x12D,RX,OK,E4 7B 4E E2 1C 6E A3 49
13.0704,STEERING_ECU,0x1BB,RX,OK,3F 68 F5 90 F8 65 0B 4A
13.0723,DASHBOARD,0x181,RX,OK,CF 77 CF F1 89 70 BE B3
13.0755,DASHBOARD,0x1F3,TX,OK,3E 77 B9 A9 87 04 63 B6
13.0783,DASHBOARD,0x1B6,RX,TIMEOUT,6A 8C 94 D1 0E 73 DA FA
13.0812,STEERING_ECU,0x1FA,RX,OK,CE 41 A3 9A 69 89 14 85
13.0851,AIRBAG_ECU,0x119,RX,OK,14 29 AE A1 15 72 F0 2B
13.0866,AIRBAG_ECU,0x145,TX,OK,BD 21 BB 95 87 2A B7 EC
13.0882,DASHBOARD,0x13B,RX,OK,3F A2 31 8B 21 B7 7C 5C
13.0918,ABS_ECU,0x109,TX,OK,86 C8 44 C1 A5 86 CD 4A
13.0943,AIRBAG_ECU,0x13E,TX,OK,69 AC C2 BF 42 86 67 BA
13.097,AIRBAG_ECU,0x1AE,TX,OK,01 5A DD 0B 6A 2E 40 A5
13.1007,ENGINE_ECU,0x14C,TX,OK,75 22 FE B6 97 03 D7 86
13.1046,DASHBOARD,0x1AA,TX,OK,8B 93 38 06 3B FC 93 E7
13.1067,DASHBOARD,0x185,RX,OK,1D CC 09 81 3A C6 31 CA
13.1083,DASHBOARD,0x182,RX,OK,C2 49 32 B6 2B A8 64 E2
13.1129,DASHBOARD,0x12A,RX,OK,1D EC C6 BC 5F 3C 34 21
13.1176,ABS_ECU,0x1B2,RX,CRC_FAIL,AE CA C1 9A F5 8E 27 C0
13.1219,ABS_ECU,0x1DC,RX,OK,DA 56 46 3E DA 90 0F 35
13.1265,DASHBOARD,0x17C,RX,CRC_FAIL,AB E0 A7 08 60 8D 9B BD
13.1293,AIRBAG_ECU,0x1C3,RX,ERROR,14 0B B6 F5 F7 0B 8D 7A
13.1314,AIRBAG_ECU,0x1AE,RX,OK,30 1A EE 2F DF E3 E9 DA
13.1354,DASHBOARD,0x15F,TX,OK,20 4E 43 C1 FD 0F 55 90
13.1393,ENGINE_ECU,0x1C6,RX,OK,E2 72 2C BF C6 61 AA DD
13.1421,DASHBOARD,0x14B,TX,OK,F9 4D 36 A7 D1 85 C7 15
13.1465,DASHBOARD,0x146,RX,CRC_FAIL,B2 77 34 8F A4 65 3D BD
13.1489,ABS_ECU,0x173,TX,OK,4C A9 00 49 8C D4 6E 2C
13.1519,DASHBOARD,0x1FC,RX,TIMEOUT,53 16 19 F4 35 FC 6B 15
13.1554,STEERING_ECU,0x1EE,TX,OK,D8 44 FE F8 A5 73 DD 0A
13.158,ABS_ECU,0x137,TX,OK,F6 00 E9 99 13 93 31 F2
13.1622,ENGINE_ECU,0x14E,TX,OK,34 58 A5 BB 00 1B DF D4
13.1633,ENGINE_ECU,0x12F,TX,CRC_FAIL,59 A7 EF 69 41 DB 7A 1E
13.1664,ENGINE_ECU,0x1D3,TX,TIMEOUT,3C CF 92 82 1F 69 62 57
13.1706,STEERING_ECU,0x162,RX,TIMEOUT,00 63 08 9B B8 BC B3 4B
13.1745,ENGINE_ECU,0x12D,TX,OK,90 66 3A 75 C4 FE 8A E8
13.1786,STEERING_ECU,0x1DD,TX,ERROR,AF 49 C9 62 93 60 3C 11
13.1817,ABS_ECU,0x1B3,RX,ERROR,85 40 A6 6F CF 7F 42 14
13.1854,ABS_ECU,0x1D4,TX,ERROR,89 66 C8 8E 3F A1 0F 4B
13.1873,STEERING_ECU,0x103,TX,OK,65 FD CB 51 DE C9 F4 B4
13.1907,STEERING_ECU,0x1C0,RX,OK,62 70 F6 83 99 FE E7 76
13.1922,ENGINE_ECU,0x12A,TX,ERROR,B5 D2 4F DC 03 A4 26 C6
13.1961,ENGINE_ECU,0x1A5,RX,TIMEOUT,28 9C 0A 8D F8 F5 ED 52
13.1998,ABS_ECU,0x1F7,TX,OK,96 6F 6D EC AD EE CB 54
13.2031,ABS_ECU,0x1A8,TX,OK,C8 E2 F6 B2 4D C9 4A C1
13.2047,DASHBOARD,0x1F2,RX,OK,4D 10 6E FB 38 B2 95 88
13.2074,DASHBOARD,0x164,TX,OK,D2 AD 3E D6 F6 BD 5A E0
13.2119,ABS_ECU,0x14A,TX,OK,08 A9 B0 24 D2 3D 79 81
13.2145,ABS_ECU,0x19F,TX,CRC_FAIL,15 A1 D5 6E F7 C0 EE 21
13.2173,ABS_ECU,0x1BD,RX,OK,31 D6 41 EA A8 FE 3C 15
13.2186,DASHBOARD,0x140,RX,OK,FF F9 86 2A 13 17 2B FC
13.2209,AIRBAG_ECU,0x17E,RX,ERROR,D3 86 0B CF E3 C4 B2 D9
13.224,ABS_ECU,0x1A6,RX,OK,6B A1 BB 89 B6 D2 16 43
13.2272,ABS_ECU,0x143,TX,OK,1A 90 EF 3E 17 12 F3 C9
13.2291,ABS_ECU,0x192,RX,OK,AB D0 7B E3 01 08 60 10
13.2333,DASHBOARD,0x174,TX,OK,92 77 47 8B 51 7A 68 68
13.2347,DASHBOARD,0x1DC,TX,OK,15 C6 F4 87 76 C3 25 EC
13.2359,DASHBOARD,0x178,RX,OK,79 A9 DE F2 37 92 F2 AA
13.2382,ENGINE_ECU,0x159,RX,OK,CF F4 95 18 44 CC 0A 73
13.2412,AIRBAG_ECU,0x17B,TX,OK,D1 99 0F 45 8C 2E 41 D5
13.2423,DASHBOARD,0x1CD,RX,OK,D0 42 1E D9 D0 BA 5F FD
13.2442,AIRBAG_ECU,0x19F,RX,ERROR,49 1C 4E 4D 16 77 62 1F
13.2465,DASHBOARD,0x195,TX,TIMEOUT,B2 9F 57 3F CF 82 0F FA
13.2513,STEERING_ECU,0x125,RX,OK,D5 08 ED 2F A5 B4 FA 8B
13.2549,DASHBOARD,0x1CE,TX,OK,2D B9 D9 AF 2A 0A 51 CB
13.2561,ABS_ECU,0x134,TX,OK,6C 37 1D 8A FC E0 4A 66
13.2582,STEERING_ECU,0x184,TX,OK,10 96 0F 2E 33 5E A9 74
13.2627,ABS_ECU,0x1D4,RX,TIMEOUT,F7 FB F6 1D B7 AE 01 5D
13.2637,DASHBOARD,0x14C,RX,CRC_FAIL,05 CD AD F0 B2 CF 5F 5D
13.2671,ABS_ECU,0x1F6,RX,OK,D8 2F 7D 20 BC 40 8E 86
13.2687,ENGINE_ECU,0x145,TX,OK,F8 F0 93 16 1B 57 04 F5
13.2719,ENGINE_ECU,0x19B,RX,OK,20 AA F5 29 FD 0F EB C4
13.2765,ABS_ECU,0x1F8,RX,OK,3B 58 20 3E 4B D7 CD A9
13.2778,ABS_ECU,0x175,RX,ERROR,64 05 E5 0C A6 FA 3B E8
13.2819,AIRBAG_ECU,0x10B,TX,TIMEOUT,59 89 05 38 08 C8 35 A7
13.2838,ABS_ECU,0x17A,RX,OK,45 FA 6B 2F 54 3A D5 7F
13.2883,ABS_ECU,0x16F,TX,OK,B3 3D 3C A3 AF 58 3E D1
13.2915,ABS_ECU,0x134,RX,TIMEOUT,6A 8E 64 D0 02 C6 F2 FA
13.2935,ENGINE_ECU,0x13C,RX,OK,53 36 06 94 B4 20 4B 58
13.2956,AIRBAG_ECU,0x1AD,TX,OK,78 C0 31 FF D5 89 4F 84
13.3002,ENGINE_ECU,0x160,RX,OK,05 6D 4C 16 6F F4 2D BA
13.3015,ENGINE_ECU,0x129,TX,OK,C7 05 AA BD AA CE ED 70
13.3048,ENGINE_ECU,0x144,RX,OK,8C C4 04 0B 41 C2 B8 EB
13.3058,AIRBAG_ECU,0x19D,TX,OK,87 30 7B 9A 0E 72 DA 1D
13.31,DASHBOARD,0x1B3,TX,OK,53 23 BF DE FC C3 89 E6
13.3111,AIRBAG_ECU,0x1C3,TX,OK,8C 4D 84 6C B2 88 32 52
13.316,DASHBOARD,0x1A3,TX,OK,ED 95 BA FA B0 C9 3C E3
13.3193,ABS_ECU,0x1CC,TX,CRC_FAIL,D2 B3 47 69 ED 2B 29 A5
13.3217,AIRBAG_ECU,0x133,RX,OK,00 26 9E 4E 3B F9 A7 72
13.3248,DASHBOARD,0x141,RX,OK,FD 59 2C B1 05 BC 95 8A
13.3294,ENGINE_ECU,0x1EC,TX,CRC_FAIL,1C 10 6F C3 AA 56 6A 3F
13.3325,DASHBOARD,0x12E,TX,OK,7B 04 BE 21 BC 60 B0 F5
13.3372,DASHBOARD,0x156,TX,TIMEOUT,5F 7F BD 0B 91 CA 8E EC
13.3414,DASHBOARD,0x15D,TX,OK,71 63 8F 26 2A E0 F8 CD
13.3426,STEERING_ECU,0x101,TX,OK,22 CC F3 EF 90 09 C1 07
13.3443,ABS_ECU,0x13A,TX,OK,83 C6 98 E4 E1 04 B4 6A
13.3459,ENGINE_ECU,0x1CD,TX,OK,C5 CC 21 7A 48 1C BA D0
13.3504,DASHBOARD,0x1B3,TX,CRC_FAIL,AC 27 A9 BA 93 90 C9 1B
13.3543,ENGINE_ECU,0x12E,TX,ERROR,B2 EF D3 44 10 C2 30 15
13.3592,STEERING_ECU,0x171,TX,OK,AF C4 2F 01 03 B2 8A FC
13.3627,STEERING_ECU,0x1C1,TX,OK,FA 21 95 FC 44 49 97 37
13.366,ENGINE_ECU,0x12C,TX,CRC_FAIL,DD A0 0F D9 09 A4 3E 94
13.3672,DASHBOARD,0x10B,TX,OK,F0 F7 6E F9 50 00 A4 D1
13.3711,STEERING_ECU,0x1EE,TX,TIMEOUT,8E 86 E6 AA BE B1 FC 87
13.374,ABS_ECU,0x1DB,TX,OK,64 94 16 69 78 CB 7C BB
13.3779,DASHBOARD,0x1BD,TX,OK,A8 D7 64 59 B3 0E 71 68
13.3814,ABS_ECU,0x1BF,RX,OK,1E 79 56 4B F7 05 32 AD
13.3838,STEERING_ECU,0x179,TX,OK,75 B0 EC EB AE 3A CB 6C
13.3867,STEERING_ECU,0x18F,TX,OK,94 0A DB C0 7C BA 25 E9
13.3905,DASHBOARD,0x147,RX,OK,9D 4C EC 20 37 F2 12 3D
13.3953,STEERING_ECU,0x192,TX,OK,BD 4C 20 3F 11 1B D4 C1
13.3968,DASHBOARD,0x15C,RX,OK,7D 68 8A 41 49 85 44 80
13.3982,ABS_ECU,0x172,TX,OK,A3 E3 9D 4D A8 78 47 FD
13.4004,ABS_ECU,0x156,TX,OK,8E 64 8D CC F3 FA 48 9F
13.4036,ENGINE_ECU,0x1CF,TX,OK,1D 83 0C 3C 59 12 A1 0A
13.4071,STEERING_ECU,0x150,TX,OK,FF 57 9A 40 C0 2E 29 D8
13.4121,AIRBAG_ECU,0x134,TX,CRC_FAIL,DC BA C5 92 54 E1 87 F5
13.4168,STEERING_ECU,0x119,RX,OK,47 AB 9F 8F 35 47 C5 BA
13.4199,DASHBOARD,0x17E,TX,OK,8A 5D 8D 29 64 C5 A1 61
13.4218,STEERING_ECU,0x112,RX,OK,B9 BB 72 DB F7 62 70 B6
13.4258,ABS_ECU,0x1A4,RX,OK,0A 72 C9 11 A7 60 86 2C
13.4281,AIRBAG_ECU,0x14D,TX,CRC_FAIL,C3 0F D3 B6 4A 16 4C D2
13.4327,DASHBOARD,0x195,TX,CRC_FAIL,6B 03 19 F4 17 78 BF C3
13.4349,AIRBAG_ECU,0x19C,TX,OK,DA AC F6 BD 40 53 E2 29
13.4391,AIRBAG_ECU,0x179,TX,OK,4B 3B DC 68 16 33 8F 68
13.4423,ABS_ECU,0x10E,TX,OK,60 41 AE 21 D8 D9 AC 61
13.445,ABS_ECU,0x177,RX,OK,4B D6 9F 73 73 45 BC EC
13.4486,AIRBAG_ECU,0x1A9,TX,OK,15 38 D6 49 64 81 A8 36
13.4505,ENGINE_ECU,0x1CF,TX,OK,55 79 38 12 9E D6 0C AB
13.4538,AIRBAG_ECU,0x1EF,RX,CRC_FAIL,14 C4 0F 91 D4 BB 2C BA
13.457,AIRBAG_ECU,0x119,TX,OK,EE 94 B2 D5 94 4D 43 B5
13.4611,ABS_ECU,0x1F0,RX,OK,F3 CB 0C 7E 1F 57 36 3E
13.4631,STEERING_ECU,0x120,RX,OK,52 E3 88 8A E1 D3 22 F0
13.4661,DASHBOARD,0x195,TX,OK,3F 04 48 5C E4 CD 78 45
13.4703,DASHBOARD,0x16E,RX,ERROR,11 0D A6 3F 74 8A F4 1C
13.4714,ENGINE_ECU,0x1F4,TX,OK,36 F5 58 D7 C8 08 55 EC
13.4758,STEERING_ECU,0x1D9,RX,OK,4D 42 6E 3E 6C 3B 66 60
13.4784,STEERING_ECU,0x13E,RX,OK,B1 45 DE 69 D1 D6 08 2E
13.4834,STEERING_ECU,0x160,TX,CRC_FAIL,C6 08 1D 5E AB 72 7E BF
13.4854,DASHBOARD,0x11F,RX,OK,C0 47 2E 64 56 77 70 14
13.4883,ENGINE_ECU,0x15A,RX,OK,40 9B F7 D1 D3 CF EB 9D
13.4903,ENGINE_ECU,0x18B,TX,ERROR,AD 25 DA 9F B0 48 C1 57
13.493,ENGINE_ECU,0x12D,RX,TIMEOUT,1E 1B C0 BF 70 9F 2E 62
13.4975,ENGINE_ECU,0x1FA,TX,OK,4C 9D B8 64 DD 7F 22 51
13.5001,AIRBAG_ECU,0x131,TX,OK,00 B3 3B 9B 28 D9 19 D2
13.5016,DASHBOARD,0x14A,RX,ERROR,FA 01 37 FF CC C1 47 D3
13.5047,ENGINE_ECU,0x164,RX,OK,D7 DE A5 F1 73 D8 E1 4E
13.509,ABS_ECU,0x16D,RX,OK,E3 9A AF 04 BE 36 3E A1
13.5118,STEERING_ECU,0x177,RX,ERROR,8C F4 F9 97 3D AC 44 E8
13.5133,STEERING_ECU,0x129,RX,TIMEOUT,F8 5D 80 C2 07 8B E2 FB
13.5176,AIRBAG_ECU,0x170,TX,TIMEOUT,9B B9 EC E2 A4 2F 2F 02
13.5215,DASHBOARD,0x181,TX,ERROR,6B 4B 1C 96 07 17 FE 7F
13.5258,ABS_ECU,0x132,TX,OK,4B 85 20 B1 49 CC FE 19
13.5297,STEERING_ECU,0x1BA,TX,OK,30 E1 A0 7D 13 A9 5C D3
13.5335,DASHBOARD,0x1CA,TX,OK,6B 66 48 8E 25 EF 4F 47
13.5348,STEERING_ECU,0x19D,RX,OK,22 BC 34 43 7B BD F4 FE
13.5359,ABS_ECU,0x10B,RX,OK,EB 64 DB C5 54 F5 3D 00
13.537,ENGINE_ECU,0x15C,RX,OK,8A 1A 29 5D 7A 82 DE CE
13.5417,AIRBAG_ECU,0x173,RX,CRC_FAIL,11 37 4E D9 11 51 D0 33
13.545,ENGINE_ECU,0x165,RX,CRC_FAIL,35 21 4D D5 26 6A F9 4C
13.5489,STEERING_ECU,0x14B,TX,ERROR,7C 64 F2 82 42 52 7E 81
13.5536,STEERING_ECU,0x1A9,RX,OK,36 B7 32 A9 21 58 3D E6
13.5582,AIRBAG_ECU,0x10D,RX,OK,26 2A CD 7B 81 CD DB C4
13.5609,AIRBAG_ECU,0x131,RX,CRC_FAIL,45 89 08 7B 3F D0 C1 28
13.5623,ABS_ECU,0x19D,TX,TIMEOUT,3C 1F 46 91 66 18 25 95
13.5663,ABS_ECU,0x13B,TX,OK,E7 74 53 42 FE 0C 43 AC
13.5684,ABS_ECU,0x1FD,TX,OK,7D 94 92 0B E7 9D 83 D6
13.5712,AIRBAG_ECU,0x138,TX,CRC_FAIL,0E CF F6 9B 69 F2 7C 49
13.5728,AIRBAG_ECU,0x192,TX,OK,34 D0 1A 4D CC 94 9A C0
13.5745,AIRBAG_ECU,0x1B1,RX,OK,0B 34 21 C9 3E 7C 14 D0
13.5784,AIRBAG_ECU,0x12E,TX,OK,51 84 10 8C 1D 44 E9 22
13.5823,DASHBOARD,0x175,RX,OK,B7 5E D4 C1 B2 8E F8 63
13.5851,DASHBOARD,0x1D2,TX,OK,8F 34 B8 B8 F4 A6 E5 0D
13.5883,ABS_ECU,0x188,RX,OK,95 0E B1 58 F9 54 34 2B
13.5898,ABS_ECU,0x127,TX,OK,22 9D 38 BB 1B 69 A2 A4
13.5921,AIRBAG_ECU,0x1EF,TX,OK,59 A1 5C E5 09 9B 4E BC
13.5933,DASHBOARD,0x168,TX,TIMEOUT,98 17 73 41 86 FC A9 7B
13.5955,STEERING_ECU,0x1F3,RX,OK,93 AA 9B D3 27 E8 C3 3B
13.5985,AIRBAG_ECU,0x12B,TX,OK,BD 46 D5 31 AD B0 DB 17
13.5996,ENGINE_ECU,0x1B2,RX,OK,A8 3E AB 75 9E 72 5D 70
13.6016,DASHBOARD,0x1C1,RX,OK,39 4C 57 53 63 E3 24 94
13.6041,ENGINE_ECU,0x15D,RX,CRC_FAIL,AB AF 72 9C B4 A4 74 DE
13.6056,ENGINE_ECU,0x128,RX,ERROR,88 3B A2 E9 CB F2 F2 B6
13.608,DASHBOARD,0x1B9,TX,OK,1A DA 64 B6 6F 84 DC 8B
13.611,DASHBOARD,0x1C2,TX,OK,80 41 A0 36 40 88 87 F2
13.6127,ABS_ECU,0x104,TX,OK,C1 D8 20 99 70 95 55 6E
13.6175,ABS_ECU,0x160,TX,OK,38 E4 E5 61 EA CE BE 82
13.6204,DASHBOARD,0x1E9,TX,OK,0B 77 27 34 22 E6 A6 43
13.6218,DASHBOARD,0x1B8,TX,OK,D1 5E 67 9A F5 53 09 6C
13.6253,STEERING_ECU,0x123,TX,OK,DA D6 28 BB A9 72 12 40
13.6291,ABS_ECU,0x128,TX,OK,57 15 36 8B DF 0A B5 C9
13.6328,ENGINE_ECU,0x1BB,TX,ERROR,02 5C DE F8 77 19 B2 0A
13.6345,DASHBOARD,0x147,RX,CRC_FAIL,55 EA FC 85 5E D0 37 41
13.6356,ABS_ECU,0x18C,RX,OK,B4 8F CD 1C 95 8B 22 8D
13.6382,ENGINE_ECU,0x1D7,RX,OK,FD B0 A2 74 B8 5C 64 57
13.6412,ENGINE_ECU,0x1D3,TX,OK,13 17 76 61 81 F3 FF 32
13.6444,STEERING_ECU,0x13A,TX,ERROR,AC 62 9D 4A A9 D9 3C 63
13.6482,AIRBAG_ECU,0x100,TX,OK,73 45 C5 37 C4 A5 A6 F5
13.6506,ENGINE_ECU,0x190,TX,OK,23 B0 54 E0 C5 F5 43 D6
13.6531,ABS_ECU,0x184,RX,CRC_FAIL,2E F1 73 2D DE F5 3B 65
13.6543,DASHBOARD,0x188,TX,CRC_FAIL,FD 92 4F CB 9E 16 8D 3A
13.6587,AIRBAG_ECU,0x1BA,TX,OK,8F D2 B1 9F E1 E6 3B 1A
13.6626,AIRBAG_ECU,0x145,RX,OK,FC 84 2A BB 67 F6 0E 03
13.6639,STEERING_ECU,0x103,TX,OK,74 00 D5 78 35 C1 3D D0
13.6671,STEERING_ECU,0x15E,RX,TIMEOUT,5C 9E 5F 43 A1 EC CD 23
13.6703,ABS_ECU,0x135,TX,OK,F4 FD 93 0D B5 78 3B D8
13.6737,ENGINE_ECU,0x11E,RX,TIMEOUT,A8 35 6C 20 00 D1 46 9B
13.6781,ENGINE_ECU,0x106,TX,OK,DD 92 A0 68 93 A9 30 26
13.6802,STEERING_ECU,0x115,RX,OK,31 0F D1 13 E7 71 00 DE
13.6834,AIRBAG_ECU,0x100,RX,OK,8D 96 57 74 8A C8 5E D0
13.6875,ENGINE_ECU,0x191,TX,OK,F8 18 18 D0 96 00 84 9C
13.6922,DASHBOARD,0x120,TX,OK,65 DB 14 3B 04 E9 ED 0F
13.6943,ABS_ECU,0x12B,TX,OK,76 14 78 B8 04 29 F5 A6
13.6974,STEERING_ECU,0x1E6,RX,ERROR,5B BB B1 95 4F BD 1A 66
13.6985,ABS_ECU,0x164,RX,OK,48 51 3A FA AD 3D F1 3D
13.7004,AIRBAG_ECU,0x199,RX,TIMEOUT,17 E4 D8 44 FE C6 2A 1F
13.7031,ABS_ECU,0x16F,RX,OK,D7 A1 3E C6 93 4A 63 0C
13.7061,ENGINE_ECU,0x1C7,RX,OK,D4 C7 94 1C 53 D3 0C 1E
13.7088,ENGINE_ECU,0x127,TX,ERROR,6B 25 D5 04 62 7A 0B 5A
13.7119,ABS_ECU,0x1CD,TX,OK,0C D7 9E 23 74 B5 80 2E
13.7139,AIRBAG_ECU,0x1E8,TX,OK,EE FD 69 F5 6C E3 C3 C7
13.7156,STEERING_ECU,0x1D9,TX,OK,40 17 04 55 12 FA 34 39
13.7182,ABS_ECU,0x165,TX,OK,C5 4C E5 C0 8E 84 BE 5A
13.7199,ABS_ECU,0x193,RX,OK,35 2C E2 4B F0 EC 3F 8E
13.7217,ABS_ECU,0x1EB,TX,TIMEOUT,2E B3 28 2A F7 24 70 ED
13.7232,DASHBOARD,0x1F8,TX,OK,E7 7F 91 8E 98 7A D5 0D
13.7281,ABS_ECU,0x1A7,TX,ERROR,60 3A 63 29 FF 96 E3 4B
13.7305,DASHBOARD,0x116,RX,OK,21 2C 8F 51 1C 24 42 9F
13.7327,STEERING_ECU,0x19D,RX,OK,B2 CF F7 99 64 AA C6 E1
13.7368,DASHBOARD,0x128,TX,OK,C6 EA 81 E7 DB 25 E8 82
13.7379,STEERING_ECU,0x14C,TX,OK,21 93 0D E1 CF 2C 28 F8
13.7408,AIRBAG_ECU,0x114,RX,OK,39 F8 2A 6E 4C A8 86 D2
13.7434,ABS_ECU,0x168,RX,OK,7C 5C 90 64 46 03 35 80
13.7455,AIRBAG_ECU,0x142,TX,ERROR,CC 0F D3 B8 C5 DE 30 31
13.7486,ENGINE_ECU,0x1B8,RX,OK,0A C7 DB 1D C2 9C B7 39
13.7531,AIRBAG_ECU,0x114,RX,OK,18 B0 78 36 51 E9 D6 C7
13.7557,STEERING_ECU,0x15F,TX,OK,31 30 1B 7E FF F2 32 93
13.7571,DASHBOARD,0x17D,TX,OK,60 4B D2 F0 86 DF 36 94
13.7589,STEERING_ECU,0x1AF,TX,OK,DA E8 4D 3C B8 8A 5E FD
13.7627,STEERING_ECU,0x146,TX,OK,00 B1 50 9D 71 45 1B 59
13.7645,ABS_ECU,0x1A7,RX,TIMEOUT,53 19 79 D7 50 35 04 BC
13.7663,ENGINE_ECU,0x109,TX,TIMEOUT,A1 4F 1D C1 A0 77 2F 6F
13.7679,DASHBOARD,0x186,RX,OK,D1 D9 78 C4 20 CF 34 E6
13.7722,ENGINE_ECU,0x147,TX,OK,F9 15 22 3C 48 63 72 1F
13.7765,ABS_ECU,0x120,TX,TIMEOUT,CF A5 BF D3 A5 50 89 F9
13.7778,ABS_ECU,0x1B0,RX,OK,5F 47 B7 F4 3D EB D9 49
13.779,ENGINE_ECU,0x1AE,TX,OK,C3 B9 13 63 92 55 30 64
13.7808,STEERING_ECU,0x159,TX,OK,16 52 36 FF 15 93 F4 F5
13.7835,DASHBOARD,0x1A7,TX,OK,17 25 4B AB EA 90 C6 C2
13.7883,DASHBOARD,0x175,RX,OK,AD E8 7B 56 7F A7 CD B6
13.7911,ABS_ECU,0x15C,TX,OK,58 4B 59 23 2C 4D 58 94
13.7928,AIRBAG_ECU,0x130,TX,OK,30 73 5A C9 68 D9 D6 A7
13.7942,STEERING_ECU,0x1DC,TX,OK,0F B2 C2 F6 F9 05 9B 94
13.7968,DASHBOARD,0x14C,TX,OK,D2 C2 EB 04 01 9D 85 C7
13.7987,STEERING_ECU,0x19B,RX,OK,41 C4 41 27 32 23 FD A9
13.8016,STEERING_ECU,0x187,RX,OK,51 FB 87 EA 1A 67 07 85
13.8037,DASHBOARD,0x137,TX,CRC_FAIL,0B 5D 29 0C 08 E6 2F 8F
13.8054,AIRBAG_ECU,0x1DA,TX,OK,04 64 62 C9 9A 75 F4 DA
13.8098,STEERING_ECU,0x1A5,RX,ERROR,A4 29 34 8A AB E6 6D 5C
13.8145,STEERING_ECU,0x150,RX,CRC_FAIL,68 C0 55 5B 01 6D 8D 47
13.818,DASHBOARD,0x1D5,TX,OK,6D B4 E2 57 17 8F 08 74
13.821,DASHBOARD,0x174,RX,OK,4C 5A 42 58 03 E9 D7 38
13.8222,AIRBAG_ECU,0x1EB,TX,OK,2D 5E 28 8C D0 0A 5E 8E
13.8238,ABS_ECU,0x13E,TX,OK,70 C3 1D 40 84 6D F9 82
13.8269,ABS_ECU,0x176,RX,OK,CE 56 04 56 6E 29 23 58
13.8291,AIRBAG_ECU,0x162,TX,OK,0D 04 A1 DF 4B 17 41 F6
13.8323,ABS_ECU,0x199,TX,OK,6F EC F5 00 64 E6 1C 1F
13.836,AIRBAG_ECU,0x1E7,TX,OK,E6 17 50 2D 5E F5 1B AD
13.8389,DASHBOARD,0x19E,RX,ERROR,AB 19 7D EC 44 62 83 45
13.8418,AIRBAG_ECU,0x199,TX,OK,67 B8 E9 4E EF F7 B4 70
13.8454,STEERING_ECU,0x187,TX,TIMEOUT,52 0C CF 62 EC A6 C9 09
13.8478,ABS_ECU,0x1BD,RX,OK,25 1D 9B E8 E5 FF EB 64
13.8521,DASHBOARD,0x141,RX,OK,8A 52 67 48 68 57 5C 64
13.8558,ENGINE_ECU,0x124,TX,OK,50 70 E7 D4 B9 7F C8 AD
13.8592,DASHBOARD,0x1A1,TX,OK,4B 30 29 98 25 CE E4 A6
13.8631,AIRBAG_ECU,0x15D,RX,OK,6F 6B 81 38 E3 99 91 2C
13.8652,DASHBOARD,0x124,TX,CRC_FAIL,8C 89 FF A5 6B 4C AB 6E
13.868,DASHBOARD,0x19C,RX,OK,7A AB 1C 87 6D 68 D8 3A
13.8729,ENGINE_ECU,0x1B0,RX,OK,86 4D CB 08 5B 15 70 12
13.875,ENGINE_ECU,0x116,RX,OK,EB 17 FE 65 6B 48 EE DA
13.8784,AIRBAG_ECU,0x163,RX,OK,DB C6 40 75 28 D5 AD 4B
13.8808,DASHBOARD,0x101,RX,OK,32 F4 74 1A 54 72 67 99
13.8838,ENGINE_ECU,0x190,RX,OK,7A F7 42 F9 1E 1F 30 96
13.8877,ENGINE_ECU,0x1DA,RX,OK,E4 0E 02 BF 08 25 C3 7E
13.8919,AIRBAG_ECU,0x1CF,TX,TIMEOUT,91 B0 DD 62 66 47 55 17
13.8968,ABS_ECU,0x1C1,TX,OK,27 C6 DF 3B 7F 13 C1 8F
13.9006,STEERING_ECU,0x136,TX,OK,DF F2 FB A2 7A CE 8E C1
13.9023,STEERING_ECU,0x16F,TX,OK,58 56 E3 D0 15 80 29 79
13.904,ABS_ECU,0x19B,RX,OK,62 5B 53 E2 2E BE 1B 70
13.907,ENGINE_ECU,0x149,RX,OK,D9 77 8B 3E 04 4A D1 86
13.9116,STEERING_ECU,0x1A2,RX,ERROR,22 40 4F 9A EA 2E B1 AB
13.9166,AIRBAG_ECU,0x1D7,RX,ERROR,4D 65 1B BD 29 79 02 58
13.9186,STEERING_ECU,0x1BB,RX,OK,22 2C 3E EE C9 6A A6 80
13.9203,ABS_ECU,0x13C,RX,OK,DD 24 DB 16 6C 29 8E CB
13.9238,AIRBAG_ECU,0x154,RX,OK,D8 B6 8D 90 8A 4E 03 B2
13.926,STEERING_ECU,0x114,TX,OK,93 48 83 20 2E AE A6 41
13.927,DASHBOARD,0x133,TX,CRC_FAIL,C7 69 2A 54 C7 72 BD CA
13.9316,DASHBOARD,0x18B,RX,CRC_FAIL,4F 73 61 71 07 0D BA C6
13.9328,ABS_ECU,0x197,RX,OK,62 F6 06 D7 18 DA 59 18
13.9375,DASHBOARD,0x1F5,TX,OK,E0 91 92 D4 F0 AB 49 0B
13.9424,ABS_ECU,0x1DB,TX,ERROR,F3 31 93 F8 8A F1 3C AB
13.9471,AIRBAG_ECU,0x1FE,TX,OK,95 8B 1A 50 1D D7 C9 42
13.9492,ABS_ECU,0x181,RX,TIMEOUT,FD 60 08 A4 22 CB B2 BB
13.953,ENGINE_ECU,0x1CC,RX,ERROR,C0 AC 3A B0 D6 9D 7D 8B
13.9557,ABS_ECU,0x1F6,RX,OK,4B 6C BD F4 83 FB 83 FF
13.9606,ABS_ECU,0x163,RX,OK,C8 43 EB C4 05 F6 2E 21
13.9626,ENGINE_ECU,0x1CF,RX,OK,D9 D3 FF D2 08 CB 82 68
13.9657,AIRBAG_ECU,0x1B1,RX,OK,7B DE 4C 71 BB FC B7 A3
13.9676,STEERING_ECU,0x12A,RX,OK,48 8B DB 11 EF DF 48 E7
13.9725,DASHBOARD,0x1C5,RX,OK,A0 99 1A 86 AF 41 29 CC
13.9738,AIRBAG_ECU,0x107,RX,OK,B4 F3 B0 45 04 5C EA E5
13.9771,ABS_ECU,0x19C,RX,OK,21 93 F6 9E A5 7C A8 3C
13.9819,STEERING_ECU,0x1CA,RX,TIMEOUT,B1 BE CF 4E 29 93 15 58
13.9838,AIRBAG_ECU,0x18E,RX,ERROR,BB 15 94 77 5E 34 E6 19
13.9868,STEERING_ECU,0x197,RX,OK,E0 7C 82 86 D3 BA FE 9A
13.9888,AIRBAG_ECU,0x139,RX,CRC_FAIL,DB D8 85 B3 75 18 B2 77
13.9904,STEERING_ECU,0x131,RX,OK,12 77 84 72 23 96 06 90
13.9923,AIRBAG_ECU,0x178,RX,OK,36 9F 6F 34 F4 C2 71 EC
13.9964,DASHBOARD,0x190,RX,ERROR,81 5B E3 A0 FB AE 7D E4
13.9984,ABS_ECU,0x143,TX,OK,64 4B 64 10 1D 98 28 0D
14.0022,ENGINE_ECU,0x1E7,RX,OK,F8 47 EB 78 65 7C 49 F9
14.0047,ABS_ECU,0x1F3,TX,OK,BA 46 6B EA 25 69 B9 24
14.0078,ENGINE_ECU,0x164,TX,TIMEOUT,A3 FF 28 79 AA 14 92 3E
14.011,ENGINE_ECU,0x170,RX,TIMEOUT,64 40 D2 ED 11 59 7A BB
14.0131,DASHBOARD,0x1B9,TX,OK,43 42 F3 CE BC 1A FF 3A
14.0161,DASHBOARD,0x1E5,TX,OK,2F 87 A6 7F 29 6C 8A 96
14.0198,AIRBAG_ECU,0x194,RX,OK,18 92 80 9C BC FD E1 CD
14.024,DASHBOARD,0x1A5,TX,TIMEOUT,46 83 E8 F1 00 D6 A2 69
14.0258,ENGINE_ECU,0x138,RX,OK,B9 F9 78 17 42 22 C6 6F
14.0282,DASHBOARD,0x1DF,TX,OK,2C 26 6D 1C CE C2 3F 49
14.0329,STEERING_ECU,0x12F,RX,OK,5D 6E F0 97 D9 B3 B8 BE
14.0376,ENGINE_ECU,0x102,RX,OK,65 95 D7 10 9C DD 75 9B
14.0406,ABS_ECU,0x14C,TX,OK,FC 88 F6 68 61 02 92 BC
14.0417,STEERING_ECU,0x1B6,RX,OK,3B A8 9B D8 1B 00 0D 6C
14.046,STEERING_ECU,0x11E,TX,OK,28 9C 21 6A 80 A0 E0 C9
14.0505,ABS_ECU,0x1F0,TX,OK,70 3B 74 E7 01 2B FC 23
14.0533,DASHBOARD,0x162,RX,OK,4F A0 55 96 73 4A CB A1
14.0558,STEERING_ECU,0x1D2,TX,OK,0D 39 E8 EF 2B F8 92 DE
14.0588,ABS_ECU,0x112,RX,CRC_FAIL,4F B9 D1 DB E2 FD CB 97
14.0601,AIRBAG_ECU,0x194,RX,TIMEOUT,34 84 F7 AD BA 6A D4 C8
14.0614,DASHBOARD,0x1C5,RX,OK,76 28 33 2F 47 AE FB 90
14.0633,DASHBOARD,0x136,TX,OK,D8 29 0E DF 70 01 3E E4
14.0661,STEERING_ECU,0x148,RX,OK,95 19 89 A0 B5 E9 98 9C
14.0677,DASHBOARD,0x1A4,RX,OK,27 99 18 6E E3 D2 86 62
14.0712,DASHBOARD,0x164,TX,OK,2D 16 92 4C 86 1A 28 14
14.0751,ABS_ECU,0x1BD,RX,OK,16 B2 02 AC 64 3E 5C 24
14.0766,AIRBAG_ECU,0x18F,TX,OK,EF AB 4D 57 CE FD D3 BE
14.0787,AIRBAG_ECU,0x10E,TX,OK,1D 08 6F 3C 99 AD 71 BE
14.0826,ABS_ECU,0x12B,TX,OK,13 B4 B3 BB 60 F9 C9 46
14.0846,ENGINE_ECU,0x175,RX,OK,9B 64 BC CA 39 88 79 65
14.0879,ABS_ECU,0x163,TX,ERROR,AD 2B 9A 23 39 B4 1E ED
14.0923,ENGINE_ECU,0x1F4,TX,OK,3E 69 60 7A A9 8A 46 E5
14.0953,ENGINE_ECU,0x187,RX,CRC_FAIL,A0 3D EF C9 A4 3C EA 82
14.0994,AIRBAG_ECU,0x122,TX,OK,D9 9F DE B5 8A 2E 3C 38
14.1004,STEERING_ECU,0x17A,TX,OK,95 92 FE 0C D7 52 E0 82
14.1037,STEERING_ECU,0x10E,RX,OK,87 F8 0A E3 96 D5 7A AB
14.1053,AIRBAG_ECU,0x112,RX,OK,93 3F 2A B1 45 FD 80 3C
14.1092,ENGINE_ECU,0x17C,RX,OK,D6 96 91 8C 6F CD DB E8
14.1109,ABS_ECU,0x1B9,RX,OK,B5 D0 BA 1B FE BD D1 2F
14.1149,STEERING_ECU,0x1C4,TX,ERROR,20 EE 2E 2B 30 11 00 BE
14.1184,ENGINE_ECU,0x172,RX,OK,BA E7 A3 F7 96 52 68 C7
14.1199,DASHBOARD,0x1C3,TX,CRC_FAIL,08 20 6A 81 FD 86 75 35
14.1239,DASHBOARD,0x107,TX,OK,3F F9 DA 4F 3F ED 53 E7
14.1286,AIRBAG_ECU,0x19E,RX,OK,14 CB A3 96 C5 C0 65 F1
14.1328,DASHBOARD,0x17D,RX,OK,42 32 16 4F 54 CC 23 0F
14.1363,DASHBOARD,0x128,TX,OK,4C 83 1D 86 61 FE 0F A8
14.138,ABS_ECU,0x17D,RX,OK,97 0E 3E 97 AE D4 5B AC
14.1419,AIRBAG_ECU,0x1E9,RX,OK,E0 76 17 F3 B4 F9 E7 91
14.1435,ENGINE_ECU,0x16B,TX,OK,A6 31 BC 6F 6E 47 5E 1B
14.1447,ABS_ECU,0x1E6,TX,OK,81 80 5A 4B 84 12 29 B7
14.146,STEERING_ECU,0x11D,RX,OK,63 1F 09 A9 8E D1 94 00
14.1485,ABS_ECU,0x1CA,TX,OK,73 8C A8 C3 FB D3 AF 9C
14.1533,DASHBOARD,0x1D6,RX,OK,42 63 5F EB BB 96 0E BF
14.1578,AIRBAG_ECU,0x123,TX,OK,4E 9B 70 8E CD EE 65 6B
14.1612,AIRBAG_ECU,0x180,TX,OK,C2 BF 46 8A 28 62 BA 02
14.1623,ENGINE_ECU,0x178,TX,OK,1E 52 78 F0 92 D8 E2 35
14.1642,ABS_ECU,0x114,TX,TIMEOUT,4C F0 4E BC 58 2A B2 8B
14.1657,DASHBOARD,0x1CC,TX,OK,F6 69 E1 10 CF B1 8F AC
14.1684,STEERING_ECU,0x189,RX,OK,06 90 50 D7 E3 1E C1 29
14.1709,STEERING_ECU,0x106,TX,OK,D1 98 2D 5C D5 3B B3 FF
14.1732,ABS_ECU,0x112,RX,OK,94 49 74 D9 C5 77 89 CE
14.1759,DASHBOARD,0x1A0,TX,ERROR,B9 9F 2F 5E 6B 0D 9F BA
14.1804,STEERING_ECU,0x16C,TX,OK,07 33 F7 12 67 2C 69 39
14.1837,ENGINE_ECU,0x15D,RX,OK,FB A7 02 72 6B CC 34 E5
14.1864,AIRBAG_ECU,0x1E1,RX,OK,0D 43 F8 16 A1 D7 18 72
14.191,DASHBOARD,0x1A4,RX,OK,61 65 4D DA BA 2C BB C2
14.1924,AIRBAG_ECU,0x18D,RX,OK,68 E8 D9 E6 BB 48 7D 79
14.194,STEERING_ECU,0x16D,RX,CRC_FAIL,83 CF 88 61 19 BB ED 69
14.1952,AIRBAG_ECU,0x115,RX,OK,C0 C6 0F 69 92 EF 17 DD
14.1971,AIRBAG_ECU,0x1E6,RX,OK,13 83 AC BE 58 9B 4C C9
14.199,ABS_ECU,0x167,RX,TIMEOUT,53 C3 F2 FF 63 07 80 5B
14.2031,AIRBAG_ECU,0x11A,RX,OK,4D 8B F1 8D AF BA 47 4C
14.2055,ABS_ECU,0x120,RX,OK,F5 9A DB FF 68 27 A7 64
14.2083,DASHBOARD,0x1DC,TX,OK,73 79 0A F6 20 A0 7C 3D
14.2104,ENGINE_ECU,0x138,RX,OK,FE B2 61 EE D2 96 7A E7
14.2133,DASHBOARD,0x196,RX,OK,E9 39 45 DB C5 2F 0C 60
14.2163,STEERING_ECU,0x103,TX,OK,85 4A 46 8C 5D CF BE 86
14.221,ABS_ECU,0x1A8,RX,OK,99 35 80 1E D0 31 4C 62
14.2249,ENGINE_ECU,0x1A8,RX,OK,3C 6C 8F D2 53 A8 98 39
14.2267,ENGINE_ECU,0x171,TX,OK,73 9C EF 2D B0 EC 0C 1E
14.2312,STEERING_ECU,0x17E,TX,OK,AC F9 80 27 A6 A1 97 4B
14.2347,DASHBOARD,0x1AC,TX,CRC_FAIL,AC 70 3F 8C 3C 4B B3 0D
14.2357,DASHBOARD,0x1FF,RX,OK,10 EE DF 5B 21 7A FF 7F
14.2373,ENGINE_ECU,0x13F,TX,OK,78 27 A9 C0 D8 39 B1 22
14.241,ABS_ECU,0x1F3,RX,OK,19 0E 33 56 F0 71 7D B7
14.2439,ENGINE_ECU,0x162,TX,OK,27 96 38 95 6F E7 9A A5
14.247,ENGINE_ECU,0x150,TX,OK,D7 2D 4A EE 2C F4 90 DC
14.2492,AIRBAG_ECU,0x1C4,TX,OK,AB A7 61 A8 B1 F2 4B CD
14.2514,ABS_ECU,0x1B2,TX,CRC_FAIL,C5 1B F5 13 17 8C 3D BF
14.2525,DASHBOARD,0x172,TX,TIMEOUT,07 BD D6 B6 F2 90 E3 09
14.2566,ENGINE_ECU,0x13D,RX,OK,7B D7 86 25 EA F5 C7 41
14.2615,ENGINE_ECU,0x174,RX,ERROR,3F D9 F8 2F C0 38 BF 84
14.2629,DASHBOARD,0x155,RX,OK,96 A4 48 BD 85 2D 4D A4
14.2653,AIRBAG_ECU,0x13A,RX,OK,B8 8F 4B AE 2B D5 BB 2D
14.2684,STEERING_ECU,0x1F5,TX,OK,18 6D 62 20 C5 57 DF 89
14.2726,DASHBOARD,0x193,RX,OK,42 4D 15 68 ED 0A B4 02
14.2741,ABS_ECU,0x1AB,RX,OK,EE 7E 60 61 CB 74 9C C9
14.278,ENGINE_ECU,0x1AA,RX,OK,71 FC B2 A8 74 EF 20 D9
14.2803,STEERING_ECU,0x1A2,TX,OK,67 D1 76 E0 83 B5 35 37
14.2848,DASHBOARD,0x184,TX,OK,C3 13 E4 BC 8D 45 2C 61
14.2866,DASHBOARD,0x1C5,TX,ERROR,0F 15 94 F0 27 31 CF 30
14.2896,DASHBOARD,0x19A,TX,TIMEOUT,C8 02 13 BF 06 0C 8B 2B
14.2913,ENGINE_ECU,0x1E6,RX,OK,36 0D 1C 94 9C F7 43 3C
14.2924,ABS_ECU,0x135,TX,OK,E8 01 58 CF 0A 92 DC 84
14.2935,AIRBAG_ECU,0x1EC,RX,OK,BA D1 A8 1C 4E B5 F8 7D
14.2948,STEERING_ECU,0x1C1,RX,OK,7A 99 6F 38 CB 10 3B F9
14.2975,STEERING_ECU,0x126,TX,CRC_FAIL,63 50 51 18 02 11 4D 41
14.3008,STEERING_ECU,0x179,RX,ERROR,BD 38 DF 68 18 F6 74 04
14.3021,DASHBOARD,0x15F,RX,OK,11 DD 7B 6F C3 1C 14 58
14.3036,STEERING_ECU,0x10B,RX,OK,64 2F 20 1D 51 0F 9B 62
14.3085,ABS_ECU,0x138,TX,OK,96 C1 4C 30 3B 6D C2 4A
14.3133,ENGINE_ECU,0x117,RX,ERROR,B6 68 12 0A EB E8 BE 61
14.3183,ABS_ECU,0x175,TX,OK,8D E4 D2 07 C3 7D 69 3F
14.3214,ENGINE_ECU,0x131,TX,OK,4B 01 47 E7 6B A1 66 1D
14.3224,DASHBOARD,0x1F7,TX,ERROR,96 53 4A 62 06 97 89 07
14.3255,DASHBOARD,0x166,RX,TIMEOUT,A6 A1 AE F8 9B 5F D2 16
14.3295,ENGINE_ECU,0x1A1,TX,TIMEOUT,75 94 69 E9 A7 51 FD 87
14.3311,DASHBOARD,0x180,RX,CRC_FAIL,F8 87 F8 16 ED 70 3A 54
14.3346,ABS_ECU,0x122,RX,OK,DC 86 67 53 54 98 57 0C
14.3356,ABS_ECU,0x1D1,TX,OK,30 14 F3 8E F9 09 F9 94
14.3373,ENGINE_ECU,0x11A,RX,OK,F7 E4 57 94 99 4E 4F C8
14.3423,STEERING_ECU,0x177,RX,OK,4B E7 F9 2C 10 32 0B 29
14.3463,AIRBAG_ECU,0x1F5,TX,CRC_FAIL,34 F1 A2 C5 16 84 F2 B4
14.3482,ABS_ECU,0x120,RX,OK,21 EE F0 91 1D D8 1D 93
14.3524,DASHBOARD,0x190,RX,OK,21 37 DE F4 26 EF EF B2
14.3561,AIRBAG_ECU,0x180,RX,TIMEOUT,B8 D4 65 D4 53 78 BD 0B
14.3589,ABS_ECU,0x1BB,TX,OK,CB B5 70 3F 28 83 96 59
14.3601,ENGINE_ECU,0x1BE,TX,OK,C3 BF A4 05 32 EC 89 17
14.3631,ENGINE_ECU,0x185,TX,OK,5D D6 88 AE F3 71 12 68
14.3653,DASHBOARD,0x122,RX,OK,33 B4 56 71 D1 40 19 C7
14.3687,AIRBAG_ECU,0x18F,RX,OK,D3 F6 8F 17 A3 04 A3 AC
14.3703,ABS_ECU,0x118,TX,OK,06 70 F1 36 F4 0F 9F 24
14.3736,ABS_ECU,0x1B1,RX,OK,54 87 39 0F 25 1A CF CA
14.378,AIRBAG_ECU,0x175,TX,OK,00 41 2A F5 AB A7 2D FD
14.3803,DASHBOARD,0x1DF,TX,ERROR,52 A8 B4 01 76 C9 4C 87
14.382,ABS_ECU,0x102,TX,OK,E3 13 96 D1 10 76 7F B8
14.3853,AIRBAG_ECU,0x130,TX,OK,A6 BA 1E 97 A1 4F 07 7A
14.3896,DASHBOARD,0x19A,RX,OK,29 6B 6C 5E EA BB 9A 6D
14.3927,ABS_ECU,0x13F,RX,OK,53 14 0D 24 01 AC BC F4
14.3971,ABS_ECU,0x1E7,TX,CRC_FAIL,AB 1C B2 9D 1D 13 52 46
14.399,STEERING_ECU,0x17D,TX,OK,05 95 89 55 3E B0 99 23
14.4001,AIRBAG_ECU,0x160,RX,OK,95 E9 A8 8E 8A C1 C3 48
14.4034,STEERING_ECU,0x19E,RX,OK,66 4F CF 2F E6 82 5A 0B
14.4079,DASHBOARD,0x1D2,RX,OK,6C 29 C8 C8 BC C4 60 1E
14.4117,AIRBAG_ECU,0x15F,RX,OK,2E BE 84 6E 9E 69 FE C2
14.4154,ABS_ECU,0x1DB,RX,OK,2F 50 31 E5 52 E8 A1 68
14.418,DASHBOARD,0x1CC,RX,OK,7A 81 EB 26 76 22 1A A6
14.4207,ENGINE_ECU,0x15A,TX,OK,73 10 3C C7 D3 1C BB B5
14.4217,ENGINE_ECU,0x188,RX,OK,91 52 4D D3 57 AC 9C CF
14.4258,AIRBAG_ECU,0x122,TX,ERROR,57 08 A2 C2 F7 5B E2 D4
14.4287,DASHBOARD,0x1B2,RX,OK,BB 98 9C C3 67 73 05 32
14.4321,STEERING_ECU,0x1D9,TX,OK,0E 02 72 74 44 95 15 84
14.4359,DASHBOARD,0x1D6,TX,OK,2F C8 74 BC D3 84 21 8C
14.4402,STEERING_ECU,0x1FB,TX,OK,6D 8B 62 24 80 19 34 D1
14.4445,DASHBOARD,0x17B,RX,OK,6A A2 7E F2 F2 D5 92 8B
14.449,DASHBOARD,0x10C,TX,OK,C6 2B 77 73 7C 1E 64 6A
14.4538,AIRBAG_ECU,0x186,TX,OK,13 BA 46 0B 43 4B AD 3F
14.4572,ENGINE_ECU,0x113,TX,TIMEOUT,CE 6B 53 C2 3F 27 A5 BB
14.4615,ENGINE_ECU,0x1BC,RX,CRC_FAIL,22 68 A7 31 F7 FE F6 4B
14.4631,ABS_ECU,0x19C,RX,TIMEOUT,75 51 6B 9E 9D D0 D7 B4
14.4645,AIRBAG_ECU,0x1E4,TX,ERROR,FC 0C DA 7C 35 37 A1 B8
14.4676,AIRBAG_ECU,0x17C,RX,ERROR,45 DF 87 3E 8B A1 BE CA
14.4693,ENGINE_ECU,0x124,TX,ERROR,44 81 41 C5 86 30 D6 EC
14.4735,STEERING_ECU,0x135,TX,OK,36 03 51 1A 1E 33 2E 2E
14.4756,ABS_ECU,0x14B,RX,OK,26 D2 F5 DA DF 9B 60 75
14.4773,ABS_ECU,0x167,TX,OK,A9 E2 19 FF EC 4B 18 79
14.4819,ABS_ECU,0x197,RX,OK,41 8D EA EB C5 AC E2 71
14.4829,ABS_ECU,0x1B8,RX,OK,AE 74 3E 72 94 58 D7 EC
14.4878,AIRBAG_ECU,0x1E1,RX,ERROR,81 C0 CA 93 8F E9 4F E0
14.4903,STEERING_ECU,0x16C,TX,OK,E0 A4 EC CA 06 83 2B 1F
14.4942,STEERING_ECU,0x17A,TX,OK,A4 93 A0 58 50 4C DC 57
14.496,AIRBAG_ECU,0x186,TX,CRC_FAIL,83 79 49 C1 34 BE 73 F5
14.4993,ABS_ECU,0x116,TX,TIMEOUT,4E 04 BD C4 60 9B 6D D6
14.5041,DASHBOARD,0x1DC,RX,ERROR,55 EA 3A 72 18 62 EE 85
14.5081,ENGINE_ECU,0x118,TX,OK,9D 04 19 91 CD EA D8 89
14.5097,AIRBAG_ECU,0x1F5,TX,OK,F0 EE 1D 48 62 E3 83 C2
14.514,AIRBAG_ECU,0x1E3,TX,OK,40 F5 63 92 AA 10 B6 63
14.5166,ABS_ECU,0x14A,TX,OK,E9 2F 10 96 2A 4E 3F 84
14.5207,ENGINE_ECU,0x191,RX,CRC_FAIL,8F 35 CA 66 D5 01 B3 FB
14.5228,STEERING_ECU,0x1F7,RX,OK,D7 E8 F5 C7 35 AD 07 EA
14.5259,AIRBAG_ECU,0x1E4,TX,OK,7E BD 29 A5 4C F1 C2 C8
14.5276,ENGINE_ECU,0x12C,TX,OK,E7 EF 74 6F 5F 1E 23 33
14.5321,STEERING_ECU,0x11E,TX,OK,19 DD 1B 51 34 FD 75 62
14.5353,DASHBOARD,0x1D9,TX,OK,99 D5 F5 7A BD A2 6F 22
14.5392,ENGINE_ECU,0x188,TX,OK,2E 28 50 F4 68 87 0C CD
14.5411,AIRBAG_ECU,0x152,RX,OK,1A 30 A5 DF A8 D8 AA 6C
14.5449,ENGINE_ECU,0x14C,RX,OK,E0 24 9C FD B0 92 8B E7
14.5462,DASHBOARD,0x1C4,TX,OK,72 5D 73 D0 AA 39 A6 4A
14.5484,DASHBOARD,0x1F9,TX,OK,91 3C 40 E2 D1 49 9F E0
14.5501,DASHBOARD,0x16F,RX,OK,8B 3A F0 BB 3D 98 65 B7
14.5548,DASHBOARD,0x11F,TX,OK,E6 A5 D6 39 32 A1 A6 07
14.559,ENGINE_ECU,0x145,RX,OK,17 90 9D 96 58 38 DB FA
14.5632,ENGINE_ECU,0x10C,RX,OK,B8 8F E9 10 3E 61 B5 1E
14.5674,ABS_ECU,0x191,RX,OK,6A 5F DE 4D 8A DB B3 8B
14.5703,STEERING_ECU,0x1F0,RX,OK,1A 6E AE 89 94 8F 5B D6
14.5739,STEERING_ECU,0x1C1,RX,OK,A1 A5 EB AC 99 89 A1 A0
14.5766,ENGINE_ECU,0x10E,RX,OK,CB 06 69 17 05 AC 2F 8E
14.5815,AIRBAG_ECU,0x123,RX,OK,9D 14 6F 85 B6 4C D0 4D
14.5834,AIRBAG_ECU,0x15D,TX,OK,DC 56 92 42 68 CC 0D 6A
14.5853,STEERING_ECU,0x1AB,TX,OK,BC DF E3 B7 E6 55 8E D4
14.5891,AIRBAG_ECU,0x1E5,RX,OK,46 E9 B6 4F 25 52 4B 82
14.5912,ENGINE_ECU,0x128,TX,OK,05 7D 0D EE 76 EB 01 DE
14.5942,ENGINE_ECU,0x121,TX,OK,78 4E C9 24 EF 14 9C CB
14.596,ABS_ECU,0x162,TX,OK,11 93 4E C0 9A B0 C0 8F
14.5983,STEERING_ECU,0x170,RX,OK,70 B5 A6 0E FC 01 78 B0
14.6002,STEERING_ECU,0x162,TX,OK,CD 41 37 99 BC 05 28 AB
14.6035,AIRBAG_ECU,0x144,TX,OK,38 2E C2 C6 22 F1 4D F7
14.6051,ABS_ECU,0x10F,TX,OK,53 E2 84 70 19 00 1C AE
14.6067,DASHBOARD,0x18F,TX,OK,AF 8F 9D C1 6C 92 49 E6
14.6093,STEERING_ECU,0x1F5,TX,OK,79 F9 46 C1 52 E9 F7 98
14.6129,AIRBAG_ECU,0x116,RX,TIMEOUT,C1 6E DC 52 8B 10 DD ED
14.6179,ABS_ECU,0x1D3,RX,TIMEOUT,AE 5A 8F F4 88 61 DD 3C
14.6223,AIRBAG_ECU,0x1F7,RX,OK,5B 31 69 9C 09 18 4B D6
14.6254,DASHBOARD,0x186,TX,OK,5B EB 3A 7F B4 EB EB F1
14.63,STEERING_ECU,0x1E8,RX,OK,E8 7F 4A 45 29 90 B3 08
14.6339,STEERING_ECU,0x106,TX,OK,22 02 0C 75 B2 C3 87 F9
14.6354,ABS_ECU,0x1F7,RX,ERROR,4A D8 AC 5C F6 D0 A8 EA
14.6388,AIRBAG_ECU,0x10B,RX,OK,0A 98 27 CC 07 28 6E 26
14.6413,STEERING_ECU,0x1A9,TX,ERROR,FA 59 27 A1 59 B7 C7 1C
14.6462,STEERING_ECU,0x13A,TX,OK,61 33 B8 57 2D BB DA 92
14.6509,ENGINE_ECU,0x13C,RX,OK,D5 09 59 17 1D D1 DE 7F
14.6523,DASHBOARD,0x102,RX,ERROR,4E F1 AC 1B E6 A3 60 1E
14.6559,ABS_ECU,0x1D1,RX,OK,A4 93 79 03 0B B2 26 6D
14.6607,DASHBOARD,0x1B6,RX,OK,07 B8 11 BC 0D 82 EC BF
14.6645,AIRBAG_ECU,0x15A,RX,OK,51 4F 98 A3 98 DD DB 75
14.667,ENGINE_ECU,0x198,RX,OK,71 F8 1D 4B FF D3 4D 70
14.6718,AIRBAG_ECU,0x1CC,TX,OK,93 5D 6F EA F1 D8 CB 88
14.6733,DASHBOARD,0x184,RX,OK,EE 7E BD 3F EF 1C D9 04
14.6766,DASHBOARD,0x17B,RX,OK,FE 0F BA E6 C9 55 EF DD
14.6816,ENGINE_ECU,0x148,RX,OK,39 14 A6 EC 41 84 C2 DD
14.6828,ENGINE_ECU,0x1FF,TX,OK,F7 D9 F6 B3 95 CF EC B3
14.6841,ENGINE_ECU,0x19C,RX,ERROR,0B AB 59 65 BC 21 BA DA
14.6887,ENGINE_ECU,0x18B,TX,OK,37 85 F6 DE 20 C6 4F 9E
14.6924,ENGINE_ECU,0x169,TX,OK,6F 50 BD 8F C0 95 59 81
14.6938,DASHBOARD,0x100,TX,OK,5B F7 F6 67 61 4A 9D D2
14.6961,DASHBOARD,0x1E7,RX,OK,E4 82 B3 CE 53 B0 AF E5
14.6993,STEERING_ECU,0x136,RX,CRC_FAIL,8F D6 2C 8F 3C 27 69 60
14.7037,STEERING_ECU,0x19E,RX,OK,AC 69 7E B6 FD 00 7C 3C
14.7081,ABS_ECU,0x198,TX,OK,69 09 B8 5E 40 0E D9 93
14.7106,DASHBOARD,0x175,RX,OK,22 4D 1D 07 3F A8 68 AE
14.7136,AIRBAG_ECU,0x166,RX,OK,EA B3 89 E8 7D 0C 52 0D
14.7173,AIRBAG_ECU,0x1B8,TX,OK,4C EC 06 91 2E 77 07 09
14.7209,STEERING_ECU,0x1D8,RX,OK,9F 07 71 C8 A4 37 72 CE
14.7241,DASHBOARD,0x1B6,TX,OK,B8 94 BC 65 9C 49 C1 8B
14.7271,AIRBAG_ECU,0x183,TX,CRC_FAIL,60 F6 C6 8F 74 2B 40 0D
14.7296,ENGINE_ECU,0x178,TX,TIMEOUT,BE 48 E7 4A 8B 95 7A 04
14.7341,DASHBOARD,0x100,RX,OK,81 72 1E 5F F8 7F B9 5A
14.7387,ENGINE_ECU,0x189,TX,OK,96 D2 A2 C5 A9 41 9A 44
14.7435,DASHBOARD,0x19B,RX,CRC_FAIL,DB BD 03 0A 6E AD B7 A4
14.7472,DASHBOARD,0x12F,TX,OK,B4 BF E4 97 62 6F 84 1B
14.7519,STEERING_ECU,0x143,RX,OK,89 98 61 97 E9 43 7C 31
14.7544,AIRBAG_ECU,0x1BF,RX,TIMEOUT,55 7C E5 58 70 4D EC C6
14.7555,DASHBOARD,0x14E,TX,OK,5B D7 5F 52 02 2A 13 7B
14.7594,ABS_ECU,0x149,RX,OK,54 08 88 B9 F8 B5 17 D8
14.762,ENGINE_ECU,0x175,RX,OK,E9 30 19 87 AB 97 D2 E2
14.7655,DASHBOARD,0x143,RX,OK,18 C3 42 B5 F5 2F 21 B5
14.7675,ABS_ECU,0x1A5,TX,OK,0D 31 33 1A 2C F5 9D FC
14.7701,AIRBAG_ECU,0x1EA,TX,OK,95 32 A8 DC 27 78 26 C2
14.7743,ENGINE_ECU,0x12C,TX,CRC_FAIL,64 D8 59 0E 51 88 B3 59
14.7789,STEERING_ECU,0x166,TX,OK,53 A5 D7 CF 61 57 7C C5
14.7806,DASHBOARD,0x187,RX,OK,64 4A 03 28 DA B8 9E 8F
14.7849,DASHBOARD,0x1C2,TX,ERROR,57 27 85 35 A4 51 DD 18
14.7893,DASHBOARD,0x125,RX,CRC_FAIL,41 74 3B 99 AE F3 75 FE
14.792,ABS_ECU,0x15D,TX,OK,07 2B BA 09 D6 36 DE 6B
14.793,STEERING_ECU,0x15E,RX,OK,B1 F6 A4 03 07 A5 DD 72
14.797,STEERING_ECU,0x1B6,RX,OK,61 0C 58 30 C6 6F 3C F8
14.7987,ABS_ECU,0x11B,TX,OK,D1 60 19 7C 9D FF 08 1D
14.8016,AIRBAG_ECU,0x17E,TX,OK,FD 8D 0E 2C 3E AF CD 64
14.8066,ABS_ECU,0x183,RX,OK,0E EB 78 78 6E 0E 2E 59
14.8109,DASHBOARD,0x163,TX,OK,1E 8D 18 A2 98 C3 72 23
14.8159,DASHBOARD,0x17B,RX,OK,8C EE 73 50 57 7A 33 DE
14.8203,DASHBOARD,0x1CF,TX,TIMEOUT,D9 5D CF D0 74 3E BE 16
14.8251,AIRBAG_ECU,0x1C8,RX,OK,8F 20 6A 62 B7 6B 7C 90
14.8287,DASHBOARD,0x12D,TX,CRC_FAIL,92 73 B1 61 D4 DD 0B 51
14.8305,ABS_ECU,0x13F,RX,ERROR,61 35 27 45 1B 01 48 89
14.8345,AIRBAG_ECU,0x1EF,RX,OK,23 4A E9 47 6A D7 1F 39
14.8355,DASHBOARD,0x1B1,RX,OK,CD 1E 67 B6 6C 8F D2 7E
14.839,ENGINE_ECU,0x134,TX,OK,F0 F1 A4 AA 7D 3D 29 DC
14.8414,ENGINE_ECU,0x121,TX,OK,8A 14 7D 3D 23 15 69 A8
14.8462,ENGINE_ECU,0x103,RX,OK,72 00 96 49 1F 29 1F 82
14.8496,ABS_ECU,0x197,RX,ERROR,DD 8E ED FD 59 82 E7 97
14.8517,STEERING_ECU,0x1F1,TX,OK,49 77 D3 3A 63 A2 50 CB
14.8535,ABS_ECU,0x1B6,RX,OK,1E 19 7E 05 A7 10 F8 91
14.8557,AIRBAG_ECU,0x182,RX,OK,E9 16 D3 AA 80 7E F3 75
14.86,ABS_ECU,0x11E,RX,OK,0E A5 06 9F 4B A2 7D 1E
14.8636,AIRBAG_ECU,0x1C2,RX,OK,A0 87 C2 CB 86 6A 9A 14
14.8676,DASHBOARD,0x1BA,RX,OK,C3 F9 45 1D 91 F9 B0 B3
14.8704,AIRBAG_ECU,0x126,TX,OK,E5 88 FD 6C 5C F4 A6 B8
14.8734,ENGINE_ECU,0x158,RX,CRC_FAIL,A6 7C 5B 2C 10 07 84 00
14.8749,DASHBOARD,0x1A1,RX,OK,06 FE 4C C4 F9 B6 4B 61
14.8775,ENGINE_ECU,0x19E,RX,OK,95 C6 81 9C 89 BE AF 0D
14.88,ENGINE_ECU,0x18A,RX,OK,4D 6C 73 04 ED 4F 6E 4A
14.8832,STEERING_ECU,0x161,TX,OK,B0 13 56 50 DA F6 3D 28
14.8849,ABS_ECU,0x154,TX,OK,72 EE DE 7D 65 62 D6 B7
14.8867,ENGINE_ECU,0x1EE,TX,TIMEOUT,A7 35 CA F6 B3 F6 2A 4C
14.8903,DASHBOARD,0x1FE,TX,OK,0C 8E 53 D6 7C 2A CA 26
14.8948,ENGINE_ECU,0x1E2,TX,OK,F6 A0 14 5B 79 85 69 3A
14.8985,ABS_ECU,0x144,RX,OK,DE 65 EC 55 8D C8 F9 47
14.9014,DASHBOARD,0x11E,RX,TIMEOUT,18 93 1D 3D 6C 46 3B B2
14.9039,STEERING_ECU,0x1A9,TX,OK,4A CA FC CD CC D6 5A 3A
14.9058,DASHBOARD,0x166,TX,OK,25 FB 04 3F 5A 38 AA 95
14.9071,ENGINE_ECU,0x1B2,TX,OK,9A 78 42 0D 1F A8 43 7F
14.9096,DASHBOARD,0x1A9,RX,ERROR,E5 69 84 8F C1 32 94 A2
14.9134,STEERING_ECU,0x1E7,TX,CRC_FAIL,0A 9F 57 93 B9 9F 0C 29
14.9147,DASHBOARD,0x139,RX,OK,8C A0 6B 81 BA 53 3F 8B
14.9185,STEERING_ECU,0x1FE,RX,TIMEOUT,FC B4 75 30 D5 07 48 44
14.9212,ABS_ECU,0x145,TX,OK,89 D4 02 82 33 35 CF EE
14.923,STEERING_ECU,0x1E0,TX,CRC_FAIL,B0 01 2E 46 8F 6A 90 D1
14.9245,ABS_ECU,0x1DA,RX,TIMEOUT,9B 9C B5 5C 1F F6 5C C2
14.9277,ENGINE_ECU,0x11D,TX,OK,35 A9 55 5B 64 8A 52 36
14.9299,DASHBOARD,0x1EF,TX,OK,AC 9D 7C 5E 70 FC 8F 10
14.9331,AIRBAG_ECU,0x190,TX,ERROR,FE 7A 52 38 43 AA 5F 6B
14.9354,ABS_ECU,0x11B,RX,ERROR,E0 1D 29 CC AC D7 85 74
14.9403,STEERING_ECU,0x1E0,RX,OK,0E DF 4D 5C 19 C0 CB 8A
14.9434,STEERING_ECU,0x192,RX,OK,8D E5 4D E6 2A AF CA 7B
14.9479,ABS_ECU,0x159,TX,OK,12 70 F7 AB 0B 38 38 E0
14.9528,STEERING_ECU,0x15F,TX,OK,7F CF 74 A1 F4 48 52 30
14.956,ABS_ECU,0x124,TX,OK,BA F2 76 21 98 5F 0A E4
14.9594,ENGINE_ECU,0x168,TX,OK,A0 A5 83 24 84 4F 30 0D
14.9629,DASHBOARD,0x192,RX,OK,95 C5 A0 17 6B EF 03 64
14.9656,DASHBOARD,0x102,TX,ERROR,CD AE 51 B4 43 AE 9E 63
14.9672,ABS_ECU,0x1F4,RX,OK,5E 74 32 10 A8 0A 70 75
14.9712,STEERING_ECU,0x13F,RX,OK,47 06 F6 18 4F B4 8D 9A
14.976,ENGINE_ECU,0x1F5,TX,OK,C5 C2 96 CF E8 3D 0C EA
14.9781,AIRBAG_ECU,0x131,RX,OK,10 0A A8 FC FE 13 F9 16
14.9792,STEERING_ECU,0x12A,RX,OK,09 0D E0 1D BE 6C AA D0
14.9838,ABS_ECU,0x119,RX,OK,AB 26 89 F4 39 0B B4 AA
14.9881,AIRBAG_ECU,0x135,TX,ERROR,36 51 37 8B 1E 14 55 F0
14.9908,ENGINE_ECU,0x1CD,RX,CRC_FAIL,CE 19 C8 07 A8 3F FF 7B
14.9927,ABS_ECU,0x133,RX,OK,82 6E 06 8D 47 67 99 8C
